id,question,cot,answer,unit
TD387,"A capacitor C = 5 μF is charged to 20 V. It is then connected in series with an uncharged capacitor C'. The entire circuit has a total voltage of 20 V. If the final charge on C is 30 μC, find C'.","Step 1: Identify the final charge on C as Q = 30 μC.
Step 2: Calculate the final voltage across C: V_C = Q / C = 30 μC / 5 μF = 6 V.
Step 3: Use the series rule for voltage: V_total = V_C + V_C'.
Step 4: Solve for the voltage across C': V_C' = 20 V - 6 V = 14 V.
Step 5: Since capacitors in series have the same charge, Q_C' = 30 μC.
Step 6: Calculate C': C' = Q_C' / V_C' = 30 μC / 14 V ≈ 2.14 μF.",2.140,μF
TD027,A parallel-plate capacitor with a capacitance of 47.93 pF is charged to a voltage of 70.1 V. Calculate the charge stored by the capacitor.,"Step 1: Identify the given values: C = 47.93 pF, V = 70.1 V.
Step 2: Convert the capacitance to SI units: C = 47.93 × 10^-12 F.
Step 3: Recall the formula for the charge (Q) stored on a capacitor: Q = C × V.
Step 4: The charge stored by the capacitor is approximately 3.36 nC.",3.36,nC
TD005,An air-filled parallel-plate capacitor with capacitance C = 2 pF is charged to a voltage U = 600 V. Calculate the charge Q of the capacitor.,"Step 1: Identify the given values from the question.
Step 2: Convert the capacitance from picofarads (pF) to farads (F): C = 2 pF = 2 × 10^-12 F.
Step 3: Recall the formula relating charge (Q), capacitance (C), and voltage (U): Q = C × U.
Step 4: The charge stored on the capacitor is 1.2 nC.",1.2,nC
TD069,A parallel-plate capacitor with a capacitance of 32.48 pF is charged to a voltage of 162.4 V. Calculate the charge stored by the capacitor.,"Step 1: Identify the given values: C = 32.48 pF, V = 162.4 V.
Step 2: Convert the capacitance to SI units: C = 32.48 × 10^-12 F.
Step 3: Recall the formula for the charge (Q) stored in a capacitor: Q = C × V.
Step 4: The charge stored by the capacitor is approximately 5.27 nC.",5.27,nC
TD061,An air parallel-plate capacitor has a capacitance of 12.71 pF and is charged to a potential difference of 57.2 V. Calculate the electric field energy stored in the capacitor.,"Step 1: Identify the given capacitance (C) and potential difference (V).
Step 2: Convert the capacitance from picofarads (pF) to farads (F).
Step 3: Use the formula for the electric field energy (U) stored in a capacitor: U = 0.5 × C × V^2.
Step 4: The electric field energy stored in the capacitor is approximately 20.8 nJ.",20.8,nJ
TD056,An air-filled parallel plate capacitor has a plate area of 47.7 cm² and the distance between the two plates is 1.33 mm. Calculate the capacitance of the capacitor.,"Step 1: Identify the given values: A = 47.7 cm^2, d = 1.33 mm.
Step 2: Convert the units to SI: A = 47.7 × 10^-4 m^2 and d = 1.33 × 10^-3 m.
Step 3: Recall the capacitance formula for a parallel-plate capacitor: C = κ × ε₀ × (A / d), where ε₀ is the permittivity of free space (approximately 8.854 × 10⁻¹² F/m for air).
Step 4: The capacitance of the capacitor is approximately 31.75 pF.",31.75,pF
TD034,A parallel-plate air capacitor has a capacitance of 22.53 pF and is charged to a potential difference of 20.5 V. Calculate the electric field energy stored in the capacitor.,"Step 1: Identify the given capacitance (C) and potential difference (V).
Step 2: Convert the capacitance from picofarads (pF) to farads (F).
Step 3: Use the formula for the electric field energy (U) stored in a capacitor: U = 0.5 × C × V^2.
Step 4: The electric field energy stored in the capacitor is approximately 4.73 nJ.",4.73,nJ
TD025,An air-filled parallel-plate capacitor has a capacitance of 49.11 pF and is charged to a potential difference of 66.3 V. Calculate the electric field energy stored in the capacitor.,"Step 1: Identify the given capacitance (C) as 49.11 pF and the potential difference (V) as 66.3 V.
Step 2: Recall the formula for the electric field energy (U) stored in a capacitor: U = (1 / 2) × (C × V^2).
Step 3: Convert the capacitance from picofarads (pF) to farads (F): C = 49.11 × 10^-12 F.
Step 4: The electric field energy stored in the capacitor is approximately 107.96 nJ.",107.96,nJ
TD363,A capacitor has a capacitance of 1 μF. What voltage must be applied to the capacitor for it to have a charge of 10 μC?,"Step 1: Identify the given capacitance C = 1 μF and charge Q = 10 μC.
Step 2: Use the formula relating charge, capacitance, and voltage: Q = C × V.
Step 3: Rearrange the formula to solve for voltage: V = Q / C.
Step 4: Substitute the values: V = 10 μC / 1 μF = 10 V.",10,V
TD021,A parallel-plate capacitor has a capacitance of 42.64 pF and is charged with a potential difference of 122.7 V. Calculate the electric charge that the capacitor stores.,"Step 1: Identify the given values: C = 42.64 pF, V = 122.7 V
Step 2: Convert the capacitance to SI units: C = 42.64 × 10^-12 F.
Step 3: The formula to calculate the electric charge (Q) stored in a capacitor is Q = C × V.
Step 4: The electric charge stored on the capacitor is approximately 5.23 nC.",5.23,nC
TD375,A capacitor has a capacitance of 4 μF. What voltage must be applied to it for it to store 1 mJ of energy?,"Step 1: Identify C = 4 μF and energy W = 1 mJ = 1000 μJ.
Step 2: Use the formula V = √(2W / C).
Step 3: Substitute the values: V = √(2 × 1000 × 10⁻⁶ / 4 × 10⁻⁶).
Step 4: Calculate: V = √500 ≈ 22.36 V.",22.36,V
TD167,A parallel-plate air capacitor has a capacitance of 27.62 pF and is charged to a potential difference of 108.8 V. Calculate the electric field energy stored in the capacitor. Give your answer rounded to onedecimal places.,"Step 1: Identify and convert the given values. The capacitance C = 27.62 × 10⁻¹² F and the voltage V = 108.8 V.
Step 2: State the formula for the energy stored in the electric field, U = 1/2 × C × V².
Step 3: Substitute the values into the formula.
U = 1/2 × (27.62 × 10⁻¹² F) × (108.8 V)² ≈ 163.4 nJ",163.4,nJ
TD007,"A parallel-plate air capacitor with a capacitance of C = 2pF is charged to a potential difference of U = 600 V. The capacitor is then disconnected from the power source, and its plates are moved apart so that the distance between them doubles. Calculate the new potential difference, U1.","Step 1: The initial capacitance (C) is 2 pF and the initial potential difference (U) is 600 V.
Step 2: When the capacitor is disconnected from the power source, the charge (Q) on its plates remains constant.
Step 3: The capacitance of a parallel-plate capacitor is inversely proportional to the distance (d) between its plates (C = ε₀ × A / d).
Step 4: If the plate separation doubles, the new capacitance (C1) will be half of the original capacitance (C), so C1 = C / 2.
Step 5: Use the relation U = Q / C. Since Q is constant, the potential difference is inversely proportional to the capacitance (U is proportional to 1 / C).
Step 6: The new potential difference U1 between the plates is 1200 V.",1200,V
TD006,"An air-filled parallel-plate capacitor with capacitance C = 2 pF is charged to a voltage of U = 600 V. The capacitor is then disconnected from the source, and its plates are moved apart such that the distance between them is doubled. Calculate the new capacitance C1.","Step 1: The initial capacitance of the air-filled parallel-plate capacitor is given as C = 2 pF.
Step 2: The capacitance of a parallel-plate capacitor is inversely proportional to the distance between its plates, meaning C is proportional to 1 / d.
Step 3: The problem states that the plates are moved apart such that the distance between them is doubled, meaning the new distance d1 = 2d.
Step 4: Since the capacitance is inversely proportional to the distance, doubling the distance will halve the capacitance, so the new capacitance C1 = C / 2.
Step 5: The new capacitance C1 of the capacitor is 1 pF.",1,pF
TD022,A parallel-plate air capacitor has a capacitance of 42.64 pF and is charged to a potential difference of 122.7 V. Calculate the electric field energy stored in the capacitor.,"Step 1: Identify the given capacitance (C) as 42.64 pF and the potential difference (V) as 122.7 V.
Step 2: Convert the capacitance from picofarads (pF) to farads (F): C = 42.64 × 10⁻¹² F.
Step 3: Use the formula for the energy (U) stored in a capacitor: U = (1/2)CV².
Step 4: Substitute the values into the formula: U = (1/2) × (42.64 × 10⁻¹² F) × (122.7 V)².
Step 5: The electric field energy stored in the capacitor is approximately 320.83 nJ.",320.83,nJ
TD054,A flat capacitor has a capacitance of 60.70 pF and is charged to a voltage of 129.2 V. Calculate the charge stored by the capacitor.,"Step 1: Identify the given values: C = 60.70 pF, V = 129.2 V.
Step 2: Convert the capacitance to SI units: C = 60.70 × 10^-12 F.
Step 3: Recall the formula for the charge (Q) stored in a capacitor: Q = C × V.
Step 4: The charge stored by the capacitor is approximately 7.84 nC.",7.84,nC
TD058,An air-filled parallel-plate capacitor has a capacitance of 31.89 pF and is charged to a voltage of 147.0 V. Calculate the electric field energy stored in the capacitor.,"Step 1: Identify the given capacitance (C) and potential difference (V).
Step 2: Convert the capacitance from picofarads (pF) to farads (F).
Step 3: Use the formula for the electric field energy (U) stored in a capacitor: U = 0.5 × C × V^2.
Step 4: The electric field energy stored in the capacitor is approximately 344.56 nJ.",344.56,nJ
TD188,A parallel-plate air capacitor has a capacitance of 26.97 pF and is charged to a voltage of 110.1 V. Calculate the electric field energy stored in the capacitor. Give your answer rounded to one decimal places.,"Step 1: Identify and convert the given values. The capacitance C = 26.97 × 10⁻¹² F and the voltage V = 110.1 V.
Step 2: State the formula for the energy stored in the electric field, U = 1/2 × C × V².
Step 3: Substitute the values into the formula to calculate the stored energy.
U = 1/2 × (26.97 × 10⁻¹² F) × (110.1 V)² ≈ 163.5 nJ",163.3,nJ
TD378,"A capacitor has C = 4 μF. If the desired stored energy is 0.5 mJ, what is the required voltage?","Step 1: Identify C = 4 μF and W = 0.5 mJ = 500 μJ.
Step 2: Use the formula V = √(2W / C).
Step 3: Substitute the values: V = √(2 × 500 × 10⁻⁶ / 4 × 10⁻⁶).
Step 4: Calculate: V = √250 ≈ 15.81 V.",15.81,V
TD398,"A parallel-plate capacitor has a dielectric constant (or relative permittivity) **ε = 3**, plate separation **d = 0.5 mm**, and plate area **S = 250 cm²**. If a voltage **U = 50 V** is applied across it, calculate the energy stored in the electric field.","Step 1: List values: εr = 3, d = 0.0005 m, S = 0.025 m², U = 50 V.
Step 2: Calculate capacitance: C = (3 × 8.854 × 10⁻¹² × 0.025) / 0.0005 = 1.3281 × 10⁻⁹ F.
Step 3: Use energy formula: W = 0.5 × C × U².
Step 4: Calculate: W = 0.5 × 1.3281 × 10⁻⁹ × 50² ≈ 1.66 μJ.",1.66,nJ
TD367,"A capacitor has a capacitance of 2 μF, and a voltage U is applied across it. If U is doubled, how many times will the electric field energy increase?","Step 1: State the energy formula: W = 0.5 × C × V².
Step 2: Note that energy is proportional to the square of the voltage (W ∝ V²).
Step 3: If the voltage is doubled (V_new = 2V), the energy increases by a factor of 2².
Step 4: Conclude that the energy increases by 4 times.",4,lần
TD049,An air-filled parallel-plate capacitor has a capacitance of 51.55 pF and is charged to a potential difference of 158.2 V. Calculate the electric field energy stored in the capacitor.,"Step 1: Identify the given capacitance (C) and potential difference (V).
Step 2: Convert the capacitance from picofarads (pF) to farads (F).
Step 3: Use the formula for the electric field energy (U) stored in a capacitor: U = 0.5 × C × V^2.
Step 4: The electric field energy stored in the capacitor is approximately 645.08 nJ.",645.08,nJ
TD392,"A parallel-plate capacitor has a dielectric constant ε = 2, an area of 400 cm², and a plate separation of d = 0.5 mm. A voltage of U = 100 V is applied across it. Calculate the electric field energy density.","Step 1: Identify the given values: εr = 2, d = 0.0005 m, and U = 100 V.
Step 2: Calculate the electric field strength: E = U / d = 100 / 0.0005 = 200,000 V/m.
Step 3: Use the formula for energy density: u = 0.5 × ε₀ × εr × E².
Step 4: Substitute values: u = 0.5 × 8.854 × 10⁻¹² × 2 × (200,000)² ≈ 0.354 J/m³.",0.354,J/m³
TD166,A parallel-plate capacitor has a capacitance of 27.62 pF and is charged to a voltage of 108.8 V. Calculate the charge on the capacitor. Give your answer rounded to three decimal places.,"Step 1: Identify the given capacitance (C) and voltage (V) from the question.
 Step 2: State the formula for the charge (Q) on a capacitor: Q = C × V.
 Step 3: Substitute the given values, C = 27.62 pF and V = 108.8 V, into the formula.
 Step 4: Calculate the charge Q = 27.62 pF × 108.8 V.",3.005,nC
TD055,An air capacitor has a capacitance of 60.70 pF and is charged to a voltage of 129.2 V. Calculate the energy stored in the capacitor.,"Step 1: Identify the given capacitance (C) and potential difference (V).
Step 2: Convert the capacitance from picofarads (pF) to farads (F).
Step 3: Use the formula for the electric field energy (U) stored in a capacitor: U = 0.5 × C × V^2.
Step 4: The electric field energy stored in the capacitor is approximately 506.62 nJ.",506.62,nJ
TD173,A parallel-plate air capacitor has a capacitance of 22.38 pF and is charged to a voltage of 112.2 V. Calculate the energy stored in the capacitor. Give your answer rounded to the nearest integer.,"Step 1: Identify and convert the given values. The capacitance C = 22.38 × 10⁻¹² F and the voltage V = 112.2 V.
Step 2: State the formula for the energy stored in the electric field, U = 1/2 × C × V².
Step 3: Substitute the values into the formula.
U = 1/2 × (22.38 × 10⁻¹² F) × (112.2 V)² ≈ 141 nJ",141,nJ
TD374,"A capacitor C = 3 μF, is charged at 12 V, then its two plates are short-circuited. Calculate the charge and energy after short-circuiting.","Step 1: Recognize that short-circuiting a capacitor provides a path for the plates to neutralize.
Step 2: The stored charge flows until the potential difference is zero.
Step 3: Determine the final charge: Q = 0 C.
Step 4: Determine the final energy: W = 0 J.",0; 0,μC; μJ
TD070,An air parallel-plate capacitor has a capacitance of 32.48 pF and is charged at a potential difference of 162.4 V. Calculate the electric field energy stored in the capacitor.,"Step 1: Identify the given capacitance (C) and potential difference (V).
Step 2: Convert the capacitance from picofarads (pF) to farads (F).
Step 3: Use the formula for the electric field energy (U) stored in a capacitor: U = 0.5 × C × V^2.
Step 4: The electric field energy stored in the capacitor is approximately 428.31 nJ.",428.31,nJ
TD402,"Calculate the capacitance C of the capacitor, given that it stores Q = 3 mC when fully charged under U = 30 V.","Step 1: Identify the given values from the question: the charge Q = 3 mC and the voltage U = 30 V.
Step 2: Recall the formula for capacitance, which is C = Q / U.
Step 3: Convert the charge to the standard unit (Coulombs): Q = 3 mC = 3 × 10⁻³ C.
Step 4: Substitute the values into the formula: C = (3 × 10⁻³ C) / (30 V).",100,μF
TD039,A parallel-plate capacitor with a capacitance of 11.95 pF is charged to a voltage of 50.1 V. Calculate the charge stored by the capacitor.,"Step 1: Identify the given values: C = 11.95 pF, V = 50.1 V.
Step 2: Convert the capacitance to SI units: C = 11.95 × 10^-12 F.
Step 3: Recall the formula for the charge (Q) stored in a capacitor: Q = C × V.
Step 4: The charge stored by the capacitor is approximately 0.6 nC.",0.6,nC
TD389,A parallel plate capacitor has a charge of 80 μC and a voltage of 400 V. Calculate the attractive force between the two plates if the area S = 50 cm².,"Step 1: Identify the given charge Q = 80 μC and area S = 50 cm².
Step 2: Convert to SI units: Q = 80 × 10⁻⁶ C and S = 0.005 m².
Step 3: Recall the formula for the attractive force between plates: F = Q² / (2 × ε₀ × S).
Step 4: Using ε₀ ≈ 8.854 × 10⁻¹² F/m, substitute the values into the formula.
Step 5: Calculate the result: F = (80 × 10⁻⁶)² / (2 × 8.854 × 10⁻¹² × 0.005) ≈ 7.23 x 10^4 N.",7.23*10^4,mN
TD086,A parallel-plate air capacitor has a plate area of 26.8 cm² and a plate separation of 0.86 mm. Calculate its capacitance.,"Step 1: Identify the given values: A = 26.8 cm^2, d = 0.86 mm.
Step 2: Convert the units to SI: A = 26.8 × 10^-4 m^2 and d = 0.86 × 10^-3 m.
Step 3: Recall the capacitance formula for a parallel-plate capacitor: C = κ × ε₀ × (A / d), where ε₀ is the permittivity of free space (approximately 8.854 × 10⁻¹² F/m for air).
Step 4: The capacitance of the capacitor is approximately 27.59 pF.",27.59,pF
TD373,"A capacitor has a voltage of 10 V and a capacitance of 8 μF. If it's replaced by another capacitor with a capacitance of 4 μF, while maintaining the same voltage, what is the reduction in energy?","Step 1: Calculate initial energy W1 = 0.5 × 8 μF × (10 V)² = 400 μJ.
Step 2: Calculate final energy W2 = 0.5 × 4 μF × (10 V)² = 200 μJ.
Step 3: Find the reduction in energy: ΔW = W1 - W2.
Step 4: Calculate: ΔW = 400 μJ - 200 μJ = 200 μJ . The energy is reduced by 50%",50%,
TD038,A parallel-plate air capacitor has a plate area of 12.8 cm² and a plate separation of 0.95 mm. Calculate the capacitance of the capacitor.,"Step 1: Identify the given values: A = 12.8 cm^2, d = 0.95 mm.
Step 2: Convert the units to SI: A = 12.8 × 10^-4 m^2 and d = 0.95 × 10^-3 m.
Step 3: Recall the capacitance formula for a parallel-plate capacitor: C = κ × ε₀ × (A / d), where ε₀ is the permittivity of free space (approximately 8.854 × 10⁻¹² F/m for air).
Step 4: The capacitance of the capacitor is approximately 11.93 pF.",11.93,pF
TD385,"A parallel-plate capacitor with a capacitance of 100 pF is charged to 200 V. The power source is then disconnected, and the distance between its plates is doubled. Calculate the electrical energy stored in the capacitor after this change.","Step 1: Identify initial values: C_initial = 100 pF, V_initial = 200 V.
Step 2: Calculate initial charge: Q = C_initial × V_initial = 100 pF × 200 V = 20,000 pC = 20 nC.
Step 3: Since the source is disconnected, charge Q remains constant at 20 nC.
Step 4: Doubling the distance (d) halves the capacitance: C_final = 100 pF / 2 = 50 pF.
Step 5: Calculate final energy using W = Q² / (2 × C_final).
Step 6: W = (20 × 10⁻⁹)² / (2 × 50 × 10⁻¹²) = (400 × 10⁻¹⁸) / (100 × 10⁻¹²) = 4 × 10⁻⁶ J = 4 μJ.",4.000,μJ
TD085,An air-filled parallel plate capacitor has a capacitance of 40.31 pF and is charged to a potential difference of 100.2 V. Calculate the electric field energy stored in the capacitor.,"Step 1: Identify the given capacitance (C) and potential difference (V).
Step 2: Convert the capacitance from picofarads (pF) to farads (F).
Step 3: Use the formula for the electric field energy (U) stored in a capacitor: U = 0.5 × C × V^2.
Step 4: The electric field energy stored in the capacitor is approximately 202.36 nJ.",202.36,nJ
TD393,A capacitor C = 10 μF is charged to U = 100 V. The capacitor plates are then split in half without any charge leakage. Calculate the new capacitance.,"Step 1: Recall the capacitance formula: C = ε₀ × S / d.
Step 2: Note that the capacitance is directly proportional to the area of the plates.
Step 3: Since the plates are split in half, the effective area S is halved.
Step 4: Calculate the new capacitance: C_new = 10 μF / 2 = 5 μF",5.000,μF
TD386,"A parallel-plate capacitor is placed in a dielectric (ε = 4), with plate area S = 300 cm² and separation d = 1 mm. If the dielectric is replaced with one where ε = 2, how does the capacitance change?","Step 1: Use the formula C = (ε × ε₀ × S) / d.
Step 2: Note that for a fixed area and distance, capacitance is directly proportional to the dielectric constant (C ∝ ε).
Step 3: Compare the new dielectric (ε2 = 2) to the old one (ε1 = 4).
Step 4: The ratio is ε2 / ε1 = 2 / 4 = 1/2.
Step 5: Conclude that the capacitance decreases by half.",decreases by half,
TD096,"Two capacitors with capacitances C1 = 3 μF and C2 = 5 μF, respectively, are charged to U1 = 100 V and U2 = 250 V. After connecting their like-signed terminals (e.g., positive to positive, negative to negative), calculate the voltage across the capacitor combination.","Step 1: Calculate the initial charge Q1 on capacitor C1 using Q = C × U.
Step 2: Calculate the initial charge Q2 on capacitor C2 using Q = C × U.
Step 3: When capacitors are connected with like-signed terminals, the total charge is the sum of individual charges.
Step 4: When connected in parallel, the equivalent capacitance is the sum of individual capacitances.
Step 5: Calculate the final voltage (V) across the combination using V = Q_total / C_eq.
Step 6: The final voltage across the combination is 193.75 V.",193.75,V
TD023,A parallel plate air capacitor has a plate area of 44.1 cm² and the distance between the two plates is 0.79 mm. Calculate the capacitance of the capacitor.,"Step 1: Identify the formula for the capacitance of a parallel plate capacitor, which is C = (ε × A) / d, where ε₀ is the permittivity of free space (approximately 8.854 × 10⁻¹² F/m for air).
Step 2: Convert the the given values to SI units: A = 44.1 × 10⁻⁴ m², d = 0.79 × 10⁻³ m.
Step 3: The capacitance of the capacitor is approximately 49.4 pF.",49.4,pF
TD090,A parallel-plate capacitor has a capacitance of 31.11 pF and is charged to a voltage of 76.4 V. Calculate the charge stored by the capacitor.,"Step 1: Identify the given values: C = 31.11 pF, V = 76.4 V.
Step 2: Convert the capacitance to SI units: C = 31.11 × 10^-12 F.
Step 3: Recall the formula for the charge (Q) stored in a capacitor: Q = C × V.
Step 4: The charge stored by the capacitor is approximately 2.38 nC.",2.38,nC
TD087,A parallel-plate capacitor has a capacitance of 27.63 pF and is charged to a potential difference of 91.9 V. Calculate the charge stored by the capacitor.,"Step 1: Identify the given values: C = 27.63 pF, V = 91.9 V.
Step 2: Convert the capacitance to SI units: C = 27.63 × 10^-12 F.
Step 3: Recall the formula for the charge (Q) stored in a capacitor: Q = C × V.
Step 4: The charge stored by the capacitor is approximately 2.54 nC.",2.54,nC
TD066,A parallel-plate capacitor with a capacitance of 19.75 pF is charged to a voltage of 131.9 V. Calculate the charge stored by the capacitor.,"Step 1: Identify the given values: C = 19.75 pF, V = 131.9 V.
Step 2: Convert the capacitance to SI units: C = 19.75 × 10^-12 F.
Step 3: Recall the formula for the charge (Q) stored in a capacitor: Q = C × V.
Step 4: The charge stored by the capacitor is approximately 2.61 nC.",2.61,nC
TD010,"A parallel-plate capacitor in air is connected to a 50 V power source. The capacitor is then disconnected from the source, and the distance between its plates is doubled. What is the voltage across the capacitor at that point?","Step 1: Identify the initial voltage across the capacitor when connected to the power source.
Step 2: Note that when a capacitor is disconnected from its power source, the charge (Q) stored on its plates remains constant.
Step 3: Recall the formula for the capacitance of a parallel-plate capacitor: C = (ε₀ × A) / d, where ε₀ is the permittivity of free space, A is the plate area, and d is the plate separation.
Step 4: Determine how the capacitance changes when the plate distance is doubled. If the initial capacitance is C1 for distance d1, the new capacitance C2 for distance d2 = 2×d1 will be C2 = (ε₀ × A) / (2×d1) = C1 / 2.
Step 5: Use the relation U = Q / C. Since Q is constant, the potential difference is inversely proportional to the capacitance (U is proportional to 1 / C).
Step 6: The new voltage across the capacitor is 100 V.",100,V
TD176,An air-filled parallel-plate capacitor has a capacitance of 23.22 pF and is charged to a voltage of 77.7 V. Calculate the electric field energy stored in the capacitor. Give your answer rounded to two decimal places.,"Step 1: Identify and convert the given values. The capacitance C = 23.22 × 10⁻¹² F and the voltage V = 77.7 V.
Step 2: State the formula for the energy stored in the electric field, U = 1/2 × C × V².
Step 3: Substitute the values into the formula.
U = 1/2 × (23.22 × 10⁻¹² F) × (77.7 V)² ≈ 70.09 nJ",70.09,nJ
TD030,A parallel-plate capacitor with a capacitance of 21.96 pF is charged to a voltage of 28.8 V. Calculate the charge stored by the capacitor.,"Step 1: Identify the given values: C = 21.96 pF, V = 28.8 V.
Step 2: Convert the capacitance to SI units: C = 21.96 × 10^-12 F.
Step 3: Recall the formula for the charge (Q) stored in a capacitor: Q = C × V.
Step 4: The charge stored by the capacitor is approximately 0.63 nC.",0.63,nC
TD095,"Two capacitors with capacitances C1 = 4 μF and C2 = 6 μF are charged to U1 = 150 V and U2 = 300 V, respectively. After connecting their like-poled terminals together, what is the final voltage across the combination?","Step 1: Calculate the initial charge (Q1) on capacitor C1 using Q = C × U.
Step 2: Calculate the initial charge (Q2) on capacitor C2 using Q = C × U.
Step 3: When capacitors are connected with like polarities, the total charge (Q_total) is the sum of the individual charges.
Step 4: When capacitors are connected in parallel, the total capacitance (C_total) is the sum of the individual capacitances.
Step 5: Calculate the final voltage (V) across the combination using V = Q_total / C_total.
Step 6: The final voltage across the combination is 240 V.",240,V
TD019,An air-filled parallel-plate capacitor has a capacitance of 15.76 pF and is charged to a voltage of 91.6 V. Calculate the electric field energy stored in the capacitor.,"Step 1: Identify the given values from the question.
Step 2: The capacitance (C) is 15.76 pF and the voltage (V) is 91.6 V.
Step 3: Convert the capacitance from picofarads (pF) to farads (F): C = 15.76 × 10^-12 F.
Step 4: Recall the formula for the energy (U) stored in a capacitor: U = (1/2) × C × V^2.
Step 5: The electric field energy stored in the capacitor is approximately 66.16 nJ.",66.16,nJ
TD074,An air-filled parallel-plate capacitor has a plate area of 48.0 cm² and a separation between the plates of 0.52 mm. Calculate its capacitance.,"Step 1: Identify the given values: A = 48.0 cm^2, d = 0.53 mm.
Step 2: Convert the units to SI: A = 48.0 × 10^-4 m^2 and d = 0.52 × 10^-3 m.
Step 3: Recall the capacitance formula for a parallel-plate capacitor: C = κ × ε₀ × (A / d), where ε₀ is the permittivity of free space (approximately 8.854 × 10⁻¹² F/m for air).
Step 4: The capacitance of the capacitor is approximately 81.73 pF.",81.73,pF
TD091,"A parallel-plate capacitor consists of two circular plates, each with a radius R = 50 cm. The distance between the plates is d = 1.5 mm. What is the maximum charge that can be stored in the capacitor without causing dielectric breakdown, given that the maximum electric field strength (dielectric strength) of air is E_max = 3×10⁵ V/m?","Step 1: Convert all given values to SI units.
Step 2: Calculate the area (A) of the circular capacitor plates using the given radius R = 0.50 m.
Step 3: Calculate the maximum voltage (V_max) the capacitor can withstand using the maximum electric field strength (E_max) and the distance between plates (d = 1.5 × 10⁻³ m).
Step 4: Calculate the capacitance (C) of the parallel-plate capacitor using the permittivity of free space (ε₀ ≈ 8.854 × 10⁻¹² F / m), the calculated area (A), and the distance (d).
Step 5: Calculate the maximum charge (Q_max) using the formula Q_max = C × V_max.
Step 6: Step 6: The maximum charge stored is 2.085 μC.",2.085,μC
LD297,"Two electric charges, q1 = +2.6 × 10^-6 C and q2 = -2.6 × 10^-6 C, are placed at points A and B, 5.2 cm apart. Point M lies on the perpendicular bisector of AB, at a distance of 3.1 cm from the line segment AB. Calculate the resultant electric field intensity at M. Give your answer rounded up two decimal places.","Step 1: Identify the given values and constants. The charges are q1 = +2.6 × 10^-6 C and q2 = -2.6 × 10^-6 C. The separation AB = 5.2 cm, meaning the distance from the midpoint O to either charge is 2.6 cm. The distance from the midpoint to M is 3.1 cm. The Coulomb's constant is k = 9.0 × 10^9 N m^2/C^2.
Step 2: Convert the distances from centimeters to meters. Midpoint distance AO = BO = 0.026 m. Height OM = 0.031 m.
Step 3: Calculate the distance r from each charge (q1 at A or q2 at B) to point M using the Pythagorean theorem, where r = sqrt(0.026^2 + 0.031^2) = 0.0405 m.
Step 4: Calculate the magnitude E of the electric field produced by a single charge at M using E = k × |q| / r^2, where E1 = E2 = (9.0 × 10^9 N m^2/C^2) × (2.6 × 10^-6 C) / (0.0405 m)^2 = 1.4294 × 10^7 V/m. Then, find the resultant electric field intensity E1 + E2, where E_resultant = 2 × E1 × cos(theta) = 2 × (1.4294 × 10^7 V/m) × (0.026 / 0.0405) = 1.84 × 10^7 V/m.",1.84*10^7,V/m
LD100,"Two electric charges, q1 = +3 × 10^-6 C and q2 = −3 × 10^-6 C, are placed at points A and B, separated by 10 cm. Point M lies on the perpendicular bisector of AB, at a distance of 6 cm from the line segment AB. Calculate the resultant electric field strength at M.","Step 1: Identify the given values and convert units to SI.
Step 2: Determine the geometry and calculate the distance from each charge to point M.
Step 3: Calculate the magnitude of the electric field due to each charge at point M.
Step 4: Determine the direction of the electric fields E1 and E2 at M.
Step 5: Analyze the vector sum: Due to symmetry and opposite charges, the vertical components cancel out, while the horizontal components (parallel to AB) add up.
Step 6: Calculate the net field magnitude using the cosine of the angle θ between the vector and the line AB: cos(θ) = 5 / sqrt(61).
Step 7: Apply the formula for the resultant field: E_M = 2 × E1 × cos(θ).
Step 8: The magnitude of the net electric field at point M is approximately 5.67 × 10^6 V/m, directed parallel to AB from A toward B.",5.67 × 10^6,V/m
LD364,"Two charges, q1 = 1.34 × 10^-6 C and q2 = 1.02 × 10^-6 C, are each located 4.55 cm from point M. The electric fields produced by these charges at point M are perpendicular to each other (form a 90° angle). Calculate the magnitude of the net electric field at M. Give your answer rounded two decimal places.","Step 1: Identify the given values and convert the distance from centimeters to meters.
q1 = 1.34 × 10⁻⁶ C, q2 = 1.02 × 10⁻⁶ C, and r = 4.55 cm = 0.0455 m. Use k = 8.9875 × 10⁹ N×m²/C².

Step 2: Calculate the magnitude of the electric field E1 produced by charge q1 at point M.
E1 = (8.9875 × 10⁹ × 1.34 × 10⁻⁶) / 0.0455² ≈ 5817292.60 V/m.

Step 3: Calculate the magnitude of the electric field E2 produced by charge q2 at point M.
E2 = (8.9875 × 10⁹ × 1.02 × 10⁻⁶) / 0.0455² ≈ 4428088.40 V/m.

Step 4: Determine the magnitude of the net electric field at M using the Pythagorean theorem for the perpendicular field vectors:
Enet = √(E1² + E2²) = √(5817292.60² + 4428088.40²) ≈ 7.32 × 10⁶ V/m.",7.32 × 10^6,V/m
LD036,"Two point charges, q1 and q2, of equal magnitude and the same sign, are placed in air a distance r apart. A third point charge, q3, is placed at the midpoint of the line segment connecting q1 and q2. What is the net force acting on charge q3?","Step 1: The charge q3 is placed at the midpoint between q1 and q2.
Step 2: The distance from q1 to q3 is r/2, and the distance from q2 to q3 is also r/2.
Step 3: Coulomb's Law states that the magnitude of the force between two point charges is F = k × |q_a × q_b| / d^2, where k is Coulomb's constant, q_a and q_b are the magnitudes of the charges, and d is the distance between them.
Step 4: The magnitude of the force exerted by q1 on q3 is F_13 = k × |q1 × q3| / (r/2)^2.",0,N
LD024,"Three charges q1 = +1 μC, q2 = -2 μC, q3 = +3 μC are placed at the vertices of an isosceles right triangle with legs of 0.1 m. Calculate the net force acting on q3.","Step 1: Identify the given charges and their values: q1 = +1 μC, q2 = -2 μC, q3 = +3 μC.
Step 2: Identify the geometric shape as an isosceles right triangle with legs of 0.1 m.
Step 3: Recognize that the question does not specify the placement of q1, q2, and q3 at the vertices of the triangle.
Step 4: To calculate the net force on q3, the specific positions of q1 and q2 relative to q3 are required. This determines the distances and angles between the charges.",06.04,N
LD340,"Two point charges, q1 = 3.6 × 10^-6 C and q2 = -2.1 × 10^-6 C, are separated by 9.2 cm. Point M is located on the perpendicular bisector of the line segment connecting the charges, at a distance of 4.6 cm from the midpoint of this segment. Calculate the resultant electric field strength at M. Give your answer rounded two decimal places.","Step 1: Identify given values and convert units to SI. Charges are q1 = 3.6 × 10⁻⁶ C and q2 = -2.1 × 10⁻⁶ C. Separation distance AB = 9.2 cm (0.092 m). Midpoint to M distance y = 4.6 cm (0.046 m). For this calculation, we use k = 9.0 × 10⁹ N×m²/C².
Step 2: Calculate the distance r from each charge to point M. The horizontal distance from the midpoint to each charge is x = 0.046 m.
r = √((x² + y²)) = √((0.046)² + (0.046)²) = √(0.004232) ≈ 0.0650538... m.
Step 3: Calculate the magnitude of the electric field E1 due to charge q1 at point M.
E1 = (9.0 × 10⁹ × 3.6 × 10⁻⁶) / 0.004232 = 7.6559546... × 10⁶ V/m.
Step 4: Calculate the magnitude of the electric field E2 due to charge q2 at point M.
E2 = (9.0 × 10⁹ × 2.1 × 10⁻⁶) / 0.004232 = 4.4659735... × 10⁶ V/m.
Step 5: Determine the components of the fields. Since x = y, the angle phi is 45 degrees. q1 is positive (field away from A / Up and Left), and q2 is negative (field toward B / Up and Right).
cos(45) = 0.7071067...
sin(45) = 0.7071067...
Ex_net = (-E1 × cos(45)) + (E2 × cos(45)) = (-7.6559546 + 4.4659735) × 0.7071067 × 10⁶ = -2.255656... × 10⁶ V/m.
Ey_net = (E1 × sin(45)) + (E2 × sin(45)) = (7.6559546 + 4.4659735) × 0.7071067 × 10⁶ = 8.571490... × 10⁶ V/m.
Step 6: Calculate the resultant electric field strength E_net at M.
E_net = √((Ex_net)² + (Ey_net)²)
√((-2.255656)² + (8.571490)²) × 10⁶ = √(5.08798... + 73.46944...) × 10⁶ = √(78.55742...) × 10⁶ ≈ 8.87 × 10⁶ V/m.",8.87*10^6,V/m
LD118,"Two point charges, q1 = -8 × 10^-8 C and q2 = -2 × 10^-8 C, are placed at points A and B, 14 cm apart, in the air. A third charge, q3 = -7 × 10^-8 C, is placed at point C, such that the distance from C to A is 10 cm and the distance from C to B is 7 cm. Calculate the net electric force acting on q3.","Step 1: Identify the given charges and distances, and state Coulomb's constant for air.
Step 2: Calculate the magnitude of the electric force exerted by q1 on q3 (F13).
Step 3: Calculate the magnitude of the electric force exerted by q2 on q3 (F23).
Step 4: Determine the angle between the force vectors F13 and F23.
Step 5: The magnitude of the net electric force acting on q3 is approximately 4.83 × 10^-3 N.",4.83*10^-3,N
LD399,"Two electric charges, q1 = 1.92 × 10^-6 C and q2 = 3.33 × 10^-6 C, are placed at the two ends of a straight line segment 5.3 cm long. Calculate the electric field strength at the midpoint of that segment (on the connecting line). Give your answer rounded to two decimal places.","Step 1: Identify the given charges q1 = 1.92 × 10⁻⁶ C, q2 = 3.33 × 10⁻⁶ C, and the total length of the line segment L = 5.3 cm = 0.053 m.
Step 2: Calculate the distance from each charge to the midpoint r = L / 2 = 0.0265 m.
Step 3: Use Coulomb's constant k = 9.0 × 10⁹ N×m²/C² to calculate the magnitude of the electric field E1 due to q1 at the midpoint using E = k × |q| / r².
E1 = (9.0 × 10⁹ × 1.92 × 10⁻⁶) / 0.0265² = 17280 / 0.00070225 ≈ 24.61 × 10⁶ V/m.

Step 4: Calculate the magnitude of the electric field E2 due to q2 at the midpoint.
E2 = (9.0 × 10⁹ × 3.33 × 10⁻⁶) / 0.0265² = 29970 / 0.00070225 ≈ 42.68 × 10⁶ V/m.
Step 5: Calculate the net electric field strength at the midpoint. Since both charges are positive, the field E1 points away from q1 and E2 points away from q2. Because these vectors point in opposite directions, we subtract their magnitudes:
Enet = 42.68 × 10⁶ - 24.61 × 10⁶ ≈ 18.07 × 10⁶ V/m.",18.07 × 10^6,V/m
LD150,"Two electric charges q1 = -4 × 10^-6 C and q2 = -4 × 10^-6 C are placed at points A and B, 6 cm apart. A test charge q = 2 × 10^-6 C is placed at point M, which lies on the perpendicular bisector of AB, 5 cm from the line AB. Calculate the magnitude of the resultant electric force exerted by q1 and q2 on q.","Step 1: Identify the given electric charges and the Coulomb's constant.
Step 2: Convert all distances to meters and determine the distances from points A and B to point M.
Step 3: Calculate the magnitude of the electric force F1 exerted by q1 on q using Coulomb's Law, F = k × |q1 × q| / r^2.
Step 4: The magnitude of the net electric force acting on the test charge q is approximately 36.32 N.",36.32,N
LD041,"Two charges of the same magnitude q are placed at two adjacent vertices of an isosceles right triangle with side length a = 10 cm. Find the magnitude of the total electric force acting on a test charge q0 placed at the remaining vertex, given F0 = kqq0/a^2.","Step 1: An isosceles right triangle has two equal sides and a 90-degree angle between them. Let the vertex with the right angle be P_right, and the other two vertices be P1 and P2. The lengths of the sides P_right-P1 and P_right-P2 are both 'a'.
Step 2: The problem states two charges 'q' are placed at two adjacent vertices, and a test charge 'q0' is placed at the remaining vertex. For the simplest geometry leading to a well-defined `F0` in the final result, the two charges 'q' are placed at P1 and P2, and the test charge 'q0' is placed at P_right.
Step 3: The distance from charge 'q' at P1 to 'q0' at P_right is 'a'. The magnitude of the force (let's call it F1) is `kqq0/a^2`.
Step 4: The distance from charge 'q' at P2 to 'q0' at P_right is also 'a'. The magnitude of the force (let's call it F2) is `kqq0/a^2`.",\sqrt{2} × F₀,N
LD121,"Two electric forces have magnitudes of 7 N and 5 N, acting at an angle of 90° to each other. Calculate the resultant force of these two electric forces.","Step 1: Identify the magnitudes of the two electric forces and the angle between them.
Step 2: The first force (F1) has a magnitude of 7 N.
Step 3: The second force (F2) has a magnitude of 5 N.
Step 4: The angle between the two forces is 90°, meaning they are perpendicular.
Step 5: The magnitude of the net electric force is approximately 8.6023 N.",8.6023,N
LD052,"Two point charges, q1 = q2 = 16 × 10⁻⁸ C, are placed at points A and B, which are 10 cm apart in air. Determine the electric field strength produced by these two point charges at point C, given that AC = BC = 8 cm.","Step 1: Identify the given values and relevant physical constants.
Step 2: Determine the geometry of the points A, B, and C.
Step 3: Calculate the magnitude of the electric field produced by each charge at point C.
Step 4: Determine the direction of the electric fields and their vector sum.",3.51 × 10^5,V/m
LD196,"Two electric forces, with magnitudes of 2 N and 11 N, are perpendicular to each other. Calculate their resultant force.","Step 1: Identify the magnitudes of the two electric forces.
Step 2: Force 1 (F1) is 2 N.
Step 3: Force 2 (F2) is 11 N.
Step 4: The forces are perpendicular to each other, meaning the angle between them is 90 degrees.
Step 5: The magnitude of the resultant force of these two electric forces is approximately 11.1803 N.",11.1803,N
LD144,"Two charges, q1 = +9 × 10^-8 C and q2 = -9 × 10^-8 C, are placed at points A and B, separated by 6 cm. A third charge, q3 = -9 × 10^-8 C, is placed at the midpoint of AB. Calculate the net electric force acting on q3.","Step 1: The charges are q1 = +9 × 10^-8 C at point A, q2 = -9 × 10^-8 C at point B, and q3 = -9 × 10^-8 C at the midpoint of AB.
Step 2: The distance between A and B is 6 cm. Since q3 is at the midpoint, r13 = r23 = 6 cm / 2 = 3 cm = 0.03 m.
Step 3: The force F13 (from q1 on q3) is F13 = k × |q1 × q3| / r13^2 = (9 × 10^9 N×m^2/C^2) × |(+9 × 10^-8 C) × (-9 × 10^-8 C)| / (0.03 m)^2.
Step 4: F13 = (9 × 10^9) × (81 × 10^-16) / (9 × 10^-4) = 81 × 10^-3 N = 0.081 N. Since q1 is positive and q3 is negative, F13 is attractive, directed from q3 towards A.
Step 5: The magnitude of the net electric force acting on q3 is exactly 0.162 N.",0.162,N
LD234,Three identical charges q = +8 × 10^-7 C are placed at the three vertices of a right isosceles triangle with legs of 20 cm. Calculate the net force acting on the charge at the right angle vertex.,"Step 1: Identify the given values for charge (q), leg length (distance r), and the electrostatic constant (k).
Step 2: Convert the leg length from centimeters to meters.
Step 3: Calculate the magnitude of the electrostatic force exerted by one of the charges at a leg vertex on the charge at the right angle vertex using Coulomb's Law (F = k × q^2 / r^2).
Step 4: Recognize that the two forces acting on the charge at the right angle vertex, from the other two identical charges, are equal in magnitude and perpendicular to each other.
Step 5: The magnitude of the net electric force acting on the charge at the right-angle vertex is approximately 0.204 N.",0.204,N
LD327,"Two electric charges, q1 = +5.7 × 10^-6 C and q2 = -5.7 × 10^-6 C, are placed at two points A and B, separated by 9.7 cm. Point M is the midpoint of AB. Calculate the resultant electric field strength at M. Give your answer rounded two decimal places.","Step 1: Identify the magnitudes of the charges q1 = +5.7 x 10^-6 C and q2 = -5.7 x 10^-6 C.
Step 2: Identify the total separation between points A and B as d_AB = 9.7 cm.
Step 3: Convert the total separation to meters: d_AB = 0.097 m.
Step 4: Determine the distance r from each charge to the midpoint M, which is r = d_AB / 2 = 0.097 m / 2 = 0.0485 m.
Step 5: Calculate the magnitude of the electric field (E1) produced by charge q1 at point M using Coulomb's law: E = k × |q| / r^2. Using the Coulomb constant k = 8.9875 x 10^9 N×m^2/C^2 and rounding up the fourth digit after the decimal as per the instruction you previously shared with me:
E1 = (8.9875 x 10^9) × (5.7 x 10^-6) / (0.0485)^2 = 2.1779 x 10^7 V/m.
Step 6: Determine the direction of the fields. Since q1 is positive, E1 points away from A (towards B). Since q2 is negative, its electric field E2 also points towards B. Since both vectors point in the same direction, the net field is the sum of their magnitudes. Given the symmetry of the positions and charge magnitudes:
E1 + E2 = 2.1779 x 10^7 V/m + 2.1779 x 10^7 V/m = 4.3558 x 10^7 V/m ≈ 4.36 x 10^7 V/m.",4.36 × 10^7,V/m
LD188,"Two electric forces have magnitudes of 6 N and 9 N, acting at an angle of 45° to each other. Calculate the resultant force of these two electric forces.","Step 1: Identify the magnitudes of the two electric forces. Force 1 (F1) = 6 N and Force 2 (F2) = 9 N.
Step 2: Identify the angle (θ) between the two forces, which is 45°.
Step 3: Use the formula for the resultant (R) of two forces: R = sqrt(F1^2 + F2^2 + 2 × F1 × F2 × cos(θ)).
Step 4: Substitute the given values into the formula: R = sqrt(6^2 + 9^2 + 2 × 6 × 9 × cos(45°)).
Step 5: The magnitude of the resultant force of these two electric forces is approximately 13.906 N.",13.906,N
LD084,Three identical charges Q are fixed at the three vertices of an equilateral triangle with side 'a'. What is the magnitude of the electric field intensity at the center of the triangle?,"Step 1: Identify the three identical charges Q located at the vertices of an equilateral triangle.
Step 2: Identify the point of interest as the geometric center of the equilateral triangle.
Step 3: Note that the distance from each vertex (where a charge is located) to the center of an equilateral triangle is identical.
Step 4: Since the charges are identical (Q) and their distances to the center are equal, the magnitude of the electric field produced by each individual charge at the center will be the same.
Step 5: Determine the direction of the three electric field vectors at the center. Due to the symmetry of the equilateral triangle, these three vectors make angles of 120° with each other.
Step 6: Apply the principle of superposition: The vector sum of three equal vectors forming 120° angles is always zero E1 + E2 + E3 = 0.
Step 7: The magnitude of the electric field intensity at the center of the triangle is 0 V/m.",0,V/m
LD191,"Two electric forces have magnitudes of 11 N and 5 N, and act at an angle of 30° to each other. Calculate the resultant force of these two electric forces.","Step 1: Identify the magnitudes of the two electric forces as F1 = 11 N and F2 = 5 N.
Step 2: Identify the angle between the two forces as θ = 30°.
Step 3: The formula for the magnitude of the resultant force (R) of two forces F1 and F2 acting at an angle θ is R = sqrt(F1^2 + F2^2 + 2×F1×F2×cos(θ)).
Step 4: Substitute the given values into the formula: R = sqrt(11^2 + 5^2 + 2 × 11 × 5 × cos(30°)).
Step 5: The magnitude of the resultant force of these two electric forces is approximately 15.533 N.",15.533,N
LD183,Two electric forces with magnitudes of 6 N and 5 N act at an angle of 120° to each other. Calculate their resultant force.,"Step 1: Identify the magnitudes of the two forces, F1 = 6 N and F2 = 5 N.
Step 2: Identify the angle between the two forces, θ = 120°.
Step 3: Use the formula for the resultant force (R) of two forces, R^2 = F1^2 + F2^2 + 2 × F1 × F2 × cos(θ).
Step 4: Substitute the given values into the formula: R^2 = (6 N)^2 + (5 N)^2 + 2 × (6 N) × (5 N) × cos(120°).
Step 5: The magnitude of the resultant force of these two electric forces is approximately 5.5678 N.",5.5678,N
LD109,"Two charges q1 = -2 × 10^-8 C and q2 = -5 × 10^-8 C are placed at points A and B, 12 cm apart in the air. A third charge q3 = -5 × 10^-8 C is placed at point C, given that the distance from C to A is 5 cm and the distance from C to B is 9 cm. Calculate the net electric force acting on q3.","Step 1: Identify the given charges and distances, converting units to meters.
Step 2: q1 = -2 × 10^-8 C, q2 = -5 × 10^-8 C, q3 = -5 × 10^-8 C.
Step 3: r_CA = 5 cm = 0.05 m, r_CB = 9 cm = 0.09 m, r_AB = 12 cm = 0.12 m.
Step 4: Use Coulomb's constant k = 9 × 10^9 N m^2/C^2 as charges are in air.
Step 5: The magnitude of the net electric force acting on q3 is approximately 3.5 × 10^-3 N.",3.5*10^-3,N
LD345,Two charges q1 = -2.4 × 10^-6 C and q2 = 1.2 × 10^-6 C are placed at two points separated by 9.2 cm. A point M is located 2.0 cm from q1 and 7.2 cm from q2. Calculate the total electric field intensity at M. Give your answer rounded three decimal places.,"Step 1: Identify the given charges and distances, and determine the geometric arrangement of point M.
Charge q₁ = -2.4 × 10⁻⁶ C, q₂ = 1.2 × 10⁻⁶ C, and separation d = 9.2 cm. Point M is 2.0 cm from q₁ and 7.2 cm from q₂. Since 2.0 + 7.2 = 9.2, point M lies on the segment connecting the two charges, between q₁ and q₂.
Step 2: Convert distances to meters and recall Coulomb's constant.
r₁ = 0.02 m.
r₂ = 0.072 m.
k = 9 × 10⁹ N×m²/C².
Step 3: Calculate the magnitude of the electric field E1 due to q1 at M.
E1 = (9 × 10⁹ × 2.4 × 10⁻⁶) / 0.02² = 21600 / 0.0004 = 54000000 V/m.
Step 4: Determine the direction of E1 and calculate E2.
Since q₁ is negative, E1 points toward q₁ (to the left). Since q₂ is positive, E2 also points away from q₂ (to the left).
E2 = (9 × 10⁹ × 1.2 × 10⁻⁶) / 0.072² = 10800 / 0.005184 = 2083333.333... V/m.
Step 5: Calculate the total electric field intensity at M.
Enet = E1 + E2 = 54000000 + 2083333.333 ≈ 5.608 × 10⁷ V/m.",5.608*10^7,V/m
LD138,"Two point charges q1 = +3 × 10^-6 C and q2 = -3 × 10^-6 C are placed at two points A and B, separated by 10 cm. A charge q3 = -3 × 10^-6 C is placed at the midpoint of AB. Calculate the electric force acting on q3.","Step 1: Identify the given charges and distances.
Step 2: Determine the distances from q3 to q1 and q2.
Step 3: Calculate the magnitude of the force F13 exerted by q1 on q3 using Coulomb's Law (F = k |q1 q3| / r13^2).
Step 4: Determine the direction of F13.
The magnitude of the net electric force acting on q3 is exactly 64.8 N.",64.8,N
LD363,"Two electric charges, q1 = 4.25 × 10^-6 C and q2 = 4.43 × 10^-6 C, are both 5.51 cm away from point M. The electric fields they produce at M form an angle of 60° with each other. Calculate the magnitude of the resultant electric field at M. Give your answer rounded two decimal places.","Step 1: Identify the given values for charges q1 = 4.25 × 10⁻⁶ C, q2 = 4.43 × 10⁻⁶ C, the distance from both charges to point M as r = 5.51 cm, and the angle between the electric fields at M as θ = 60°.
Step 2: Convert the distance r from centimeters to meters: r = 0.0551 m.
Step 3: Identify Coulomb's constant k = 9.0 × 10⁹ N×m²/C².
Step 4: Calculate the magnitude of the electric field E1 produced by q1 at M.
E1 = (9.0 × 10⁹ × 4.25 × 10⁻⁶) / 0.0551² = 38250 / 0.00303601 ≈ 12598772.73 V/m.
Step 5: Calculate the magnitude of the electric field E2 produced by q2 at M.
E2 = (9.0 × 10⁹ × 4.43 × 10⁻⁶) / 0.0551² = 39870 / 0.00303601 ≈ 13132367.81 V/m.
Step 6: Determine the resultant electric field magnitude at M using the law of cosines for vector addition:
Enet = √(E1² + E2² + 2 × E1 × E2 × cos(60°))
Enet = √(12598772.73² + 13132367.81² + 2 × 12598772.73 × 13132367.81 × 0.5)
Enet = √(1.58729074 × 10¹⁴ + 1.72459064 × 10¹⁴ + 1.65451680 × 10¹⁴)
Enet = √(4.96639818 × 10¹⁴) ≈ 22.29 × 10⁶ V/m.",22.29 × 10^6,V/m
LD353,"Two electric charges, q1 = 5.3 × 10^-6 C and q2 = 3.0 × 10^-6 C, are placed at two points. Both points are 3.3 cm away from a central point M. The lines connecting these points to M form an angle of 60°. Calculate the resultant electric field strength at M. Give your answer rounded two decimal places.","Step 2: Convert the distance from centimeters to meters.
r = 3.3 cm = 0.033 m.
Step 3: Calculate the magnitude of the electric field strength E1 at M due to charge q1.
E1 = (9.0 × 10⁹ × 5.3 × 10⁻⁶) / 0.033² = 47700 / 0.001089 ≈ 43801652.89 V/m.
Step 4: Calculate the magnitude of the electric field strength E2 at M due to charge q2.
E2 = (9.0 × 10⁹ × 3.0 × 10⁻⁶) / 0.033² = 27000 / 0.001089 ≈ 24793388.43 V/m.
Step 5: Calculate the net electric field strength at M.
Since both charges are positive, the vectors E1 and E2 point away from their respective charges. The angle between the two vectors at point M is 60°.
Enet = √(E1² + E2² + 2 × E1 × E2 × cos(60°))
Enet = √((4.380 × 10⁷)² + (2.479 × 10⁷)² + 2 × 4.380 × 10⁷ × 2.479 × 10⁷ × 0.5)
Enet = √(1.9186 × 10¹⁵ + 6.1454 × 10¹⁴ + 1.0858 × 10¹⁵)
Enet = √3.6189 × 10¹⁵ ≈ 6.02 × 10⁷ V/m.",6.02 × 10^7,V/m
LD333,"Two charges q1 = +1.2 × 10^-6 C and q2 = -1.2 × 10^-6 C are placed at points A and B, separated by 9.7 cm. Let M be the midpoint of AB. Calculate the resultant electric field strength at M. Give your answer rounded two decimal places.","Step 1: Identify the given charges, q1 = +1.2 × 10⁻⁶ C and q2 = -1.2 × 10⁻⁶ C, and the distance between points A and B, which is 9.7 cm.
Step 2: Convert the distance to meters: 9.7 cm = 0.097 m. Point M is the midpoint, so the distance from each charge to M is r = 0.097 m / 2 = 0.0485 m.
Step 3: State Coulomb's constant, k ≈ 9.0 × 10⁹ N×m²/C², and the formula for the electric field due to a point charge, E = k|q|/r².
Step 4: Calculate the magnitude of the electric field (E1) produced by q1 at M: E1 = (9.0 × 10⁹) × (1.2 × 10⁻⁶) / (0.0485)² = 4.5914 × 10⁶ V/m. Since the magnitudes of the charges and the distances are equal, E2 = E1 = 4.5914 × 10⁶ V/m.
Step 5: Determine the net electric field at the midpoint. Since q1 is positive, E1 points away from A (towards B). Since q2 is negative, its electric field E2 also points towards B. Since both vectors point in the same direction, the net field is the sum of their magnitudes:
E1 + E2 = 4.5914 × 10⁶ V/m + 4.5914 × 10⁶ V/m = 9.1828 × 10⁶ V/m ≈ 9.18 × 10⁶ V/m.",9.18 × 10^6,V/m
LD037,"There are two charges, q1 = 2×10^-6 C and q2 = -2×10^-6 C, placed at points A and B respectively in a vacuum, separated by a distance of 6 cm. A third charge, q3 = 4×10^-6 C, is placed on the perpendicular bisector of AB, at a distance of 4 cm from the line segment AB. What is the magnitude of the net electric force exerted by charges q1 and q2 on charge q3?","Step 1: Identify the given charges and their values.
Step 2: Determine the distances between the charges.
Step 3: Calculate the magnitude of the electric force F13 exerted by q1 on q3 using Coulomb's Law.
Step 4: Calculate the magnitude of the electric force F23 exerted by q2 on q3.",34.56,N
LD313,Three identical charges q = 2.6 × 10^-6 C are placed at the three vertices of an isosceles right triangle with side length 9.7 cm. Calculate the net electric field strength at the right-angle vertex.Give your answer rounded two decimal places.,"Step 1: Identify the charges contributing to the electric field at the right-angle vertex and their distances. The net electric field at the right-angle vertex (let's call it A) is due to the two charges (QB and QC) located at the other two vertices (B and C). The charge at vertex A itself does not contribute to the field at its own location.
Step 2: Convert the given side length from centimeters to meters. The distance from the right-angle vertex to each of the other two vertices is r = 9.7 cm = 0.097 m.
Step 3: State the magnitude of each charge, q = 2.6 × 10⁻⁶ C, and the Coulomb's constant, k = 9 × 10⁹ N×m²/C².
Step 4: Calculate the magnitude of the electric field (EB) at vertex A due to the charge QB at vertex B using the formula E = k|q|/r².
EB = EC = (9 × 10⁹) × (2.6 × 10⁻⁶) / (0.097)² = 2.4870 × 10⁶ V/m.
Step 5: Determine the resultant field strength at the right-angle vertex. Since the field vectors EB and EC are directed along the perpendicular legs of the triangle, they are at a 90° angle to each other. The net field is EB + EC, which simplifies to E_net = EB × √2 = (2.4870 × 10⁶ V/m) × 1.4142 = 3.5171 × 10⁶ V/m ≈ 3.52 × 10⁶ V/m.",3.52 × 10^6,V/m
LD088,"Given two electric charges q1 = 4.1 × 10^-10 C and q2 = −4.1 × 10^-10 C, located at points A and B in the air, separated by a distance AB = 2 cm. Determine the magnitude of the electric field strength E (V/m) at H, the midpoint of AB.","Step 1: Identify the given values: q1 = 4.1 × 10^-10 C, q2 = −4.1 × 10^-10 C, total distance AB = 2 cm.
Step 2: Determine the distance from each charge to H. Since H is the midpoint of AB, the distance from q1 to H (r1) is 2 cm / 2 = 1 cm = 0.01 m. The distance from q2 to H (r2) is also 1 cm = 0.01 m.
Step 3: Recall Coulomb's constant k = 8.99 × 10^9 N×m²/C² for air/vacuum, and the formula for the electric field magnitude due to a point charge: E = k × |q| / r².
Step 4: Calculate the magnitude of the electric field E1 at H due to q1. E1 = (8.99 × 10^9 N×m²/C²) × (4.1 × 10^-10 C) / (0.01 m)² = 3.6859 × 10^4 V/m.
Step 5: Determine the magnitude of E2 due to q2. Since |q1| = |q2| and r1 = r2, the magnitude E2 = E1.
Step 6: Analyze the directions: E1 points away from q1 (towards B), and E2 points towards q2 (towards B). Since both vectors point in the same direction, the net electric field is E_H = E1 + E2 = 2 × E1.
Step 7: The magnitude of the electric field strength at H is approximately 73718 V/m.",73718,V/m
LD275,"Two electric charges, q1 = +3 × 10^-7 C and q2 = -3 × 10^-7 C, are placed at two points A and B, separated by 8 cm. A charge q3 = -3 × 10^-7 C is placed at the midpoint of AB. Calculate the electric force acting on q3.","Step 1: Identify the given charges and the distance between points A and B.
Step 2: Determine the position of charge q3, which is at the midpoint of AB, and convert all distances to meters.
Step 3: Calculate the distance from q1 to q3 (r13) and from q2 to q3 (r23). Both are (8 cm) / 2 = 4 cm = 0.04 m.
Step 4: Calculate the magnitude of the electric force exerted by q1 on q3 (F13) using Coulomb's Law F = k|q1q3| / r², where k = 9 × 10^9 N×m^2 / C^2.
Step 5: The magnitude of the net electric force acting on q3 is 1.0125 N.",1.0125,N
LD377,"Three charges, q1 = q2 = 3.32 × 10^-6 C and q3 = 3.64 × 10^-6 C, are placed at the three vertices of an equilateral triangle with a side length of 7.83 cm. Calculate the resultant electric field at the position of q3. give your answer rounded to two decimal places.","Step 1: Identify the given charge magnitudes and the side length of the equilateral triangle: q1 = q2 = 3.32 × 10⁻⁶ C, q3 = 3.64 × 10⁻⁶ C, and the side length r = 7.83 cm.
Step 2: Convert the side length from centimeters to meters: r = 7.83 cm = 0.0783 m.
Step 3: Use the requested Coulomb's constant, k = 9.0 × 10⁹ N×m²/C².
Step 4: Calculate the magnitude of the electric field E1 created by q1 at the position of q3.
E1 = (9.0 × 10⁹ × 3.32 × 10⁻⁶) / 0.0783² ≈ 4.87 × 10⁶ V/M.
Step 5: Calculate the magnitude of the electric field E2 created by q2 at the position of q3. Since q1 = q2 and the distances are the same, the magnitude remains identical.
E2 = (9.0 × 10⁹ × 3.32 × 10⁻⁶) / 0.0783² ≈ 4.87 × 10⁶ V/M.
Step 6: Determine the magnitude of the resultant electric field E1 + E2. In an equilateral triangle, the angle between the two field vectors at any vertex is 60°. Use the law of cosines for vector addition: √(E1² + E2² + 2E1E2 cos(60°)).
Enet = √((4.87 × 10⁶)² + (4.87 × 10⁶)² + 2(4.87 × 10⁶)(4.87 × 10⁶) cos(60°))
Enet = √(23.72 × 10¹² + 23.72 × 10¹² + 23.72 × 10¹²)
Enet = √(71.16 × 10¹²) ≈ 8.44 × 10⁶ V/M.",8.44 × 10^6,V/m
LD127,Three electric charges q1 = q2 = q3 = +8 × 10^-6 C are placed at the three vertices of an equilateral triangle with side length 15 cm in the air. Calculate the net electric force acting on q3.,"Step 1: Identify the charges and distances involved in the forces acting on q3. Charge q3 experiences forces from q1 and q2. Since it's an equilateral triangle with side length 15 cm, the distance between q1 and q3 (r13) is 15 cm, and the distance between q2 and q3 (r23) is 15 cm.
Step 2: Convert the side length to meters: r = 15 cm = 0.15 m. Identify the charges: q1 = q2 = q3 = +8 × 10^-6 C. Use Coulomb's constant for air: k = 9 × 10^9 N m^2/C^2.
Step 3: Calculate the magnitude of the force F13 exerted by q1 on q3 using Coulomb's Law: F13 = k × |q1 × q3| / r13^2.
Step 4: Calculate the magnitude of the force F23 exerted by q2 on q3 using Coulomb's Law: F23 = k × |q2 × q3| / r23^2.
Step 5: The magnitude of the net electric force acting on q3 is approximately 44.34 N.",44.34,N
LD238,"Three electric charges, q1 = q2 = q3 = +4 × 10^-6 C, are placed at the three vertices of an equilateral triangle with a side length of 15 cm. Calculate the total (or net/resultant) electric force acting on q3.","Step 1: Identify the given values for the charges and the side length of the equilateral triangle.
Step 2: Identify the two electric forces acting on q3.
Step 3: State the formula for Coulomb's Law to calculate the magnitude of the forces.
Step 4: Calculate the magnitude of the force F13 (force from q1 on q3).
Step 5: The magnitude of the net electric force acting on q3 is approximately 11.0851 N.",11.0851,N
LD140,"Three electric charges, q1 = q2 = q3 = -5 × 10^-7 C, are placed at the three vertices of an equilateral triangle with side length 15 cm in the air. Calculate the net electric force acting on q3.","Step 1: Identify that charges q1, q2, and q3 are all negative, causing repulsive electric forces on q3 from q1 and q2.
Step 2: Convert the given side length of the equilateral triangle from centimeters to meters: r = 15 cm = 0.15 m.
Step 3: Calculate the magnitude of the force F13 exerted by q1 on q3 using Coulomb's Law, F = k × |q1×q3| / r^2, with k = 9 × 10^9 N⋅m²/C² and |q1| = |q3| = 5 × 10^-7 C. This yields F13 = (9 × 10^9 N⋅m²/C²) × (5 × 10^-7 C)² / (0.15 m)² = 0.1 N.
Step 4: Calculate the magnitude of the force F23 exerted by q2 on q3. Since q2 has the same magnitude as q1 and the distance to q3 is the same, F23 = F13 = 0.1 N.
Step 5: The magnitude of the net electric force acting on q3 is approximately 0.173 N.",0.173,N
LD329,"Three electric charges, q1 = q2 = q3 = 1.2 × 10⁻⁶ C, are placed at the three vertices of an equilateral triangle with a side length of 10.3 cm. Calculate the resultant electric field strength at the position of q3. Give your answer rounded two decimal places.","Step 1: Identify the charges creating the electric field at the position of q3. These are q1 and q2. The charge q3 itself does not create a field at its own location.
Step 2: Note the given values: q1 = q2 = 1.2 × 10⁻⁶ C, and the side length of the equilateral triangle is r = 10.3 cm.
Step 3: Convert the distance to meters: r = 10.3 cm = 0.103 m.
Step 4: Recall the formula for the magnitude of the electric field (E) due to a point charge: E = k × |q| / r², where k is Coulomb's constant (9 × 10⁹ N×m²/C²). Following the rounding instruction for intermediate steps:
E1 = (9 × 10⁹) × (1.2 × 10⁻⁶) / (0.103)² = 1.0180 × 10⁶ V/m.
Since q1 = q2 and the distances are equal, E2 = E1 = 1.0180 × 10⁶ V/m.
Step 5: Determine the direction of the fields and calculate the resultant field. In an equilateral triangle, the angle between the two field vectors E1 and E2 at the vertex of q3 is 60°. The resultant electric field for two equal vectors separated by 60° is found using the formula:
E_net = E1 × √3 = (1.0180 × 10⁶ V/m) × 1.73205 = 1.7633 × 10⁶ V/m ≈ 1.76 × 10⁶ V/m.",1.76 × 10^6,V/m
LD356,Two charges q1 = 3.6 × 10^-6 C and q2 = 3.0 × 10^-6 C are placed 9.2 cm apart. A point M is 3.3 cm from q1 and 5.9 cm from q2. Calculate the net electric field strength at M. Give your answer rounded two decimal places.,"Step 1: Identify the given charges (q1 = 3.6 × 10⁻⁶ C, q2 = 3.0 × 10⁻⁶ C), distances (r1 = 3.3 cm, r2 = 5.9 cm), and Coulomb's constant (k = 9.0 × 10⁹ N×m²/C²).
Step 2: Convert all given distances from centimeters to meters: r1 = 0.033 m, r2 = 0.059 m, and the separation d = 0.092 m.
Step 3: Determine the geometric arrangement of point M relative to charges q1 and q2. Since r1 + r2 = 0.033 + 0.059 = 0.092 m, which is exactly the separation distance, point M lies on the line segment directly between the two charges.
Step 4: Calculate the magnitude of the electric field E1 at point M due to charge q1 using E = k × |q| / r².
E1 = (9.0 × 10⁹ × 3.6 × 10⁻⁶) / 0.033² = 32400 / 0.001089 ≈ 29752066.12 V/m.
Step 5: Calculate the magnitude of the electric field E2 at point M due to charge q2.
E2 = (9.0 × 10⁹ × 3.0 × 10⁻⁶) / 0.059² = 27000 / 0.003481 ≈ 7756391.84 V/m.
Step 6: Calculate the net electric field strength at M.
Since both charges are positive, the field E1 points away from q1 (to the right) and E2 points away from q2 (to the left). These vectors are in opposite directions, so we subtract their magnitudes:
Enet = E1 - E2 = 29752066.12 - 7756391.84 ≈ 2.2 × 10⁷ V/m.",2.2*10^7,V/m
LD287,"Two electric charges, q1 = +3 × 10^-7 C and q2 = -3 × 10^-7 C, are placed at points A and B, 10 cm apart. A test charge q = 10^-6 C is placed at point M, which is on the perpendicular bisector of AB, 4 cm away from the line segment AB. Calculate the net electric force acting on q.","Step 1: Identify the given values and convert distances to meters. The charges are q1 = +3 × 10⁻⁷ C, q2 = -3 × 10⁻⁷ C, and the test charge q = 10⁻⁶ C. The distance AB = 10 cm = 0.1 m, so the distance from the midpoint O to point A or B is 0.05 m. The distance from the midpoint O to point M is 4 cm = 0.04 m. The Coulomb's constant is k = 9 × 10⁹ N×m²/C².
Step 2: Calculate the distance AM (which is equal to BM) using the Pythagorean theorem for triangle AOM, where r = √(OA² + OM²), where r = √((0.05 m)² + (0.04 m)²) = √(0.0025 + 0.0016) = √0.0041 ≈ 0.064 m.
Step 3: Calculate the magnitude of the force F1 exerted by charge q1 on test charge q using Coulomb's Law, F1 = k × |q1 × q| / r², where F1 = (9 × 10⁹ N×m²/C²) × |(3 × 10⁻⁷ C) × (10⁻⁶ C)| / 0.0041 m² ≈ 0.6585 N. Since q1 and q are both positive, this force is repulsive, acting along the line from A to M.
Step 4: Calculate the magnitude of the force F2 exerted by charge q2 on test charge q using Coulomb's Law, F2 = k × |q2 × q| / r², where F2 = (9 × 10⁹ N×m²/C²) × |(-3 × 10⁻⁷ C) × (10⁻⁶ C)| / 0.0041 m² ≈ 0.6585 N. Since q2 is negative and q is positive, this force is attractive, acting along the line from M to B.
Step 5: Apply the vector addition rule for the net force. Because F1 and F2 have equal magnitudes, their vertical components cancel out, and their horizontal components add up. The net force is F1_cosθ + F2_cosθ, where cos(θ) = OA / r = 0.05 / √0.0041 ≈ 0.7809.
Step 6: Final calculation of the net force, where F_net = 2 × 0.6585 N × 0.7809 ≈ 1.028 N.",1.028,N
LD114,"Two electric charges, q1 = +6 × 10^-8 C and q2 = +4 × 10^-8 C, are placed at points A and B respectively, separated by 14 cm in the air. A third electric charge, q3 = -6 × 10^-8 C, is placed at point C, such that the distance from C to A is 6 cm and the distance from C to B is 8 cm. Calculate the net electric force acting on q3.","Step 1: Determine the geometric arrangement of the charges. The sum of distances CA (6 cm) and CB (8 cm) is 14 cm, which equals the distance AB. This means point C lies on the line segment AB, with q3 between q1 and q2.
Step 2: Identify the individual forces acting on q3 and their directions. Charge q1 (+6 × 10^-8 C) and q3 (-6 × 10^-8 C) are opposite, so F13 (force from q1 on q3) is attractive, pulling q3 towards A (left). Charge q2 (+4 × 10^-8 C) and q3 (-6 × 10^-8 C) are opposite, so F23 (force from q2 on q3) is attractive, pulling q3 towards B (right).
Step 3: Convert distances to meters and state Coulomb's constant (k). r13 = 6 cm = 0.06 m. r23 = 8 cm = 0.08 m. k = 9 × 10^9 N m^2/C^2 (for air).
Step 4: Calculate the magnitude of force F13 using Coulomb's Law. F13 = k × |q1 × q3| / r13^2 = (9 × 10^9 N m^2/C^2) × |(+6 × 10^-8 C) × (-6 × 10^-8 C)| / (0.06 m)^2 = 0.009 N.
Step 5: The magnitude of the net electric force acting on q3 is 5.625 × 10^-3 N.",5.625*10^-3,N
LD354,"Two electric charges, q1 = 5.3 × 10^-6 C and q2 = 1.2 × 10^-6 C, are separated by 9.2 cm. Point M lies on the perpendicular bisector of the line connecting the charges, at a distance of 4.6 cm from its midpoint. Calculate the net electric field at point M. Give your answer rounded three decimal places.","Step 1: Identify the given values and convert units to SI.
Charge q₁ = 5.3 × 10⁻⁶ C, q₂ = 1.2 × 10⁻⁶ C, and separation d = 0.092 m. The midpoint O is 0.046 m from each charge. Point M is 0.046 m from the midpoint on the perpendicular bisector. Use k = 9.0 × 10⁹ N×m²/C².
Step 2: Determine the distance from each charge to point M.
The distance r from either charge to M is found using the Pythagorean theorem:
r = √(0.046² + 0.046²) = √0.004232 ≈ 0.065054 m.
Step 3: Calculate the magnitude of the electric field E1 produced by charge q1 at point M.
E1 = (9.0 × 10⁹ × 5.3 × 10⁻⁶) / 0.004232 = 47700 / 0.004232 ≈ 11271266.541 V/m.
Step 4: Calculate the magnitude of the electric field E2 produced by charge q2 at point M.
E2 = (9.0 × 10⁹ × 1.2 × 10⁻⁶) / 0.004232 = 10800 / 0.004232 ≈ 2551984.877 V/m.
Step 5: Calculate the net electric field strength at M.
Since r = d/2, the angle is 45°. Both charges are positive, so E1 and E2 point away from the charges.
Ex = E1 × cos(45°) - E2 × cos(45°) = (11271266.541 - 2551984.877) × 0.7071 = 6165509.302 V/m.
Ey = E1 × sin(45°) + E2 × sin(45°) = (11271266.541 + 2551984.877) × 0.7071 = 9774390.871 V/m.
Enet = √(Ex² + Ey²) = √(3.8013 × 10¹³ + 9.5539 × 10¹³) ≈ 1.155 × 10⁷ V/m.",1.155*10^7,V/m
LD168,"Two electric forces have magnitudes of 7 N and 11 N, and act at an angle of 135° to each other. Calculate the resultant force of these two electric forces.","Step 1: The magnitudes of the two forces are F1 = 7 N and F2 = 11 N, and the angle between them is θ = 135°.
Step 2: The magnitude of the resultant force (R) can be found using the Law of Cosines: R² = F1² + F2² + 2 × F1 × F2 × cos(θ).
Step 3: Substitute the given values into the formula: R² = (7 N)² + (11 N)² + 2 × (7 N) × (11 N) × cos(135°).
Step 4: Calculate the square of the resultant force: R² = 49 + 121 + 154 × (-√2 / 2) = 170 - 77√2.
Step 5: The magnitude of the resultant force of these two electric forces is approximately 7.817 N.",7.817,N
LD397,"Two charges q1 = 3.15 × 10^-6 C and q2 = 3.75 × 10^-6 C are placed 8.28 cm apart. Calculate the electric field strength at a point on the perpendicular bisector, which is 4.14 cm from each charge.","Step 1: Identify the given charges q1 = 3.15 × 10⁻⁶ C, q2 = 3.75 × 10⁻⁶ C, and the distance from each charge to the point r = 4.14 cm = 0.0414 m.
Step 2: Recognize that the separation between the charges is 8.28 cm. Since the point is 4.14 cm from each charge and 4.14 + 4.14 = 8.28, the point lies on the line segment directly between the two charges (the midpoint).
Step 3: Use Coulomb's constant k = 9.0 × 10⁹ N×m²/C² to calculate the magnitude of the electric field E1 due to q1.
E1 = (9.0 × 10⁹ × 3.15 × 10⁻⁶) / 0.0414² = 28350 / 0.00171396 ≈ 16.54 × 10⁶ V/m.

Step 4: Calculate the magnitude of the electric field E2 due to q2.
E2 = (9.0 × 10⁹ × 3.75 × 10⁻⁶) / 0.0414² = 33750 / 0.00171396 ≈ 19.69 × 10⁶ V/m.
Step 5: Calculate the net electric field strength at the midpoint. Since both charges are positive, the field E1 points away from q1 and E2 points away from q2. Because these vectors point in opposite directions, we subtract their magnitudes:
Enet = 19.69 × 10⁶ - 16.54 × 10⁶ ≈ 3.15 × 10⁶ V/m.",3.15*10^6,V/m
LD029,"Three point charges q1 = 4×10^-8 C, q2 = -4×10^-8 C, and q3 = 5×10^-8 C are placed in air at the three vertices A, B, C of an equilateral triangle with side a = 2 cm. Determine the magnitude of the force vector acting on q3.","Step 1: State Coulomb's constant (k) for charges in air.
Step 2: Identify the given charges and the side length of the equilateral triangle, converting units to meters.
Step 3: Calculate the magnitude of the force F13 exerted by charge q1 on charge q3 using Coulomb's Law, F = k × |q1×q3| / r^2.
Step 4: Determine the direction of F13. Since q1 and q3 are both positive, F13 is repulsive, directed along the line segment CA, away from q1.",45 × 10^-3,N
LD119,"Two point charges, q1 = +7 × 10^-8 C and q2 = -3 × 10^-8 C, are placed at points A and B, separated by 3 cm in the air. A third charge, q3 = +2 × 10^-8 C, is placed at point C, such that the distance from C to A is 3 cm and the distance from C to B is 4 cm. Calculate the net electric force acting on q3.","Step 1: Identify Coulomb's constant (k) and convert all distances to meters.
Step 2: Calculate the magnitude of the electric force F13 exerted by q1 on q3 using Coulomb's Law, F = k × |q1 × q3| / r_CA^2.
Step 3: Calculate the magnitude of the electric force F23 exerted by q2 on q3 using Coulomb's Law, F = k × |q2 × q3| / r_CB^2.
Step 4: Determine the angle (θ) between the force vectors F13 and F23 at point C. F13 is repulsive (away from A along CA), F23 is attractive (towards B along CB). The angle between these two vectors is the angle ACB, which can be found using the Law of Cosines: AB^2 = CA^2 + CB^2 - 2 × CA × CB × cos(ACB).
Step 5: The magnitude of the net electric force acting on q3 is approximately 12 × 10^-3 N.",12*10^-3,N
LD017,"Three charges: q1 = +3 μC, q2 = -2 μC, and q3 = +1 μC are placed 10 cm apart on a straight line. Calculate the force acting on q2.","Step 1: Identify the given values for charges and distances.
Step 2: Calculate the force exerted by q1 on q2 (F12).
Step 3: Determine the magnitude of F12.
Step 4: Calculate the force exerted by q3 on q2 (F32).",3.6,N
LD163,"Two electric forces have magnitudes of 12 N and 4 N, acting at an angle of 30° to each other. Calculate the resultant force of these two electric forces.","Step 1: Identify the magnitudes of the two forces, F1 = 12 N and F2 = 4 N, and the angle between them, θ = 30°.
Step 2: Use the formula for the magnitude of the resultant force (R) of two vectors: R = √(F1² + F2² + 2 × F1 × F2 × cos θ).
Step 3: Substitute the given values into the formula: R = √(12² + 4² + 2 × 12 × 4 × cos 30°).
Step 4: Calculate the terms: R = √(144 + 16 + 96 × (√3 / 2)).
Step 5: The magnitude of the resultant force of these two electric forces is approximately 15.593 N.",15.593,N
LD207,"Three identical charges, q = +5 × 10^-6 C, are placed at the three vertices of a right isosceles triangle with legs of 20 cm. Calculate the net force acting on the charge located at the right angle vertex.","Step 1: Identify the given values for the charges and the lengths of the triangle's legs.
Step 2: State Coulomb's Law formula for the magnitude of the electrostatic force between two point charges and the value of Coulomb's constant (k).
Step 3: Calculate the magnitude of the electrostatic force exerted by each of the two charges at the ends of the legs on the charge located at the right angle vertex.
Step 4: Recognize that these two forces are repulsive and act along the legs of the right triangle, meaning they are perpendicular to each other.
Step 5: The magnitude of the net electric force acting on the charge at the right-angle vertex is approximately 7.955 N.",7.955,N
LD139,"Three identical charges, q = -7 × 10^-6 C, are placed at the three vertices of an isosceles right-angled triangle with equal sides of length a = 12 cm. Calculate the net force acting on the charge located at the right-angle vertex.","Step 1: Identify the value of the three identical charges as q = -7 × 10^-6 C.
Step 2: Identify the geometric arrangement as an isosceles right-angled triangle, with equal side lengths (legs) a = 12 cm = 0.12 m.
Step 3: The net force is to be calculated on the charge located at the right-angle vertex. Let's denote this charge as Q_C, and the other two charges at the non-right-angle vertices as Q_A and Q_B.
Step 4: Due to the identical nature (all negative) of the charges, Q_A repels Q_C, and Q_B repels Q_C.
Step 5: The magnitude of the net electric force acting on the charge at the right-angle vertex is approximately 43.31 N.",43.31,N
LD034,"Two point charges q1 = 2×10⁻² µC and q2 = -2×10⁻² µC are placed at points A and B, separated by a distance a = 30 cm in air. What is the magnitude of the electric force exerted on a charge qo = 2×10⁻⁹ C placed at point M, which is equidistant from A and B by a distance equal to 'a'?","Step 1: Convert the given charge values and distances to standard SI units (Coulombs and meters).
Step 2: Calculate the magnitude of the electric force F1_M exerted by charge q1 on charge qo using Coulomb's Law, given the distance MA = a.
Step 3: Calculate the magnitude of the electric force F2_M exerted by charge q2 on charge qo using Coulomb's Law, given the distance MB = a.
Step 4: Determine the angle between the two force vectors, F1_M and F2_M, acting on qo. Since A, B, and M form an equilateral triangle, the angle AMB is 60 degrees. F1_M is repulsive (away from A) and F2_M is attractive (towards B), so the angle between their directions at M is 60 degrees.",4 × 10^-6,N
LD110,"Two charges q1 = +7 × 10^-8 C and q2 = -6 × 10^-8 C are placed at points A and B, 10 cm apart in air. A third charge q3 = +8 × 10^-8 C is placed at point C, such that the distance from C to A is 7 cm and the distance from C to B is 5 cm. Calculate the net electrostatic force acting on q3.","Step 1: Identify the given charges and distances from the question.
Step 2: Convert the distances from centimeters to meters: r_AC = 0.07 m, r_BC = 0.05 m, r_AB = 0.10 m.
Step 3: Note that Coulomb's constant (k) is necessary to calculate the electrostatic forces between charges.
Step 4: The value for Coulomb's constant (k) is not provided in the question.
Step 5: The magnitude of the net electrostatic force acting on q3 is approximately 0.023 N.",0.023,N
LD292,"Three electric charges, q1 = q2 = q3 = +4 × 10^-8 C, are placed at the three vertices of an equilateral triangle with a side length of 12 cm. Calculate the net electric force acting on q3. Give your answer rounded to three decimal places.","Step 1: Identify the given values. All three charges are identical and positive: q1 = q2 = q3 = +4 × 10⁻⁸ C. They are placed at the vertices of an equilateral triangle with a side length r = 12 cm.
Step 2: Convert the side length from centimeters to meters: r = 12 cm = 0.12 m.
Step 3: State the Coulomb's constant used: k = 9.0 × 10⁹ N×m²/C².
Step 4: Calculate the magnitude of the force exerted by q1 on q3 (F13) and by q2 on q3 (F23) using Coulomb's Law, F = k × |q_a × q_b| / r², where F13 = F23 = (9.0 × 10⁹ N×m²/C²) × (4 × 10⁻⁸ C)² / (0.12 m)² = 0.001 N.
Step 5: Determine the angle (θ) between the two force vectors. In an equilateral triangle, the internal angle is 60°. Since both forces are repulsive, they act outward, creating an angle of 60° between F13 and F23.
Step 6: Apply the vector addition formula for two forces at an angle, F_net = √(F13² + F23² + 2 × F13 × F23 × cos(θ)), where F_net = √((0.001 N)² + (0.001 N)² + 2 × 0.001 N × 0.001 N × cos(60°)) = 0.001 × √3 = 1.732 × 10⁻³ N.",1.732*10^-3,N
DT060,"A small sphere of mass m = 25 g, carrying an electric charge q = 2.5 x 10⁻⁷ C, is suspended by an inextensible string of negligible mass. It is placed in a uniform electric field with a horizontal electric field strength of magnitude E = 10⁶ V/m. Take g = 10 m/s². What is the angle of deflection of the string from the vertical?","Step 1: Identify the forces acting on the sphere in equilibrium: the gravitational force (downwards), the electric force (horizontal), and the tension force (along the string).
Step 2: Convert the mass from grams to kilograms.
Step 3: Calculate the magnitude of the gravitational force (weight) using F_g = mg.
Step 4: Calculate the magnitude of the electric force using F_e = qE.
Step 5: The angle of deflection of the string from the vertical is π / 4 rad.",1/4 \pi,rad
DT047,"A charge q is placed at point O in the air. Ox is an electric field line. Take two points A and B on Ox. Let M be the midpoint of AB. E_A is the electric field strength at A, and E_B is the electric field strength at B. Determine 1/sqrt(E_M) in terms of E_A and E_B.","Step 1: The electric field strength (E) due to a point charge (q) at a distance (r) is given by E = k|q| / r^2, where k is Coulomb's constant.
Step 2: From the formula, we can express the distance r as r = sqrt(k|q|) / sqrt(E).
Step 3: Applying this to points A, B, and M, their respective distances from O are r_A = sqrt(k|q|) / sqrtE_A, r_B = = sqrt(k|q|) / sqrtE_B, and r_M = = sqrt(k|q|) / sqrtE_M.
Step 4: Since A and B are on the electric field line Ox originating from O, and M is the midpoint of the segment AB, the distance of M from O is the average of the distances of A and B from O: r_M = (r_A + r_B) / 2.
Step 5: The value of 1/sqrt(E_M) in terms of E_A and E_B is 1 / 2 × ( 1 / sqrt(E_A) + 1 / sqrt(E_B) ).",1/2 . (1/ \sqrt{E_A} + 1/ \sqrt{E_B}),
DT096,"Two identical point charges, q = 2.0 × 10^-9 C, are placed at points A and B, 6.0 cm apart in air. Calculate the magnitude of the electric field strength at the midpoint M of the segment AB.","Step 1: Identify the given values for the charges and the distance between them.
Step 2: Determine the distance from each charge to the midpoint M.
Step 3: Recall the formula for the electric field strength due to a point charge, E = k × |q| / r², where k ≈ 9.0 × 10⁹ N×m²/C² is Coulomb's constant for air.
Step 4: Calculate the magnitude of the electric field (E_A) produced by charge A at point M.
Step 5: The magnitude of the resultant electric field at the midpoint M is 0 N / C.",0,N/C
DT082,"Two point charges, q1 = 8 x 10^-8 C and q2 = -8 x 10^-8 C, are placed at points A and B in air. The distance AB is 4 cm. Find the magnitude of the electric field vector at point C, which is on the perpendicular bisector of AB and is 2 cm away from AB.","Step 1: Identify the given values and relevant physical constant.
Step 2: Determine the distance from each charge to point C.
Step 3: Calculate the magnitude of the electric field produced by each charge at point C.
Step 4: Determine the direction of each electric field vector and their components.
Step 5: The magnitude of the resultant electric field at point C is approximately 1272792.21 V / m.",1272792.21,V/m
DT091,A charge Q = 0.7 x 10^^-9 C is uniformly distributed along a semicircle with center O and radius R = 20 cm. Determine the electric field strength at O.,"Step 1: Identify the given values and the required constant.
Step 2: Convert the radius to SI units (meters).
Step 3: Calculate the linear charge density (λ) of the semicircle.
Step 4: Apply the formula for the electric field at the center of a uniformly charged semicircle.
Step 5: The magnitude of the resultant electric field at the center O is 100 V / m.",100,V/m
DT020,"Four charges of the same magnitude q (C) are placed at the four vertices of a square ABCD with side length a (m). Positive charges are placed at vertices A and D, and negative charges are placed at vertices B and C. Determine the resultant electric field strength at the intersection point of the two diagonals of the square.","Step 1: Determine the distance from each vertex (where charges are located) to the center of the square (intersection of diagonals).
Step 2: The diagonal of a square with side 'a' is a√2. The distance from a vertex to the center is half the diagonal, which is r = (a√2)/2 = a/√2.
Step 3: Calculate the magnitude of the electric field (E_0) produced by a single charge of magnitude 'q' at the distance 'r'. E_0 = k × q / r² = k × q / (a/√2)² = k × q / (a²/2) = 2kq/a².
Step 4: Determine the direction of the electric field from each charge at the center. A (+q) and C (-q) are opposite. E_A points away from A (towards C). E_C points towards C. Thus, E_A and E_C both point along the diagonal AC towards C.
Step 5: Calculate the combined fields along each diagonal.
Step 6: Determine the direction and geometry of the vectors.
Step 7: The resultant electric field strength at the intersection point of the two diagonals of the square is 4 × sqrt(2) × k × q / (ε × a^2) V / m.",\frac{4 \sqrt{2} k q}{\epsilon a^2},V/m
DT034,"Points A and B are 15 cm apart in air. A charge q1 = -12 x 10^-6 C is placed at A, and a charge q2 = 2.5 x 10^-6 C is placed at B. Find point M where the net electric field due to these two charges is zero. Calculate the distance AM.","Step 1: Identify the given charges and the distance between points A and B.
Step 2: Determine the possible location for point M where the net electric field is zero. Since q1 is negative and q2 is positive, and |q1| > |q2|, the point M must be outside the segment AB and closer to the smaller magnitude charge, which means M is to the right of B.
Step 3: Let AM = x. The distance BM will then be x - 15 cm.
Step 4: For the net electric field to be zero at M, the electric field due to q1 (E1) must be equal in magnitude and opposite in direction to the electric field due to q2 (E2).
Step 5: Therefore, the net electric field is zero at point M, which is located outside the segment AB, at a distance of approximately 27.6 cm from point A.",27.6,cm
DT019,"Place four charges of the same magnitude q at the four vertices of a square ABCD with side length a. Positive charges are placed at A and C, and negative charges are placed at B and D. Determine the net electric field at the intersection of the square's two diagonals.","Step 1: Identify the given information. Let P be the intersection of the two diagonals of the square ABCD.
Step 2: Determine the distance from each charge to point P.
Step 3: Calculate the magnitude of the electric field due to each charge at P.
Step 4: Determine the direction of each electric field vector at P.
Step 6: The net electric field at P is 0 V / m.",0,V/m
DT033,"Charges q1 = -12 x 10^-6 C and q2 = 2.5 x 10^-6 C are placed at points A and B, respectively, which are 15 cm apart in air. Calculate the magnitude of the resultant electric field E at point C. Given that AC = 20 cm and BC = 5 cm.","Step 1: Identify the given charges and distances, and convert distances to SI units.
Step 2: Determine the geometric arrangement of points A, B, and C.
Step 3: Calculate the magnitude of the electric field E1 at point C due to charge q1 at A.
Step 4: Determine the direction of E1.
Step 5: Therefore, the magnitude of the resultant electric field at point C is 6.3 x 10^6 V / m.",6300000,V/m
DT075,"Consider two wide parallel insulating sheets with identical surface charge densities of σ. The distance between them is very small compared to their dimensions. What is the magnitude of the electric field at a point located between the two sheets, given that σ = 8.85 × 10^-6 C/m^2?","Step 1: Recall that the magnitude of the electric field (E) produced by a single infinite insulating sheet with uniform surface charge density σ is given by E = σ / (2ε₀), where ε₀ is the permittivity of free space.
Step 2: Since both sheets have identical surface charge densities σ (meaning they have the same sign, assume positive for demonstration), the electric field from each sheet points away from itself.
Step 3: For a point located between the two sheets, the electric field from the first sheet will point away from it (e.g., to the right), and the electric field from the second sheet will also point away from it (e.g., to the left).
Step 4: Because the fields from the two sheets are equal in magnitude (both σ / (2ε₀)) and opposite in direction at any point between them, they cancel each other out due to the principle of superposition.
Step 5: The magnitude of the net electric field at a point located between the two sheets is 0 N/C.",0,N/C
DT055,"At three vertices of a square with side length a = 40cm, three equal positive point charges (q1 = q2 = q3 = 5 x 10^-9 C) are placed. What is the magnitude of the electric field vector at the fourth vertex of the square?","Step 1: The electric field magnitude due to a point charge q at a distance r is given by E = k × |q| / r^2, where k = 9 x 10^9 N m^2/C^2.
Step 2: Convert the side length of the square from centimeters to meters: a = 40 cm = 0.4 m.
Step 3: Let the fourth vertex be the origin (0,0). Two charges are at (a,0) and (0,a), each at distance a from the origin. The third charge is at (a,a) at a distance of r_diag = sqrt(a^2 + a^2) = a*sqrt(2) from the origin.
Step 4: Calculate the magnitude of the electric field from the two charges located at distance 'a' (let's call them E_a): E_a = k × q / a^2 = (9 x 10^9 N m^2/C^2) × (5 x 10^-9 C) / (0.4 m)^2 = 45 / 0.16 = 281.25 N/C.
Step 5: The magnitude of the resultant electric field at the fourth vertex of the square is approximately 538 N / C.",538,N/C
DT054,"Determine the electric field vector generated by a system of two point charges, q1 = 2 x 10^-7 C and q2 = -4 x 10^-7 C, at the midpoint of the line segment connecting the two charges. The charges are separated by 10 cm and are located in alcohol, which has a dielectric constant of ε = 2.2.","Step 1: Identify the given values and convert units to SI where necessary.
Step 2: Calculate the effective Coulomb's constant in the alcohol medium using the dielectric constant (κ = 2.2) and the vacuum Coulomb's constant (k_0 = 8.99 x 10^9 N m^2/C^2).
Step 3: Determine the distance from each charge to the midpoint.
Step 4: Calculate the magnitude of the electric field (E1) generated by q1 at the midpoint using the formula E = k' × |q| / r^2.
Step 5: The magnitude of the resultant electric field at the midpoint is 9.8 x 10^5 V / m, and the vector points from q1 towards q2.",9.8 . 10^{5},N/C
DT094,"A point at a fixed distance from a charge in air has an electric field strength of 4000 V/m, directed from left to right. If a dielectric material with a dielectric constant of 2 now completely surrounds the point charge and the point under consideration, what will be the magnitude of the electric field strength at that point?","Step 1: The initial electric field strength in air is given as E_air = 4000 V/m.
Step 2: The dielectric constant of the material is given as κ = 2.
Step 3: The electric field strength inside a dielectric material is reduced by a factor equal to its dielectric constant compared to the field in air.
Step 4: The magnitude of the electric field strength in the dielectric is E_dielectric = E_air / κ.
Step 5: The magnitude of the resultant electric field at that point is 2000 V / m.",2000,V/m
DT098,"Two charges q₁ = +4 × 10^-9 C and q₂ = –4 × 10^-9 C are placed at points A and B, separated by 2 cm. Calculate the magnitude of the electric field strength at point M such that MA = 1 cm and MB = 3 cm.","Step 1: Determine the relative arrangement of points A, B, and M based on the given distances. Since AB = 2 cm, MA = 1 cm, and MB = 3 cm, it implies that point A is between M and B (MA + AB = MB, i.e., 1 cm + 2 cm = 3 cm).
Step 2: Calculate the magnitude of the electric field E₁ produced by charge q₁ at point M using E = k × |q| / r². E₁ = (9 × 10⁹ N⋅m²/C²) × |+4 × 10⁻⁹ C| / (0.01 m)².
Step 3: E₁ = 36 N⋅m²/C / 0.0001 m² = 360000 N/C. Since q₁ is positive and A is between M and B, E₁ points away from A, which is towards M (left in the M-A-B line).
Step 4: Calculate the magnitude of the electric field E₂ produced by charge q₂ at point M. E₂ = (9 × 10⁹ N⋅m²/C²) × |-4 × 10⁻⁹ C| / (0.03 m)².
Step 5: The magnitude of the resultant electric field at point M is 3.2 x 10⁵ N / C.",4.0 × 10⁴,N/C
DT057,"Two point charges q1 = -10^-6 C and q2 = 10^-6 C are placed at points A and B, 40cm apart, in the air. What is the resultant electric field strength at the midpoint M of AB?","Step 1: Identify the charges q1 = -10^-6 C and q2 = 10^-6 C, and the distance between A and B is 40 cm.
Step 2: Calculate the distance from each charge to the midpoint M. Since M is the midpoint, r_AM = r_BM = 40 cm / 2 = 20 cm = 0.2 m.
Step 3: State the Coulomb's constant for air, k = 9 × 10^9 N m^2/C^2.
Step 4: Calculate the magnitude of the electric field E1 at M due to charge q1: E1 = k × |q1| / r_AM^2 = (9 × 10^9 N m^2/C^2) × |-10^{-6} C| / (0.2 m)^2.
Step 5: The magnitude of the resultant electric field at the midpoint M is 4.5 x 10^5 V / m.",4.5 . 10^5,V/m
DT099,Two point charges q₁ = 5 × 10^-9 C and q₂ = 5 × 10^-9 C are placed 10 cm apart. Calculate the magnitude of the electric field at the midpoint between the two charges.,"Step 1: Identify the given charges and the total distance between them.
Step 2: Determine the distance from each charge to the midpoint, which is half the total distance.
Step 3: Calculate the magnitude of the electric field (E₁) produced by charge q₁ at the midpoint using the formula E = k|q|/r².
Step 4: Calculate the magnitude of the electric field (E₂) produced by charge q₂ at the midpoint using the formula E = k|q|/r².
Step 5: The magnitude of the resultant electric field at the midpoint is 0 V / m.",0,N/C
DT085,"Two electric charges, q1 = 4.10^–10 C and q2 = –4.10^–10 C, are placed at points A and B in air, with AB = 2 cm. Determine the electric field vector at point M, given that MA = 1 cm and MB = 3 cm.","Step 1: Identify the given charges and distances: q1 = 4.10^-10 C, q2 = -4.10^-10 C, AB = 2 cm, MA = 1 cm, MB = 3 cm.
Step 2: Determine the relative arrangement of points M, A, and B. Since MA = 1 cm, AB = 2 cm, and MB = 3 cm, it follows that MA + AB = MB (1 cm + 2 cm = 3 cm), meaning points M, A, and B are collinear with A between M and B.
Step 3: Convert distances to meters: MA = r1 = 0.01 m, MB = r2 = 0.03 m. The Coulomb's constant in air is k = 9.0 x 10^9 N m^2/C^2.
Step 4: Calculate the magnitude of the electric field E1 at M due to charge q1 using E = k × |q| / r^2: E1 = (9.0 x 10^9 N m^2/C^2) × (4.0 x 10^-10 C) / (0.01 m)^2 = 3.6 x 10^4 N/C.
Step 5: The magnitude of the resultant electric field at point M is 32000 V / m.",32000,V/m
DT045,"A charge q = 10^-7 C is placed in the electric field of a point charge Q, experiencing a force F = 3 mN. Calculate the magnitude of charge Q, given that the two charges are separated by a distance of 30 cm in vacuum.","Step 1: The given values are charge q = 10^-7 C, force F = 3 mN = 3 × 10^-3 N, and separation distance r = 30 cm = 0.30 m.
Step 2: Coulomb's Law states that the magnitude of the force F between two point charges Q and q separated by a distance r is given by F = k × |Q × q| / r^2.
Step 3: The Coulomb's constant k in vacuum is approximately 9 × 10^9 N×m^2 / C^2.
Step 4: To find the magnitude of Q, rearrange the formula: |Q| = (F × r^2) / (k × |q|).
Step 5: The magnitude of charge Q is 3 × 10^-7 C.",3 . 10^{-7},C
DT043,"An electron moves along the electric field lines of a uniform electric field with an electric field strength E = 100 V / m. Its initial velocity is 300 km / s, in the direction of the electric field vector E. What distance does the electron travel before its velocity reduces to zero?","Step 1: Identify the given values from the question: Electric field strength E = 100 V / m, initial velocity v_0 = 300 km / s, and final velocity v_f = 0 m / s.
Step 2: Convert the initial velocity to standard units: v_0 = 300 × 10^3 m / s.
Step 3: The electric force (F) on an electron with charge |q| in an electric field E is F = |q|E.
Step 4: According to Newton's second law, this force causes an acceleration (a) given by F = m_e × a, where m_e is the mass of the electron. Therefore, a = |q|E / m_e.
Step 5: The electron travels a distance of approximately 2.56 mm before its velocity reduces to zero.",2.56,mm
DT030,"Given two electric charges q1 = 9 x 10^-8 C and q2 = -16 x 10^-8 C are placed at two points A and B in air, separated by 12cm. Find the point where the electric field vector is zero, and calculate its distance from B.","Step 1: Identify the given charges q1 = 9 x 10^-8 C and q2 = -16 x 10^-8 C, and their separation distance AB = 12cm = 0.12m.
Step 2: Since the charges have opposite signs and different magnitudes, the point where the net electric field is zero must lie outside the segment AB, on the side of the charge with the smaller magnitude. In this case, |q1| < |q2|, so the point is on the line extending from B through A.
Step 3: Let x be the distance from point A to this zero-field point. The distance from point B to this point will then be (0.12m + x).
Step 4: For the net electric field to be zero, the magnitudes of the electric fields created by q1 (E1) and q2 (E2) at this point must be equal: E1 = E2.
Step 5: Therefore, the net electric field is zero at a point located on the extension of line AB (on the side of A), at a distance of 48 cm from point B.",48,cm
DT093,"Given three point charges: q1 = -2 μC, q2 = 3 μC, and q3 = -1 μC, placed at three collinear points A, B, and C. Point M is located to the left of A, and point N is located to the right of C, such that MA = AB = BC = CN = 10 cm. Calculate the magnitude of the electric field intensity (or electric field strength) at point N.","Step 1: Identify the given charges and their positions. q1 = -2 μC at point A, q2 = 3 μC at point B, q3 = -1 μC at point C.
Step 2: Determine the relative positions and distances. Given MA = AB = BC = CN = 10 cm = 0.1 m. If A is at position 0, B is at 0.1 m, C is at 0.2 m, and point N is at 0.2 m + 0.1 m = 0.3 m.
Step 3: Calculate the distance from each charge to point N. r1 (q1 to N) = 0.3 m, r2 (q2 to N) = 0.2 m, r3 (q3 to N) = 0.1 m. The Coulomb's constant k = 9 x 10^9 N m^2/C^2.
Step 4: Calculate the electric field E1 at N due to q1. E1 = k × |q1| / r1^2 = (9 × 10^9 N m^2/C^2) × (2 × 10^-6 C) / (0.3 m)^2 = 200,000 N/C. Since q1 is negative, E1 points towards q1 (left).
Step 5: The magnitude of the resultant electric field at point N is 4.25 x 10⁵ V / m.",4.25 . 10^5,V/m
DT052,"Two point charges, q1 = 0.5 nC and q2 = –0.5 nC, are placed at points A and B, separated by 6 cm in air. What is the magnitude of the electric field intensity at point M, which lies on the perpendicular bisector of AB, at a distance ℓ = 4 cm from the midpoint of AB?","Step 1: Identify the given values and relevant physical constants.
Step 2: Calculate the distance from each charge to point M.
Step 3: Calculate the magnitude of the electric field produced by each charge at point M.
Step 4: Determine the directions of the electric fields and resolve them into components.
Step 5: The magnitude of the electric field intensity at point M is 2160 V / m.",2160,V/m
DT051,"Two point charges, q1 = q2 = 5.10⁻¹⁶ C, are placed at vertices B and C of an equilateral triangle ABC with a side length of 8 cm, in air. What is the magnitude of the electric field at vertex A?","Step 1: Identify the given values: charges q1 = q2 = 5.10^-16 C, and side length of the equilateral triangle L = 8 cm.
Step 2: Convert the side length from centimeters to meters: L = 8 cm = 0.08 m.
Step 3: State the value of Coulomb's constant in air: k = 9 × 10^9 N×m^2 / C^2.
Step 4: Calculate the magnitude of the electric field (E) at vertex A due to each charge individually. Since q1 = q2 and the distance from each charge to A is L, the magnitudes are equal: E = k × |q| / L^2.
Step 5: The magnitude of the resultant electric field at vertex A is approximately 1.22 × 10^-3 V / m.",1.22 . 10^{-3},V/m
DT006,"Two point charges, q1 = 4 x 10^-6 C and q2 = -6.4 x 10^-6 C, are placed at points A and B respectively, which are 20 cm apart in air. Determine the electric field strength due to these two charges at point C, given that AC = 12 cm and BC = 16 cm. Also, determine the electric force acting on a charge q3 = -5 x 10^-8 C when placed at C.","Step 1: Identify the given charges and distances.
Step 2: Determine the geometry of points A, B, and C.
Step 3: Calculate the magnitude of the electric field E1 due to q1 at C.
Step 4: Determine the direction of E1 at C.
Step 5: Calculate E2 and its direction.
Step 6: Calculate the total electric field strength (E_C).
Step 7: The electric force acting on q3 is 0.168 N.",0.168,N
DT004,"At two points A and B, separated by 10 cm in air, two electric charges q1 = q2 = 16 x 10^-8 C are placed. Determine the electric force acting on q3 = 2 x 10^-6 C, placed at C, given that AC = BC = 8 cm.","Step 1: Identify the given charges and distances.
Step 2: State Coulomb's constant (k) for charges in air.
Step 3: Calculate the magnitude of the electrostatic force exerted by q1 on q3 (F13) using Coulomb's Law.
Step 4: Calculate the magnitude of the electrostatic force exerted by q2 on q3 (F23).
Step 5: Calculate the magnitude of F13 and F23.
Step 6: Determine the geometry and the angle.
Step 7:  the electric force acting on q3 is 0.7 N.",0.7,N
DT008,"Two charges, q1 = q2 = q (where q > 0, in Coulombs), are placed at points A and B, with the distance AB = 2a (meters). Point M is located on the perpendicular bisector of the line segment AB, at a distance h from AB. Determine the magnitude of the electric field vector at point M. Given k = 9 × 10^9.","Step 1: Identify the positions of the charges and point M.
Step 2: Calculate the distance from each charge to point M.
Step 3: Calculate the magnitude of the electric field produced by each charge at M.
Step 4: Determine the direction and components of the electric fields.
Step 5: Calculate the magnitude of the individual electric fields (E1, E2).
Step 6: Determine the direction and components.
Step 7: The magnitude of the electric field vector at point M is (2k|q|h) / (a^2 + h^2)^1.5 V / m.",/frac{2k \abs{q} h}{(a^2 + h^2)^1.5},V/m
DT095,"What is the magnitude of the electric field strength produced by a charge Q = 5 x 10^-9 (C) at a point in a vacuum, 10 (cm) away from the charge?","Step 1: Identify the given charge and distance.
Step 2: Convert the distance from centimeters to meters.
Step 3: Recall the formula for the electric field strength (E) due to a point charge (Q) in a vacuum at a distance (r): E = k × |Q| / r², where k is Coulomb's constant (approximately 9 x 10⁹ N×m²/C²).
Step 4: Substitute the given values (Q = 5 x 10⁻⁹ C, r = 0.10 m) and Coulomb's constant into the formula.
Step 5: The magnitude of the resultant electric field at that point is 4500 V / m.",4500,V/m
DT100,"Two electric charges q₁ = +2 × 10^-8 C and q₂ = +2 × 10^-8 C are placed at two points A and B, separated by 8 cm. Calculate the magnitude of the electric field at point M, which lies on the perpendicular bisector of AB and is 6 cm away from AB.","Step 1: Identify the given values for the charges and distances.
Step 2: Calculate the distance from each charge to point M. Let O be the midpoint of AB. AO = 8 cm / 2 = 4 cm = 0.04 m. OM = 6 cm = 0.06 m. The distance r from A to M (and B to M) is sqrt(AO² + OM²) = sqrt((0.04 m)² + (0.06 m)²).
Step 3: Calculate r = sqrt(0.0016 m² + 0.0036 m²) = sqrt(0.0052 m²).
Step 4: Calculate the magnitude of the electric field (E₁) produced by q₁ at M and E₂ produced by q₂ at M using Coulomb's constant k = 9 × 10⁹ N×m²/C². Since q₁ = q₂ and the distances are equal, E₁ = E₂ = k × |q| / r².
Step 5: The magnitude of the resultant electric field at point M is approximately 5.76 x 10^4 N / C.",5.76 x 10^4,N/C
DT025,"Given two point charges located along the Ox axis: charge q1 = -9 x 10^-6 C is placed at the origin O, and charge q2 = 4 x 10^-6 C is located 20 cm from the origin. What is the coordinate on the Ox axis where the electric field strength is zero?","Step 1: Identify the given charges and their positions.
Step 2: Determine the possible regions where the net electric field can be zero.
Step 3: Set up the equation for the magnitudes of the electric fields.
Step 4: Substitute the values into the magnitude equality equation.
Step 5: The electric field strength is zero at x = 60 cm.",60,cm
DT084,"At the three vertices of a right triangle (right-angled at A), with side lengths a = 50 cm, b = 40 cm, c = 30 cm, charges q1 = q2 = q3 = 10^–9 C are placed. Determine the electric field vector at point H, where H is the foot of the altitude dropped from vertex A.","Step 1: Identify the given values: charges q1 = q2 = q3 = q = 10⁻⁹ C, side lengths a = 50 cm, b = 40 cm, c = 30 cm. The triangle is right-angled at A. Point H is the foot of the altitude from A to the hypotenuse BC.
Step 2: Calculate the length of the altitude AH (let's call it h) using the area of the right triangle. The area of triangle ABC can be (1/2) × base × height = (1/2) × AB × AC = (1/2) × c × b = (1/2) × 30 cm × 40 cm = 600 cm². Alternatively, Area = (1/2) × hypotenuse × altitude = (1/2) × BC × AH = (1/2) × a × h. Thus, (1/2) × 50 cm × h = 600 cm², which gives h = 1200 / 50 = 24 cm. So, the distance from charge q1 (at A) to H is r_AH = 24 cm.
Step 3: Calculate the lengths of the segments BH and CH on the hypotenuse. In the right triangle ABH, BH² = AB² - AH² = 30² - 24² = 900 - 576 = 324, so BH = 18 cm. In the right triangle ACH, CH² = AC² - AH² = 40² - 24² = 1600 - 576 = 1024, so CH = 32 cm. (Check: BH + CH = 18 + 32 = 50 cm = a, which is correct).
Step 4: Convert all relevant distances to meters: r_AH = 0.24 m, r_BH = 0.18 m, r_CH = 0.32 m. Use Coulomb's constant k = 8.9875 × 10⁹ N×m²/C².
Step 5: The magnitude of the resultant electric field at point H is approximately 245.91 N / C.",245.91,N/C
DT005,"At two points A and B, 10 cm apart in the air, two point charges are placed: q1 = 6 x 10^-6 C and q2 = -6 x 10^-6 C. Determine the electric field strength caused by these two charges at point C, given that AC = BC = 12 cm. Calculate the electric force acting on a charge q3 = -3 x 10^-8 C placed at C.","Step 1: Identify given values and Coulomb's constant.
Step 2: Determine the geometry of points A, B, and C to find the perpendicular distance from C to the line AB.
Step 3: Calculate the magnitude of the electric field E1 created by charge q1 at point C.
Step 4: Calculate the magnitude of the electric field E2 created by charge q2 at point C.
Step 5: Calculate the magnitude of E1 and E2.
Step 6: Determine the direction of the electric field vectors.
Step 7: The electric force acting on q3 is 0.094 N.",0.094,N
DT044,"A charge q is placed in a dielectric medium. At point M, 40 cm away from q, the electric field has a magnitude of 9 x 10^5 V / m and is directed towards the charge q. Given that the dielectric constant of the medium is 2.5. Determine the sign and magnitude of q.","Step 1: Determine the sign of the charge q.
Step 2: Recall the formula for the magnitude of the electric field due to a point charge in a dielectric medium.
Step 3: Identify the given values and known constants.
Step 4: Rearrange the formula to solve for the magnitude of the charge |q|.
Step 5: The charge q is -40 x 10^-6 C.",-40 . 10^{-6},C
DT056,"Given two charges q1 = 4.10^-10 C and q2 = -4.10^-10 C, placed at points A and B respectively, in air. The distance between A and B is AB = a = 2 cm. Determine the net electric field vector at point N, such that A, B, and N form an equilateral triangle.","Step 1: Identify the given charges, distance, and Coulomb's constant for air.
Step 2: Recognize that points A, B, and N form an equilateral triangle, so the distances AN and BN are equal to AB.
Step 3: Calculate the magnitude of the electric field E1 produced by charge q1 at point N using E = k|q|/r².
Step 4: Determine the direction of E1. Since q1 is positive, E1 points from A towards N.
Step 5: The net electric field vector at point N has a magnitude of 9000 V/m, is parallel to AB, and points in the direction from A towards B.",9000,V/m
DT049,"Two point charges q1 and q2 are placed at A and B, with AB = 2 cm. Given that q1 + q2 = 7 x 10^-8 C, and at point M, which is 6 cm from q1 and 8 cm from q2, the electric field strength is E = 0. Find q1.","Step 1: Identify the given distances and the condition for the electric field at point M.
Step 2: Determine the geometric arrangement of points A, B, and M.
Step 3: Apply the condition for the net electric field at M to be zero.
Step 4: Deduce the signs of the charges based on the collinear arrangement and opposing fields.
Step 5: The value of charge q1 is -9 × 10^-8 C.",-9 × 10^-8,C
DT053,"Two point charges q1 = 2 x 10⁻² μC and q2 = –2 x 10⁻² μC are placed at points A and B, separated by a distance a = 30 cm, in the air. What is the magnitude of the electric field strength at point M, which is equidistant from A and B by a distance equal to a?","Step 1: Identify the given values and constants.
Step 2: Determine the geometry of the points A, B, and M.
Step 3: Calculate the magnitude of the electric field (E1) produced by charge q1 at point M.
Step 4: Calculate the magnitude of the electric field (E2) produced by charge q2 at point M.
Step 5: The magnitude of the net electric field strength at point M is 2000 V / m.",2000,V/m
DT088,A dust particle carries a positive charge and has a mass of 10^-6 g. It is in equilibrium in a vertical electric field E with a magnitude of E = 1000 V / m. Calculate the charge of the dust particle. Given g = 10 m / s^2.,"Step 1: Convert the mass of the dust particle from grams to kilograms.
Step 2: Identify the forces acting on the particle: gravitational force (downwards) and electric force (upwards, since the particle is positively charged and in equilibrium in a vertical field).
Step 3: Since the particle is in equilibrium, the net force is zero, meaning the magnitudes of the electric force and gravitational force are equal.
Step 4: Write the equilibrium equation: qE = mg.
Step 5: The charge of the dust particle is 10^-11 C.",10^{-11},C
DT001,"Two point charges, q1 and q2, are placed at points A and B, separated by 10 cm in air. Both charges have a magnitude of q1 = q2 = 16 x 10^-8 C. Determine the electric field strength produced by these two point charges at point M, where MA = MB = 5 cm.","Step 1: Identify the given values for the charges and distances.
Step 2: Note that q1 = 16 x 10^-8 C, q2 = 16 x 10^-8 C, distance MA = 5 cm, and distance MB = 5 cm. The distance between points A and B is 10 cm.
Step 3: Recognize that since MA + MB = 5 cm + 5 cm = 10 cm, and AB = 10 cm, point M must lie on the line segment connecting A and B, specifically at its midpoint.
Step 4: Recall the formula for the electric field strength E due to a point charge q at a distance r is E = k × |q| / r^2, where k is Coulomb's constant (approximately 9 x 10^9 Nm^2 / C^2 in air).
Step 5: Calculate the electric field strength (E1) produced by q1 at point M.
Step 6: Calculate the electric field strength (E2) produced by q2 at point M.
Step 7: Determine the direction of the electric field vectors.
Step 8: The electric field strength produced by these two point charges at point M is 0 V / m.",0,V/m
DT041,A small sphere carrying an electric charge of 10^-9 C is placed in air. What is the electric field strength at a point 3cm away from the sphere?,"Step 1: Identify the electric charge (q) of the small sphere.
Step 2: Identify the distance (r) from the sphere where the electric field strength is to be calculated.
Step 3: Convert the distance from centimeters to meters.
Step 4: Recall the formula for the magnitude of the electric field strength (E) due to a point charge in air (or vacuum).
Step 5: The electric field strength at a point 3 cm away from the sphere is 10^4 V / m.",10^4,V/m
DT081,"Determine the magnitude of the electric field strength at point M in air, 3 cm away from a point charge q = 2.10⁻⁸ C.","Step 1: Identify the given values from the question: the magnitude of the point charge q = 2.10⁻⁸ C and the distance r = 3 cm.
Step 2: Recall the formula for the magnitude of the electric field strength E due to a point charge: E = k × |q| / r², where k is Coulomb's constant.
Step 3: State the value of Coulomb's constant in air (or vacuum): k ≈ 9 × 10^9 N m^2/C^2..
Step 4: Convert the distance from centimeters to meters: r = 3 cm = 0.03 m.
Step 5: The magnitude of the resultant electric field at point M is 200000 V / m.",200000,V/m
DT063,"Four points A, B, C, D in the air form a rectangle ABCD with sides AD = 3 cm and AB = 4 cm. Charges q1, q2, q3 are placed respectively at A, B, C. Let E2 be the electric field vector created by q2 at D, and E13 be the resultant electric field vector created by charges q1 and q3 at D. Determine the value of q3, given that q2 = −12.5 x 10⁻⁸ C and E2 = E13 (as vectors).","Step 1: Define a coordinate system and determine distances.
Step 2: Calculate the electric field vector E2 at D due to charge q2 at B.
Step 3: Analyze the electric field vectors E1 and E3 at D.
Step 4: Apply the condition E2 = E13 by equating components.
Step 5: The value of charge q3 is -6.4 x 10⁻⁸ C.",-6.4 . 10^{-8},C
DT050,"Two point charges q1 and q2 are placed at A and B, with AB = 2 cm. Given that q1 + q2 = 7 x 10^-8 C. At point M, which is 6 cm from q1 and 8 cm from q2, the net electric field strength is E = 0. Find q2.","Step 1: Determine the geometric arrangement of points A, B, and M. Given distances are AB = 2 cm, AM = 6 cm, and BM = 8 cm. Since AB + AM = 2 + 6 = 8 cm, which equals BM, the points are collinear with A situated between B and M (B-A-M).
Step 2: Let r1 be the distance from q1 (at A) to M, so r1 = AM = 6 cm = 0.06 m. Let r2 be the distance from q2 (at B) to M, so r2 = BM = 8 cm = 0.08 m.
Step 3: For the net electric field strength E at M to be zero, the electric field E1 from q1 and the electric field E2 from q2 must be equal in magnitude and opposite in direction.
Step 4: The magnitudes of the electric fields are E1 = k|q1|/r1^2 and E2 = k|q2|/r2^2. Setting them equal: k|q1|/(0.06 m)^2 = k|q2|/(0.08 m)^2.
Step 5: The value of charge q2 is 1.6 × 10^-7 C.",1.6 × 10^-7,C
DT035,"Two point charges q1 = -9 x 10^-6 C and q2 = -4 x 10^-6 C are placed at two points A and B, respectively, which are 20 cm apart in air. Calculate the magnitude of the resultant electric field strength at point C, given that AC = 30 cm and BC = 10 cm.","Step 1: Identify the given values for charges q1 and q2, distances AB, AC, and BC, and the Coulomb's constant (k) for air.
Step 2: Analyze the distances (AB = 20 cm, AC = 30 cm, BC = 10 cm) to determine the geometric arrangement of points A, B, and C. Since AB + BC = 20 cm + 10 cm = 30 cm, which equals AC, points A, B, and C are collinear with point B located between A and C.
Step 3: Calculate the magnitude of the electric field E1 at point C due to charge q1 using the formula E = k × |q| / r^2, where k = 9 x 10^9 N⋅m^2 / C^2, |q1| = 9 x 10^-6 C, and r = AC = 0.30 m. E1 = (9 x 10^9 N⋅m^2 / C^2) × (9 x 10^-6 C) / (0.30 m)^2 = 9 x 10^5 N / C.
Step 4: Determine the direction of E1. Since q1 is a negative charge, the electric field E1 at C points towards q1, i.e., from C towards A.
Step 5: Therefore, the magnitude of the resultant electric field at point C is 45 x 10^5 V / m.",45.10^{5},V/m
DT090,"An infinitely long straight wire, placed in the air, is uniformly charged with a linear charge density λ = -6 x 10^-9 C / m. Calculate the electric field strength generated by this wire at point M, which is a distance r = 20 cm from the wire.","Step 1: Identify the given linear charge density λ = -6 x 10⁻⁹ C / m and the distance from the wire r = 20 cm.
Step 2: The quantity to be calculated is the electric field strength (E) at point M.
Step 3: Convert the distance to meters: r = 20 cm = 0.20 m.
Step 4: The formula for the magnitude of the electric field strength (E) due to an infinitely long straight charged wire is E = |λ| / (2πε₀r), where ε₀ is the permittivity of free space.
Step 5: The magnitude of the resultant electric field at point M is 540 V / m.",540,V/m
DT087,"A point charge q = 80 nC is fixed at O in oil. The dielectric constant of the oil is ε = 4. What is the electric field strength produced by q at point M, which is at a distance MO = 30 cm from O?","Step 1: Identify the given values from the question.
Step 2: Convert the given values to SI units.
Step 3: Recall the formula for the electric field strength E produced by a point charge q in a medium with dielectric constant ε at a distance r: E = (k_e / ε) × (q / r²), where k_e is Coulomb's constant.
Step 4: State the value of Coulomb's constant, k_e ≈ 9 × 10⁹ N×m²/C².
Step 5: The magnitude of the resultant electric field at point M is 2000 V / m.",2000,V/m
DT040,"At two vertices A and B of an equilateral triangle ABC with side length 'a', two point charges q1 = q2 = 4 x 10^-9 C are placed in air. What value must charge q3 have at vertex C so that the electric field strength produced by the system of three charges at the centroid G of the triangle is zero?","Step 1: Identify the charges q1, q2, q3 at vertices A, B, C respectively, and the point of interest G (the centroid) where the net electric field must be zero.
Step 2: Recognize that for an equilateral triangle with side length 'a', the distance from each vertex to the centroid is equal: GA = GB = GC = a/√3.
Step 3: Calculate the magnitude of the electric field contributions from q1 and q2 at G. Since q1 = q2 = 4 x 10^-9 C and GA = GB, the magnitudes E1 (due to q1) and E2 (due to q2) at G are equal: E1 = E2 = k × q1 / (a/√3)^2.
Step 4: Determine the directions of E1 and E2 at G. E1 points away from A along GA, and E2 points away from B along GB. The angle between these two field vectors at G is 120 degrees.
Step 5: Therefore, the charge q3 must have a value of 4 x 10^-9 C to make the net electric field at the centroid G zero.",4 . 10^{-9},C
DT059,"A dust particle with a mass of 3.6 x 10⁻¹⁵ kg, carrying an electric charge of 4.8 x 10⁻¹⁸ C, is in equilibrium between two oppositely charged, parallel horizontal metal plates. Calculate the electric field strength between the two metal plates. Take g = 10 m/s².","Step 1: Identify the forces acting on the dust particle. Since the particle is in equilibrium, the upward electric force balances the downward gravitational force.
Step 2: State the equilibrium condition: Electric Force (Fe) = Gravitational Force (Fg).
Step 3: Substitute the formulas for electric force (Fe = qE) and gravitational force (Fg = mg) into the equilibrium condition: qE = mg.
Step 4: Rearrange the equation to solve for the electric field strength (E): E = mg/q.
Step 5: The magnitude of the resultant electric field at point A is 7500 V / m.",7500,V/m
DT048,"At the three vertices of a right-angled triangle ABC (with the right angle at A), which has side lengths BC = 50 cm, AC = 40 cm, and AB = 30 cm, charges q1 = q2 = q3 = 10^-9 C are placed. Determine the magnitude of the electric field at point H, which is the foot of the altitude drawn from vertex A.","Step 1: Convert all given lengths to meters and state the charge value.
Step 2: Determine the position of point H, the foot of the altitude from A to BC.
Step 3: Calculate the distances from the other two vertices (B and C) to H.
Step 4: Calculate the magnitude of the electric field produced by each charge at H.
Step 5: Therefore, the magnitude of the net electric field at the foot of the altitude H is approximately 246 V / m.",246,V/m
DT061,"The electric field strength produced by a point charge at point A is 36 V / m, and at point B is 9 V / m. Points A and B lie on the same electric field line. What is the electric field strength at point C, the midpoint of AB?","Step 1: For a point charge, the electric field strength E is inversely proportional to the square of the distance r from the charge (E ∝ 1/r²).
Step 2: Given E_A = 36 V/m and E_B = 9 V / m. Using E ∝ 1 / r², we find that E_A / E_B = (r_B / r_A)².
Step 3: Calculating the ratio: 36 / 9 = 4, so (r_B / r_A)² = 4. Taking the square root (distances are positive), r_B = 2r_A. This means point B is twice as far from the charge as point A.
Step 4: Points A, B, and the point charge (O) are collinear. Two distinct arrangements are possible for the position of the charge relative to A and B.
Step 5: The magnitude of the resultant electric field at point C is 16 V / m.",16,V/m
DT029,"Two electric charges q1 = 9 x 10^-8 C and q2 = -16 x 10^-8 C are placed at points A and B, separated by 12 cm in the air. Find the point where the net electric field is zero, and calculate its distance from A.","Step 1: Identify the given charges and the distance separating them.
Step 2: Convert the separation distance to meters: 12 cm = 0.12 m.
Step 3: Determine the region where the net electric field can be zero. Since the charges q1 (positive) and q2 (negative) have opposite signs, the point where the net electric field is zero must be outside the segment connecting A and B.
Step 4: Compare the magnitudes of the charges: |q1| = 9 x 10^-8 C and |q2| = 16 x 10^-8 C. Since |q1| < |q2|, the zero-field point must be closer to the smaller magnitude charge, which is q1. Therefore, the point is to the left of A.
Step 5: Therefore, the net electric field is zero at a point located outside the segment AB, at a distance of 36 cm from point A.",36,cm
DT072,"A thin circular ring with a radius R = 5 cm carries a total charge Q = 3 μC, uniformly distributed along its circumference. The ring lies in the xy-plane, centered at the origin. Calculate the magnitude of the electric field at point P located on the z-axis, 2.5 cm from the center.","Step 1: Identify the given values: Radius R = 5 cm, Total charge Q = 3 μC, Distance from the center along the z-axis z = 2.5 cm.
Step 2: Convert the given values to SI units: R = 0.05 m, Q = 3 x 10^-6 C, z = 0.025 m.
Step 3: Recall the formula for the electric field on the axis of a uniformly charged ring: E = (k × Q × z) / (R² + z²)^(3/2), where k is Coulomb's constant (k = 9 x 10^9 N m²/C²).
Step 4: Substitute the values into the formula: E = (9 x 10^9 N m²/C² × 3 x 10^-6 C × 0.025 m) / ((0.05 m)² + (0.025 m)²)^(3/2).
Step 5: The magnitude of the resultant electric field at point P is approximately 3863925.47 N / C.",3863925.47,N/C
THCB114,Three voltage readings: 9.9V; 10.1V; 10.0V. Calculate the average voltage and the average absolute error.,"Step 1: Calculate the average voltage: (9.9 + 10.1 + 10.0) / 3 = 10.0 V.
Step 2: Calculate individual absolute deviations: |9.9 - 10.0| = 0.1 V; |10.1 - 10.0| = 0.1 V; |10.0 - 10.0| = 0.0 V.
Step 3: Calculate the average absolute error: (0.1 + 0.1 + 0.0) / 3.
Step 4: Final calculation: ≈ 0.067 V.",10.0; 0.067,V; V
THCB001,"An ammeter has a measuring range of 2 A and a least count of 0.1 A. When measuring the current through a light bulb, the reading is 1.2 A. What is the absolute error?","Step 1: Identify the given least count of the ammeter.
 Step 2: The least count of a measuring instrument represents the smallest division it can accurately read, and for aStep 1: Identify the least count of the instrument, which is given as 0.1 A.
Step 2: In measurement theory, when a specific absolute error is not otherwise provided, the absolute error (ΔI) is taken to be equal to the least count of the instrument.
Step 3: Note the reading of 1.2 A.
Step 4: Determine the absolute error: ΔI = 0.1 A. single measurement, this value is typically considered the absolute error or uncertainty associated with the instrument's precision.
 Step 3: The least count of the ammeter is given as 0.1 A.
 Step 4: Therefore, the absolute error is 0.1 A.",0.1,A
THCB089,The measured length is 12.0 ± 0.1 cm. Calculate the percentage relative error.,"Step 1: Identify the measured value L = 12.0 cm and absolute uncertainty delta L = 0.1 cm.
Step 2: Use the formula for percentage relative error: (delta L / L) × 100%.
Step 3: Substitute the values: (0.1 / 12.0) × 100%.
Step 4: Final calculation: 0.83%.",0.83,%
THCB120,"The actual weight is 65.0 kg, and a student measured 64.5 kg. Calculate the absolute error and the relative error.","Step 1: Calculate the absolute error: |64.5 - 65.0| = 0.5 kg.
Step 2: Calculate the relative error using the actual weight: 0.5 / 65.0.
Step 3: Convert to percentage: (0.5 / 65.0) × 100%.
Step 4: Final calculation: ≈ 0.77%.",0.5; 0.77,kg; %
THCB078,"A parallel circuit has R₁ = 30Ω, R₂ = 60Ω. U = 12V. Calculate the equivalent resistance.","Step 1: Apply the parallel formula: (30 × 60) / (30 + 60) = 1800 / 90.
Step 2: Result: 20 Ω.",Rtd = 20.0,Ω
THCB132,The measured value is 75.0 cm with an absolute error of 0.3 cm. Calculate the percentage relative error.,"Step 1: Identify measured value 75.0 cm and absolute error 0.3 cm.
Step 2: Calculate the relative error: 0.3 / 75.0 = 0.004.
Step 3: Convert the relative error to a percentage: 0.004 × 100%.
Step 4: Final calculation: 0.4%.",0.4,%
THCB069,"If both lamps glow brightly and are identical, with a supply voltage U = 6V, calculate the current through each lamp, given R = 6Ω.","Step 1: In a parallel circuit, each lamp receives the source voltage (if series resistance is negligible).
Step 2: Use Ohm's Law for one lamp: I = V / R = 6V / 6Ω = 1.0 A.
Step 3: Since lamps are identical, both branches draw 1.0 A",I_D = 1.0,A
THCB094,Three mass measurements were taken: 100.2 g; 100.0 g; 100.4 g. Calculate the average mass and the average absolute error.,"Step 1: Identify measurements: 100.2 g, 100.0 g, 100.4 g.
Step 2: Calculate average mass: (100.2 + 100.0 + 100.4) / 3 = 100.2 g.
Step 3: Calculate individual deviations: |100.2 - 100.2| = 0; |100.0 - 100.2| = 0.2; |100.4 - 100.2| = 0.2.
Step 4: Calculate average absolute error: (0 + 0.2 + 0.2) / 3 ≈ 0.133 g.",100.2; 0.133,g; g
THCB130,"he student's true height is 165.0 cm, and the student measured it as 164.0 cm. Calculate the absolute error and the relative percentage error.","Step 1: Calculate the absolute error: |164.0 - 165.0| = 1.0 cm.
Step 2: Calculate the relative error using the true height as the reference: 1.0 / 165.0.
Step 3: Convert to a percentage: (1.0 / 165.0) × 100%.
Step 4: Final calculation: ≈ 0.61%.",1.0; 0.61,cm; %
THCB081,"If the current through one lamp in a parallel circuit increases, how will the total current change?","Step 1: In a parallel circuit, total current (A1) is the sum of all branch currents.
Step 2: If the current through one branch increases while others stay constant, the sum must increase.
Step 3: This typically happens if the resistance of a branch decreases or the source voltage increases.
Step 4: Conclusion: The total current will increase.",Total current increases.,—
THCB075,A 24V source supplies 2 A of current to a circuit with two parallel lamps. Calculate the total power consumption of the circuit.,"Step 1: Identify total voltage (24V) and total current from ammeter A1 (2A).
Step 2: Use the power formula: P = V × I.
Step 3: Calculation: P = 24 × 2 = 48 W.",P = 48.0,W
THCB103,"The measured value is 100.0 cm, and the absolute error is 0.5 cm. Calculate the percentage relative error.","Step 1: Identify values: Measured value x = 100.0 cm, Absolute error Δx = 0.5 cm.
Step 2: Calculate relative error: 0.5 / 100.0 = 0.005.
Step 3: Convert to percentage: 0.005 × 100%.
Step 4: Final calculation: 0.5%.",0.5,%
THCB076,Two light bulbs with resistances R₁ = 20Ω and R₂ = 10Ω are connected in parallel. A voltage of U = 10V is applied across the combination. Calculate the current flowing through each bulb.,"Step 1: Current through D1: I1 = 10V / 20Ω = 0.5 A.
Step 2: Current through D2 (measured by A2): I2 = 10V / 10Ω = 1.0 A.",I₁ = 0.5; I₂ = 1.0,A; A
THCB134,The measured current is 3.00 ± 0.05 A. Calculate the percent relative uncertainty.,"Step 1: Identify measured current I = 3.00 A and absolute uncertainty delta I = 0.05 A.
Step 2: Calculate the relative uncertainty: 0.05 / 3.00 ≈ 0.0167.
Step 3: Convert to percentage: 0.0167 × 100%.
Step 4: Final calculation: ≈ 1.67%.",1.67,%
THCB097,"The measured value is 20.3 cm, while the true value is 20.0 cm. Calculate the absolute error and the relative error.","Step 1: Identify values: Measured = 20.3 cm, True = 20.0 cm.
Step 2: Calculate absolute error: |20.3 - 20.0| = 0.3 cm.
Step 3: Calculate relative error: 0.3 / 20.0.
Step 4: Final calculation: 0.015 (or 1.5%).",0.3; 1.5,cm; %
THCB118,Three temperature measurements: 36.6°C; 36.8°C; 36.7°C. Calculate the mean and the mean absolute error.,"Step 1: Calculate the mean temperature: (36.6 + 36.8 + 36.7) / 3 = 36.7 °C.
Step 2: Calculate individual deviations: |36.6 - 36.7| = 0.1; |36.8 - 36.7| = 0.1; |36.7 - 36.7| = 0.
Step 3: Calculate the mean absolute error: (0.1 + 0.1 + 0) / 3.
Step 4: Final calculation: ≈ 0.067 °C.",36.7; 0.067,°C; °C
THCB003,"Resistance R is calculated using the formula R = U/I, where U = 6.0 ± 0.1 V and I = 0.3 ± 0.01 A. What is the absolute error of R?","Step 1: Identify given values: U = 6.0 V, ΔU = 0.1 V, I = 0.3 A, and ΔI = 0.01 A.
Step 2: Calculate the nominal resistance: R = U / I = 6.0 / 0.3 = 20 Ω.
Step 3: Calculate the total relative error for a quotient (R = U/I): δR = δU + δI = (ΔU / U) + (ΔI / I).
Step 4: Substitute values: δR = (0.1 / 6.0) + (0.01 / 0.3) ≈ 0.0167 + 0.0333 = 0.05.
Step 5: Calculate absolute error of R: ΔR = R ⋅ δR = 20 ⋅ 0.05 = 1.0 Ω.",1.0,Ω
THCB008,"When measuring voltage with a voltmeter, the result is 6.3 ± 0.1 V. If this is used to calculate power with a current of 0.6 ± 0.02 A, what is the absolute error of the power?","Step 1: Identify values: V = 6.3 V, ΔV = 0.1 V, I = 0.6 A, ΔI = 0.02 A.
Step 2: Use the absolute error propagation formula for a product P = V ⋅ I: ΔP = V ⋅ ΔI + I ⋅ ΔV.
Step 3: Calculate the first term: 6.3 ⋅ 0.02 = 0.126.
Step 4: Calculate the second term: 0.6 ⋅ 0.1 = 0.06.
Step 5: Sum the terms: ΔP = 0.126 + 0.06 = 0.186 W.",0.19,W
THCB115,The force measurement result: 15.0 ± 0.3 N. Calculate the percentage relative error.,"Step 1: Identify measured force F = 15.0 N and absolute uncertainty ΔF = 0.3 N.
Step 2: Calculate relative error: 0.3 / 15.0 = 0.02.
Step 3: Convert to percentage: 0.02 × 100%.
Step 4: Final calculation: 2.0%.",2.0,%
THCB079,"The current through lamp D₁ is 1.2 A, and the current through lamp D₂ is 0.8 A. Calculate the total current.","Step 1: Identify that Đ1 and Đ2 are connected in parallel.
Step 2: Apply Kirchhoff's Current Law: The total current (A1) is the sum of the currents in each branch.
Step 3: Identify given branch currents: I1 = 1.2 A and I2 = 0.8 A.
Step 4: Calculate total current: I_total = 1.2 A + 0.8 A = 2.0 A.",I_total = 2.0,A
THCB112,An instrument has a least count of 0.5°C and measured 25°C. Calculate the percentage relative error.,"Step 1: Identify the least count as 0.5°C. For a single measurement, the absolute uncertainty is typically taken as the least count itself or half of it depending on the convention; here we use the least count: ΔT = 0.5°C.
Step 2: Identify the measured value T = 25°C.
Step 3: Calculate the percentage relative error: (0.5 / 25) × 100%.
Step 4: Final calculation: 2.0%.",2.0,%
THCB109,Mass measurement result: 200.0 ± 1.0 g. Calculate the percentage relative uncertainty.,"Step 1: Identify the measured value M = 200.0 g and absolute uncertainty ΔM = 1.0 g.
Step 2: Use the formula for percentage relative uncertainty: (ΔM / M) × 100%.
Step 3: Substitute the values: (1.0 / 200.0) × 100%.
Step 4: Final calculation: 0.5%.",0.5,%
THCB107,"The true value of the temperature is 100°C, and the student measured 98.5°C. Calculate the absolute error and the relative error.","Step 1: Calculate absolute error: |98.5 - 100| = 1.5 °C.
Step 2: Calculate relative error: 1.5 / 100.
Step 3: Convert to percentage: (1.5 / 100) × 100%.
Step 4: Final calculation: 1.5%.",1.5; 1.5,°C; %
THCB125,A student measures the length of a table as 1.20 m using a ruler with a least count (or smallest division) of 0.01 m. Calculate the percentage relative error.,"Step 1: Identify measured length L = 1.20 m and least count ΔL = 0.01 m.
Step 2: Calculate the relative error: 0.01 / 1.20 ≈ 0.00833.
Step 3: Convert to percentage: 0.00833 × 100%.
Step 4: Final calculation: ≈ 0.83%.",0.83,%
THCB071,"In an electrical circuit, if the resistance of branch D₂ decreases, how will the current through D₂ change?","Step 1: According to Ohm's Law (I = V / R), current is inversely proportional to resistance.
Step 2: As the resistance of branch D2 decreases, the current flowing through that branch (A2) will increase.
Step 3: This will also lead to an increase in the total current measured at A1.",Resistance decreases → current increases.,—
THCB004,"When measuring the current through a resistor, a value of 0.25 A was obtained with an uncertainty of ±0.01 A. What is the maximum possible current?","Step 1: Identify the measured current value as 0.25 A.
Step 2: Identify the uncertainty (absolute error) as ±0.01 A.
Step 3: Determine the upper bound of the measurement range by adding the uncertainty to the measured value.
Step 4: Calculate the maximum current: I_max = 0.25 + 0.01 = 0.26 A.",0.26,A
THCB111,The measured value is 30.0 ± 0.2 cm. Calculate the percentage relative error.,"Step 1: Identify measured value L = 30.0 cm and absolute uncertainty ΔL = 0.2 cm.
Step 2: Calculate relative uncertainty: 0.2 / 30.0 ≈ 0.00667.
Step 3: Convert to percentage: 0.00667 × 100%.
Step 4: Final calculation: ≈ 0.67%.",0.67,%
THCB092,The instrument has a least count of 0.1 cm. The measured value is 5.0 cm. Calculate the percentage relative error.,"Step 1: Identify the least count (LC) = 0.1 cm and measured value = 5.0 cm.
Step 2: Determine absolute error for a single reading (half-least-count rule): 0.1 / 2 = 0.05 cm.
Step 3: Calculate percentage relative error: (0.05 / 5.0) × 100%.
Step 4: Final calculation: 1.0%.",1.0,%
THCB006,"If the actual resistance is 10.2 Ω but the measured value is 9.8 Ω, what is the absolute error?","Step 1: Identify Actual Value = 10.2 Ω and Measured Value = 9.8 Ω.
Step 2: Use the formula for absolute error: ΔR = |Actual Value - Measured Value|.
Step 3: Substitute the values: ΔR = |10.2 - 9.8|.
Step 4: Final calculation: ΔR = 0.4 Ω.",0.4,Ω
THCB113,"The measured value is 80.0 cm, and the absolute error is 0.4 cm. Calculate the percent relative error.","Step 1: Identify the least count as 0.5°C. For a single measurement, the absolute uncertainty is typically taken as the least count itself or half of it depending on the convention; here we use the least count: ΔT = 0.5°C.
Step 2: Identify the measured value T = 25°C.
Step 3: Calculate the percentage relative error: (0.5 / 25) × 100%.
Step 4: Final calculation: 2.0%.",0.5,%
THCB102,A pressure gauge has a least count of 0.2 atm. It measures a pressure of 2.0 atm. Calculate the percentage relative error.,"Step 1: Identify measured pressure P = 2.0 atm. Use the least count as the absolute uncertainty for a single reading: ΔP = 0.2 .
Step 2: Calculate relative error: ΔP / P = 0.1 / 2.0.
Step 3: Convert to percentage: (0.2 / 2.0) × 100%.
Step 4: Final calculation: 10.0%.",10.0,%
THCB087,The true value of the object is 50.0 cm. The student measured 49.4 cm. Calculate the absolute error and the relative error.,"Step 1: Calculate absolute error: |Measured - True| = |49.4 - 50.0| = 0.6 cm.
Step 2: Formula for relative error: Absolute Error / True Value.
Step 3: Substitute values: 0.6 / 50.0.
Step 4: Final calculation: 0.012 (or 1.2%).",0.6; 1.2,cm; %
THCB005,"In an experiment, the measured voltage was 9.5 ± 0.2 V, and the measured current was 0.95 ± 0.02 A. What is the relative error in the power?","Step 1: Identify given values: Voltage V = 9.5 V, ΔV = 0.2 V; Current I = 0.95 A, ΔI = 0.02 A.
Step 2: Since Power P = V ⋅ I, the relative error of a product is the sum of the relative errors of its components.
Step 3: Calculate relative error of Voltage: δV = ΔV / V = 0.2 / 9.5 ≈ 0.02105.
Step 4: Calculate relative error of Current: δI = ΔI / I = 0.02 / 0.95 ≈ 0.02105.
Step 5: Calculate total relative error in Power: δP = δV + δI = 0.02105 + 0.02105 ≈ 0.0421 (or 4.21%).",4.21,%
THCB090,"A student measured a height of 1.65 m, whereas the actual value is 1.70 m. Calculate the absolute error and the relative error.","Step 1: Identify actual value = 1.70 m and measured value = 1.65 m.
Step 2: Calculate absolute error: |1.65 - 1.70| = 0.05 m.
Step 3: Calculate relative error: Absolute Error / Actual Value = 0.05 / 1.70.
Step 4: Final calculation: 0.029 (or 2.9%).",0.05; 2.94,m; %
THCB009,"In a series circuit, resistance R1 = 10 ± 0.5 Ω, R2 = 20 ± 1 Ω. What is the absolute error of the total resistance?","Step 1: Identify resistances and errors: R1 = 10 Ω, ΔR1 = 0.5 Ω; R2 = 20 Ω, ΔR2 = 1 Ω.
Step 2: For a sum (R_total = R1 + R2), the absolute error is the sum of the individual absolute errors.
Step 3: Apply the formula: ΔR_total = ΔR1 + ΔR2.
Step 4: Calculate the total: ΔR_total = 0.5 + 1 = 1.5 Ω.",1.5,Ω
THCB101,The length is measured as 60.0 ± 0.3 cm. Calculate the percentage relative uncertainty (or percentage relative error).,"Step 1: Identify measured length L = 60.0 cm and absolute uncertainty ΔL = 0.3 cm.
Step 2: Calculate relative uncertainty: 0.3 / 60.0 = 0.005.
Step 3: Convert to percentage: 0.005 × 100%.
Step 4: Final calculation: 0.5%.",0.5,%
THCB098,Three length measurements: 14.0 cm; 14.1 cm; 13.9 cm. Calculate the mean value and the average absolute error.,"Step 1: Identify measurements: 14.0, 14.1, 13.9 cm.
Step 2: Calculate mean value: (14.0 + 14.1 + 13.9) / 3 = 14.0 cm.
Step 3: Calculate individual deviations: |14.0 - 14.0| = 0; |14.1 - 14.0| = 0.1; |13.9 - 14.0| = 0.1.
Step 4: Calculate average absolute error: (0 + 0.1 + 0.1) / 3 ≈ 0.067 cm.",14.0; 0.067,cm; cm
THCB086,A student measures the length of a wooden rod as 25.0 ± 0.2 cm. Calculate the percentage relative error.,"Step 1: Identify Measured Value (L) = 25.0 cm and Absolute Error (delta L) = 0.2 cm.
Step 2: Formula for percentage relative error: (delta L / L) × 100%.
Step 3: Substitute values: (0.2 / 25.0) × 100%.
Step 4: Final calculation: 0.8%.",0.8,%
THCB091,The measured value is 8.00 ± 0.05 cm. Calculate the percentage relative error.,"Step 1: Identify measured value = 8.00 cm and absolute error = 0.05 cm.
Step 2: Calculate relative error: 0.05 / 8.00 = 0.00625.
Step 3: Convert to percentage: 0.00625 × 100%.
Step 4: Final calculation: 0.625%.",0.63,%
THCB066,"A voltage source of U = 9V. Two lamps are connected in parallel, and each lamp has a resistance R = 9Ω. Calculate the current through each lamp and the total current.","Step 1: Identify that lamps are in parallel. If the series variable resistor is set to 0 Ohms, each lamp receives the full 9V.
Step 2: Calculate the current through lamp 1: I1 = V / R = 9V / 9Ω = 1.0 A.
Step 3: Calculate the current through lamp 2: I2 = V / R = 9V / 9Ω = 1.0 A.
Step 4: Calculate total current (reading on A1): I_total = I1 + I2 = 1.0 A + 1.0 A = 2.0 A.",I_D₁ = 1.0; I_D₂ = 1.0; I_total = 2.0,A; A; A
THCB072,"Resistor D1 has a resistance of 10Ω, and Resistor D2 has a resistance of 5Ω. They are connected in parallel to a 10V power source. Calculate the total current flowing through the circuit.","Step 1: Calculate current for D1: I1 = 10V / 10Ω = 1.0 A.
Step 2: Calculate current for D2: I2 = 10V / 5Ω = 2.0 A.
Step 3: Calculate total current (A1): I_total = I1 + I2 = 1.0 A + 2.0 A = 3.0 A.",I_total = 3.0,A
THCB133,Three temperature measurements: 20.1°C; 20.0°C; 19.9°C. Calculate the average temperature and the average absolute error.,"Step 1: Calculate average temperature: (20.1 + 20.0 + 19.9) / 3 = 20.0 °C.
Step 2: Calculate individual deviations: |20.1 - 20.0| = 0.1; |20.0 - 20.0| = 0.0; |19.9 - 20.0| = 0.1.
Step 3: Calculate the average absolute error: (0.1 + 0.0 + 0.1) / 3.
Step 4: Final calculation: ≈ 0.067 °C.",20.0; 0.067,°C; °C
THCB083,"If two bulbs are connected in parallel, both at the same voltage, how bright will the bulb with lower resistance be?","Step 1: In parallel, both bulbs share the same voltage (V).
Step 2: Power (brightness) is calculated as P = V^2 / R.
Step 3: Because voltage is constant, a lower resistance (R) results in a higher power (P).
Step 4: Conclusion: The bulb with lower resistance will be brighter.",Brighter because the current is higher.,—
THCB129,Voltage measurement result: 220.0 ± 1.0 V. Calculate the percentage relative error.,"Step 1: Identify measured voltage V = 220.0 V and absolute uncertainty delta V = 1.0 V.
Step 2: Apply the formula for percentage relative error: (delta V / V) × 100%.
Step 3: Substitute the values: (1.0 / 220.0) × 100%.
Step 4: Final calculation: ≈ 0.45%.",0.45,%
THCB105,The measured voltage is 4.0 ± 0.1 V. Calculate the percentage relative uncertainty.,"Step 1: Identify measured voltage V = 4.0 V and absolute uncertainty ΔV = 0.1 V.
Step 2: Calculate relative uncertainty: 0.1 / 4.0 = 0.025.
Step 3: Convert to percentage: 0.025 × 100%.
Step 4: Final calculation: 2.5%.",2.5,%
THCB068,An 8Ω lamp is connected in parallel with a 16Ω lamp. A voltage of 8V is applied across them. Calculate the total current in the circuit.,"Step 1: Calculate parallel resistance (Rp): (8 × 16) / (8 + 16) = 128 / 24 = 5.33 Ω.
Step 2: Assuming the series variable resistor is 0 Ω, the total current (A1) is I = V / Rp.
Step 3: Calculation: I_total = 8V / 5.33Ω = 1.5 A.",I_total = 1.5,A
THCB117,"The measured value is 60.2 cm, and the true value is 60.0 cm. Calculate the absolute error and the relative error.","Step 1: Calculate the absolute error: |60.2 - 60.0| = 0.2 cm.
Step 2: Calculate the relative error using the true value: 0.2 / 60.0.
Step 3: Convert to a percentage: (0.2 / 60.0) × 100%.
Step 4: Final calculation: ≈ 0.33%.",0.2; 0.33,cm; %
THCB126,The measured length is 70.0 ± 0.2 cm. Calculate the percentage relative uncertainty.,"Step 1: Identify measured value 70.0 cm and absolute uncertainty 0.2 cm.
Step 2: Calculate the relative uncertainty: 0.2 / 70.0 ≈ 0.00286.
Step 3: Convert to percentage: 0.00286 × 100%.
Step 4: Final calculation: ≈ 0.29%.",0.29,%
THCB116,A student measured the length as 100.0 ± 0.5 cm. Calculate the percentage relative error.,"Step 1: Identify measured value 100.0 cm and absolute error 0.5 cm.
Step 2: Calculate the relative error: 0.5 / 100.0 = 0.005.
Step 3: Convert to a percentage: 0.005 × 100%.
Step 4: Final calculation: 0.5%.",0.5,%
THCB070,"Two lamps are connected in parallel, with a total current of 1.2 A. If lamp D₁ is removed, what will be the total current (given that lamp D₂ draws 0.5 A)?","Step 1: In a parallel circuit, removing one lamp stops the current in that specific branch.
Step 2: The current through the remaining functional branch (D2) remains 0.5 A.
Step 3: Therefore, the new total current (A1) will simply be equal to the current of the remaining branch.
Step 4: Final calculation: Total current = 0.5 A.",I_total_new = 0.5,A
NL343,A charged capacitor has a charge of 900 µC and a capacitance of 3 µF. What is the energy (J) stored in the capacitor?,"Step 1: Identify the given values from the question: Charge Q = 900 µC and Capacitance C = 3 µF.
Step 2: Convert the given values to SI units: Q = 900 × 10⁻⁶ C and C = 3 × 10⁻⁶ F.
Step 3: Recall the formula for the energy stored in a capacitor given charge and capacitance: W = (1/2) × Q² / C.
Step 4: Substitute the converted values into the formula: W = (1/2) × (900 × 10⁻⁶ C)² / (3 × 10⁻⁶ F) = 0.135 J.",0.135,J
NL326,"In an experiment, the dissipated electrical energy was measured to be 0.1 J, and the maximum magnetic energy in the coil was 0.9 J. What is the efficiency of the circuit?","Step 1: Identify the useful energy output from the circuit, which is the maximum magnetic energy in the coil: W_useful = 0.9 J.
Step 2: Identify the energy lost in the circuit, which is the dissipated electrical energy: W_lost = 0.1 J.
Step 3: Calculate the total energy input to the circuit by summing the useful energy and the lost energy: W_total = W_useful + W_lost = 0.9 + 0.1 = 1 J.
Step 4: Calculate the efficiency of the circuit using the formula: Efficiency = (W_useful / W_total) × 100% = (0.9 / 1) × 100% = 90%.",90,%
NL031,A capacitor with capacitance C = 60 μF is charged to U = 150 V. Calculate the electric field energy (mJ) in the capacitor.,"Step 1: The given capacitance of the capacitor is C = 60 μF.
Step 2: The given voltage across the capacitor is U = 150 V.
Step 3: Convert the capacitance from microfarads to farads: C = 60 × 10⁻⁶ F.
Step 4: The formula for the electric field energy (E) stored in a capacitor is E = (1/2)CU² = 0.675 J = 675.00 mJ.",675.00,mJ
NL104,"An inductor L = 0.6 H has a magnetic field energy of 0.54 mJ. Calculate the instantaneous current (unit: A, round the result to two decimal places).","Step 1: Identify the given values: the inductance L = 0.6 H and the magnetic field energy E = 0.54 mJ.
Step 2: Convert the magnetic field energy to Joules: E = 0.54 × 10⁻³ J.
Step 3: Recall the formula for magnetic energy stored in an inductor: E = (1/2) × L × I², where I is the instantaneous current.
Step 4: Rearrange the formula to solve for the current I: I = sqrt(2 × E / L) ≈ 0.04 A.",0.04,A
NL098,"An inductor has a current of 3 A, and the magnetic field energy is 2.7 mJ. Calculate the inductance L (H).","Step 1: Identify the given values: Current (I) = 3 A and magnetic field energy (E) = 2.7 mJ.
Step 2: Convert the magnetic field energy from millijoules to joules: E = 2.7 mJ = 2.7 × 10⁻³ J.
Step 3: Recall the formula for the energy stored in an inductor: E = (1/2)LI², where L is the inductance.
Step 4: Rearrange the formula to solve for inductance (L): L = 2E / I² = 0.0006 H.",0.0006,H
NL017,A capacitor has a capacitance C = 12 μF and stores 1.8 mJ of energy. Calculate the voltage U (V) across it (round the result to two decimal places).,"Step 1: The mathematical relationship defining the energy stored in a capacitor is E = 0.5 × C × U^2, where E represents the stored energy, C represents the capacitance, and U represents the potential difference.
Step 2: Rearranging the standard energy equation to mathematically isolate and solve for the potential difference yields the expression U = sqrt(2 × E / C).
Step 3: Substituting the explicitly specified parameters E = 1.8 × 10^-3 J and C = 12 × 10^-6 F into the derived relationship yields U = sqrt(2 × 1.8 × 10^-3 / (12 × 10^-6)) V.
Step 4: Evaluating the mathematical expression simplifies the radicand to exactly 300, establishing U = sqrt(300) V, or approximately 17.32 V.",17.32,V
NL127,"A capacitor has a capacitance of 10 μF. When the voltage (or potential difference) doubles, how many times does the energy increase?","Step 1: The energy stored in a capacitor is given by the formula E = (1/2) × C × U^2, where C is capacitance and U is voltage.
Step 2: Let the initial voltage be U1. The initial energy E1 is (1/2) × C × U1^2.
Step 3: The question states the voltage doubles, so the new voltage U2 = 2 × U1.
Step 4: The new energy E2 is (1/2) × C × (U2)^2 = (1/2) × C × (2 × U1)^2 = (1/2) × C × (4 × U1^2) = 4 × (1/2) × C × U1^2 = 4 × E1. Therefore, the energy increases 4 times.",4,lần
NL006,The energy stored in a 10 μF capacitor is 0.5 mJ. Calculate the voltage (unit: V) across its plates.,"Step 1: Identify the given values: capacitance (C) = 10 μF and energy stored (E) = 0.5 mJ.
Step 2: Convert the given values to standard SI units: C = 10 × 10⁻⁶ F and E = 0.5 × 10⁻³ J.
Step 3: Recall the formula for energy stored in a capacitor: E = 0.5 × C × U², where U is the voltage.
Step 4: Rearrange the formula to solve for voltage U: U = √(2E / C) = 10.00 V.",10.00,V
NL361,"A capacitor with capacitance C = 10 µF is connected to an ideal LC circuit. When the voltage across the capacitor is 100√2 V, what is the electric field energy?","Step 1: Identify the given parameters from the problem: capacitance C = 10 µF and the instantaneous voltage V = 100√2 V.
Step 2: Convert the capacitance to standard SI units (Farads): C = 10 × 10⁻⁶ F.
Step 3: State the formula for the energy stored in the electric field of a capacitor: W = (1/2) × C × V².
Step 4: Substitute the given values into the formula: W = (1/2) × (10 × 10⁻⁶) × (100√2)².
Step 5: Calculate the square of the voltage: (100√2)² = 100² × (√2)² = 10000 × 2 = 20000.
Step 6: Perform the multiplication: W = (1/2) × (10 × 10⁻⁶) × 20000.
Step 7: Simplify to find the final electric field energy: W = 5 × 10⁻⁶ × 20000 = 100000 × 10⁻⁶ = 0.1 J.",0.1,J
NL352,A coil has an inductance of 0.6 H and a current of 2 A. What is the magnetic field energy (J)?,"Step 1: Identify the given inductance (L) from the question, which is 0.6 H.
Step 2: Identify the given current (I) from the question, which is 2 A.
Step 3: Recall the formula for the magnetic energy (W_L) stored in an inductor: W_L = (1/2) × L × I^2.
Step 4: Substitute the given values into the formula: W_L = (1/2) × 0.6 H × (2 A)^2 = 1.2 J.",1.2,J
NL099,A capacitor stores 3.6 mJ of electrical energy when the voltage across it is 120 V. Calculate its capacitance C (μF).,"Step 1: Identify the given values from the question: energy stored (E) = 3.6 mJ and voltage (U) = 120 V.
Step 2: Convert the energy from millijoules (mJ) to joules (J): E = 3.6 × 10⁻³ J.
Step 3: Recall the formula for the electrical energy stored in a capacitor: E = ½ C U².
Step 4: Rearrange the formula to solve for capacitance (C): C = 2E / U² = 0.50 μF.",0.50,μF
NL392,"A coil has an inductance of 0.5 H, and the current through the coil is 3 A. Calculate the magnetic field energy.","COT
 Step 1: Identify the given values: Inductance (L) = 0.5 H and Current (I) = 3 A.
Step 2: State the formula for the magnetic field energy (U_B): U_B = (1/2) × L × I²
Step 3: Substitute the values into the formula: U_B = 1/2 × 0.5 × 3²
Step 4: Calculate the final result: U_B = 0.25 × 9 = 2.25 J.",2.25,J
NL097,A capacitor has C = 40 μF and U = 150 V. Calculate the energy (mJ) of the electric field.,"Step 1: Identify the given capacitance (C) and voltage (U).
Step 2: The formula for the energy (E) stored in a capacitor is E = (1/2) × C × U^2.
Step 3: Convert the capacitance from microfarads to farads: C = 40 μF = 40 × 10^-6 F.
Step 4: Substitute the values C = 40 × 10^-6 F and U = 150 V into the formula: E = (1/2) × (40 × 10^-6 F) × (150 V)^2 = 0.45 J = 450.00 mJ.",450.00,mJ
NL002,"A capacitor has a capacitance C = 50 μF, and the voltage across its plates is 60 V. Calculate the energy (mJ) stored in the electric field.","Step 1: Identify the given capacitance (C) from the question: C = 50 μF.
Step 2: Identify the given voltage (U) across the plates from the question: U = 60 V.
Step 3: Convert the capacitance from microfarads (μF) to farads (F): C = 50 × 10⁻⁶ F = 5 × 10⁻⁵ F.
Step 4: Recall the formula for the energy (E) stored in a capacitor: E = (1/2)CU² = (1/2) × 5 × 10⁻⁵ × 60² = 0.09 J = 90.00 mJ.",90.00,mJ
NL019,An inductor has a current of 2 A and a magnetic energy of 0.5 mJ. Calculate its inductance (mH).,"Step 1: Identify the given current (I) as 2 A and the given magnetic energy (E) as 0.5 mJ.
Step 2: Convert the magnetic energy from millijoules (mJ) to joules (J): E = 0.5 mJ = 0.5 × 10^-3 J.
Step 3: Recall the formula for magnetic energy stored in an inductor: E = (1/2) × L × I^2, where L is inductance.
Step 4: Rearrange the formula to solve for L: L = (2 × E) / I² = 0.25 mH.",0.25,mH
NL372,"An inductor has an inductance of 0.25 H. When the current reaches its maximum value of 2√2 A, what is the maximum magnetic field energy?","Step 1: Identify the given parameters: inductance L = 0.25 H and maximum current I_max = 2√2 A.
Step 2: State the formula for the maximum magnetic energy stored in an inductor: W_max = (1/2) × L × I_max².
Step 3: Substitute the given values into the formula: W_max = (1/2) × 0.25 × (2√2)².
Step 4: Calculate the square of the maximum current: (2√2)² = 2² × (√2)² = 4 × 2 = 8.
Step 5: Perform the multiplication: W_max = (1/2) × 0.25 × 8.
Step 6: Simplify the expression to find the maximum magnetic field energy: W_max = 0.125 × 8 = 1 J.",1,J
NL016,An inductor has a current of 1.8 A and a magnetic field energy of 3.24 mJ. Calculate the inductance L (H).,"Step 1: Identify the given values from the question: Current (I) = 1.8 A and magnetic field energy (E) = 3.24 mJ.
Step 2: Convert the magnetic field energy from millijoules to joules: E = 3.24 mJ = 3.24 × 10⁻³ J.
Step 3: Recall the formula for the energy stored in an inductor: E = (1/2) × L × I², where L is the inductance.
Step 4: Rearrange the formula to solve for L: L = (2 × E) / I² = 0.002 H.",0.002,H
NL390,A coil has a magnetic field energy of 0.64 J when the current is 4 A. Calculate the inductance.,"CoT:
Step 1: Identify the given values: Magnetic field energy (U_B) = 0.64 J and current (I) = 4 A.
Step 2: State the formula for the magnetic field energy: U_B = (1/2) × L × I²
Step 3: Rearrange the formula to find inductance (L): L = (2 × U_B) / I²
Step 4: Substitute the values and calculate the result directly: L = (2 × 0.64) / 4² = 0.08 H.",0.08,H
NL018,"A capacitor stores 0.75 mJ of energy when the voltage across it is 150 V. Calculate its capacitance (unit: μF, round the result to two decimal places).","Step 1: Identify the given energy stored in the capacitor E = 0.75 mJ and the voltage across it U = 150 V.
Step 2: Convert the energy from millijoules (mJ) to joules (J): E = 0.75 mJ = 0.75 × 10^-3 J.
Step 3: Use the formula for energy stored in a capacitor: E = (1/2) × C × U^2.
Step 4: Rearrange the formula to solve for capacitance (C): C = 2 × E / U^2 ≈ 0.07 μF.",0.07,μF
NL009,"A capacitor has a voltage of U = 200 V, and the stored electric field energy is 2 mJ. Calculate the capacitance (μF) of the capacitor.","Step 1: Identify the given voltage U = 200 V of the capacitor from the question.
Step 2: Identify the given stored electric field energy W = 2 mJ = 2 × 10^-3 J.
Step 3: State the formula for the energy stored in a capacitor: W = (1/2) × C × U².
Step 4: Rearrange the formula to solve for capacitance (C): C = 2 × W / U² = 0.10 μF.",0.10,μF
NL125,A capacitor has a capacitance of 60 μF and an electric field energy of 1.08 mJ. Calculate the voltage U (V).,"Step 1: Identify the given values: capacitance (C) = 60 μF and electric field energy (E) = 1.08 mJ.
Step 2: Convert the given values to standard SI units: C = 60 × 10⁻⁶ F and E = 1.08 × 10⁻³ J.
Step 3: Recall the formula for the energy stored in a capacitor: E = (1/2) × C × U², where U is the voltage.
Step 4: Rearrange the formula to solve for U: U² = (2 × E) / C, which means U = √((2 × E) / C) = 6.00 V.",6.00,V
NL386,A capacitor has a time-dependent voltage U(t) = 120sin(2000t) and a capacitance C = 10 µF. Calculate the maximum electric field energy.,"Step 1: Identify the given parameters: capacitance C = 10 µF and the time-dependent voltage equation U(t) = 120sin(2000t).
Step 2: Convert the capacitance to standard SI units: C = 10 × 10⁻⁶ F.
Step 3: Extract the maximum voltage (amplitude) U_max from the voltage equation U(t) = U_max × sin(ωt + φ). Here, U_max = 120 V.
Step 4: State the formula for the maximum energy stored in the electric field of a capacitor: W_max = (1/2) × C × U_max².
Step 5: Substitute the values into the formula: W_max = (1/2) × (10 × 10⁻⁶) × 120².
Step 6: Calculate the square of the maximum voltage: 120² = 14400.
Step 7: Perform the multiplication: W_max = 5 × 10⁻⁶ × 14400.
Step 8: The final calculation yields the maximum electric field energy: W_max = 72000 × 10⁻⁶ = 0.072 J.",0.072,J
NL342,A coil has a maximum magnetic energy of 2 J and an inductance of 0.5 H. What is the maximum current (A) through the coil (round the result to two decimal places)?,"Step 1: The formula for the magnetic energy (W_L) stored in an inductor is W_L = (1/2) × L × I^2, where L is the inductance and I is the current.
Step 2: Given the maximum magnetic energy (W_L_max) and inductance (L), the maximum current (I_max) can be found using W_L_max = (1/2) × L × I_max^2.
Step 3: Rearrange the formula to solve for I_max: I_max = sqrt((2 × E_max) / L).
Step 4: Substitute the given values: E_max = 2 J and L = 0.5 H: I_max = sqrt((2 × 2) / 0.5) = 2 × sqrt(2) A, or approximately 2.83 A.",2.83,A
NL101,An 80 μF capacitor is charged to 60 V. Calculate the energy stored (mJ) in the capacitor.,"Step 1: Identify the given values from the question: Capacitance (C) = 80 μF and Voltage (U) = 60 V.
Step 2: Convert the capacitance from microfarads to farads: 80 μF = 80 x 10^-6 F.
Step 3: Recall the formula for the energy (E) stored in a capacitor: E = 1/2 × C × U^2.
Step 4: Substitute the given values into the formula: E = 1/2 × (80 x 10^-6 F) × (60 V)^2 = 0.144 J = 144.00 mJ.",144.00,mJ
NL112,"An inductor has L = 0.4 H, the current through it is 3 A. Calculate the magnetic field energy (mJ).","Step 1: Identify the given values from the question.
Step 2: The inductance (L) is 0.4 H and the current (I) is 3 A.
Step 3: The formula for the magnetic field energy (E) stored in an inductor is E = (1/2) × L × I^2.
Step 4: Substitute the given values into the formula: E = (1/2) × (0.4 H) × (3 A)^2 = 1.8 J = 1800.00 mJ.",1800.00,mJ
NL335,"A capacitor with a capacitance of 2 µF is charged and then disconnected from the source. If the distance between the plates is quadrupled, how many times the initial energy is the new electric field energy?","Step 1: The electric capacitance C of an ideal parallel-plate capacitor is mathematically defined by the algebraic equation C = (epsilon_0 × A) / d, where d represents the explicit separation distance between the conductive plates.
Step 2: The instantaneous electric field energy W_C localized within the capacitor is mathematically defined by the algebraic equation W_C = 1/2 × Q^2 / C, where the parameter Q representing the electric charge remains strictly constant due to the physical disconnection from the charging source.
Step 3: Quadrupling the defined physical parameter d to the algebraic quantity 4 × d mathematically modifies the instantaneous capacitance strictly to the composite equation C' = (epsilon_0 × A) / (4 × d), which algebraically simplifies to C' = 0.25 × C.
Step 4: Substituting the modified capacitance parameter into the defined energy relationship yields the algebraic expression W_C' = 1/2 × Q^2 / (0.25 × C), which mathematically simplifies strictly to 4 × (1/2 × Q^2 / C) = 4 × W_C. The final calculated new electric field energy is exactly 4 times the initial energy.",4,-
NL095,"An LC circuit oscillates with current i(t) = I₀cos(ωt). When i = 0, where is the energy stored?","Step 1: In an LC circuit, energy is continuously exchanged between the inductor and the capacitor.
Step 2: The energy stored in the inductor is in its magnetic field and is given by E_L = ½LI², where I is the current.
Step 3: The energy stored in the capacitor is in its electric field and is given by E_C = Q²/(2C), where Q is the charge on the capacitor.
Step 4: The problem states that the current i = 0. The substitution of i = 0 into the formula of E_L yields E_L = 0. Therefore, all the energy is stored in the electric field of the capacitor.",all the energy is stored in the electric field of the capacitor.,—
NL349,"An inductor has an inductance of 0.2 H, and the current as a function of time is I = 2cos(100πt). What is the magnetic energy (J) at time t = 0?","Step 1: Identify the formula for magnetic energy stored in an inductor: W_L = (1/2) × L × I^2.
Step 2: Identify the given inductance L = 0.2 H and the current function I = 2cos(100πt).
Step 3: Calculate the current at the specified time t = 0: I(0) = 2 A.
Step 4: Substitute the inductance and the current at t = 0 into the magnetic energy formula: W_L(0) = (1/2) × L × I(0)^2 = (1/2) × 0.2 × 2^2 = 0.4 J.",0.4,J
NL034,A capacitor stores energy of 1 mJ when the voltage across it is 100 V. Calculate its capacitance (μF).,"Step 1: Identify the given energy stored in the capacitor E = 1 mJ and the voltage across it U = 100 V.
Step 2: Convert the energy from millijoules (mJ) to joules (J). E = 1 mJ = 1 × 10^-3 J.
Step 3: Recall the formula for the energy stored in a capacitor: E = (1/2) × C × U^2.
Step 4: Rearrange the formula to solve for capacitance (C): C = 2E / U^2 = 2 × 10^-7 F = 0.20 μF.",0.20,μF
NL357,"A coil has a current changing according to I(t) = 4sin(100πt), and an inductance L = 0.3 H. What is the maximum magnetic field energy (J)?","Step 1: The magnetic energy (W_L) stored in an inductor is given by the formula W_L = (1/2) × L × I², where L is the inductance and I is the current.
Step 2: The given current is I(t) = 4sin(100πt). The maximum value of the sine function is 1. Therefore, the maximum current (I_max) in the coil is 4 A.
Step 3: The given inductance (L) is 0.3 H.
Step 4: Substitute the given values into the formula: W_L_max = (1/2) × L × I_max² = (1/2) × 0.3 × 4² = 2.4 J.",2.4,J
NL358,A capacitor has a voltage U(t) = 200cos(500t) and a capacitance C = 2 µF. What is the maximum energy (J) stored in the electric field?,"Step 1: Identify the given parameters from the problem: the time-dependent voltage U(t) = 200cos(500t) and the capacitance C = 2 µF.
Step 2: Convert the capacitance to standard SI units: C = 2 × 10⁻⁶ F.
Step 3: From the general voltage equation U(t) = U0×cos(ωt + φ), extract the maximum voltage (amplitude) U0. Here, U0 = 200 V.
Step 4: State the formula for the maximum energy stored in the electric field of a capacitor: W_max = (1/2) × C × U0².
Step 5: Substitute the values into the formula: W_max = (1/2) × (2 × 10⁻⁶) × 200².
Step 6: Calculate the square of the voltage: 200² = 40000.
Step 7: Perform the final calculation: W_max = 10⁻⁶ × 40000 = 0.04 J.",0.04,J
NL332,"A coil has an inductance L = 0.4 H, and a current I = 5 A flows through it. What is the magnetic field energy?","Step 1: Identify the given values for inductance (L) and current (I).
Step 2: Recall the formula for the magnetic energy (W_L) stored in an inductor, which is W_L = (1/2) × L × I^2.
Step 3: Substitute L = 0.4 H and I = 5 A into the formula: W_L = (1/2) × (0.4 H) × (5 A)^2 = (1/2) × 0.4 × 25 = 0.2 × 25 = 5 J.
Step 4: The magnetic field energy is 5 J.",5,J
NL103,"A capacitor has an electric field energy of 1.8 mJ when its capacitance is 30 μF. Calculate the voltage across its plates (unit: V, round the result to two decimal places).","Step 1: Identify the given values: energy (E) = 1.8 mJ and capacitance (C) = 30 μF. The unknown is the voltage (U).
Step 2: Convert the given values to standard SI units: E = 1.8 mJ = 1.8 × 10^-3 J and C = 30 μF = 30 × 10^-6 F.
Step 3: Recall the formula for the energy stored in a capacitor: E = (1/2) × C × U^2.
Step 4: Rearrange the formula to solve for voltage (U): U = √(2 × E / C) = 2√30 V ≈ 10.95 V.",10.95,V
NL369,"In an oscillating LC circuit, when the current is 0.5 A, the magnetic field energy is 0.25 J. What is the inductance of the coil?","Step 1: Identify the given parameters from the problem: instantaneous current I = 0.5 A, and magnetic field energy W_L = 0.25 J.
Step 2: State the formula for the magnetic energy stored in an inductor: W_L = (1/2) × L × I².
Step 3: Rearrange the formula to solve for the inductance (L): L = (2 × W_L) / I².
Step 4: Substitute the given values into the rearranged formula: L = (2 × 0.25) / 0.5².
Step 5: Calculate the numerator: 2 × 0.25 = 0.5.
Step 6: Calculate the denominator (square of the current): 0.5² = 0.25.
Step 7: Perform the division to find the inductance: L = 0.5 / 0.25 = 2 H.",2,H
NL315,What is the shape of the graph representing the electrostatic energy as a function of capacitance C (keeping voltage U constant)?,"Step 1: Identify the formula for electrostatic energy (W_C) in terms of capacitance (C) and voltage (U).
Step 2: The formula is W_C = (1/2)CU².
Step 3: The question states that voltage (U) is kept constant.
Step 4: In the formula W = (1/2)CU², since (1/2) and U² are positive constants, the graph representing the electrostatic energy (W_C) as a function of capacitance (C) is a straight line with an upward inclination.",Upward straight line,-
NL089,A capacitor has an electric field energy of 0.8 mJ when U = 80 V. Calculate the capacitance (μF).,"Step 1: Identify the given values: energy stored (E) = 0.8 mJ and voltage (U) = 80 V.
Step 2: Convert the energy from millijoules to joules: E = 0.8 × 10⁻³ J.
Step 3: Recall the formula for the energy stored in a capacitor: E = (1/2)CU², where C is the capacitance.
Step 4: Rearrange the formula to solve for capacitance (C): C = 2E / U² = 0.25 μF.",0.25,μF
NL025,"In a harmonically oscillating LC circuit, when the current is maximum, where is the energy stored?","Step 1: The total electromagnetic energy in an ideal LC oscillating circuit is conserved and continuously transitions between the capacitor and the inductor, mathematically defined by the equation E = E_C + E_L.
Step 2: The instantaneous energy stored within the inductor is governed by the relationship E_L = 0.5 × L × I^2, where L represents the inductance and I represents the instantaneous current.
Step 3: When the instantaneous current reaches its maximum amplitude I = I_0, the magnetic field energy maximizes at E_L = 0.5 × L × I_0^2, which mathematically equates to the total available electromagnetic energy E.
Step 4: Because the total energy is completely conserved and E_L = E at this instant, the remaining electric field energy E_C must mathematically evaluate to zero. The final calculated result establishes that all energy is entirely stored in the magnetic field of the inductor.",all energy is entirely stored in the magnetic field of the inductor,—
NL364,"An LC circuit oscillates with a total energy of 0.8 J. At the moment the electric field energy is 0.2 J, what is the magnetic field energy?","Step 1: Identify the given parameters from the problem: total energy W = 0.8 J and electric field energy W_C = 0.2 J.
Step 2: State the principle of conservation of energy in an ideal LC circuit: The total energy is the sum of the electric field energy (stored in the capacitor) and the magnetic field energy (stored in the inductor), so W = W_C + W_L.
Step 3: Rearrange the formula to solve for the magnetic field energy: W_L = W - W_C.
Step 4: Substitute the given values into the equation: W_L = 0.8 - 0.2.
Step 5: Perform the subtraction to find the final result: W_L = 0.6 J.",0.6,J
NL321,"HeIn an ideal LC circuit, the total energy is 0.08 J. When the electric field energy is 0.02 J, what is the magnetic field energy (J)?","Step 1: The total energy (W) in the ideal LC circuit is given as 0.08 J.
Step 2: The electric field energy (WC) at a specific moment is given as 0.02 J.
Step 3: In an ideal LC circuit, the total energy (W) is conserved and is the sum of the electric field energy (WC) stored in the capacitor and the magnetic field energy (WL) stored in the inductor.
Step 4: The relationship is expressed as: W = WC + WL. Rearrange the equation to solve for WL: WL = W - WC = 0.08 - 0.02 = 0.06 J.",0.06,J
NL301,A capacitor with a capacitance of 5 µF is charged to a voltage of 200 V. What is the energy (J) stored in the capacitor?,"Step 1: Identify the given capacitance C = 5 µF and voltage U = 200 V.
Step 2: Convert the capacitance from microfarads (µF) to farads (F): C = 5 µF = 5 × 10^-6 F.
Step 3: State the formula for the energy stored in a capacitor (W_C): W_C = (1/2) × C × U^2.
Step 4: Substitute the given values into the formula: W_C = (1/2) × 5 × 10^-6 × 200^2 = 0.1 J.",0.1,J
NL319,A capacitor stores 0.2 J of energy when the voltage across it is 100 V. What is its capacitance (µF)?,"Step 1: Identify the given values from the question: Energy stored (W_C) = 0.2 J and Voltage (U) = 100 V.
Step 2: Recall the formula for the energy stored in a capacitor: W_C = (1/2) × C × U^2.
Step 3: Rearrange the formula to solve for capacitance (C): C = 2W_C / U^2.
Step 4: Substitute the given values into the rearranged formula: C = (2 × 0.2 J) / (100 V)^2 = 4 × 10^-5 F = 40 µF.",40,µF
NL316,What is the shape of the graph representing magnetic field energy as a function of inductance L (keeping I constant)?,"Step 1: The magnetic field energy (W_L) stored in an inductor is given by the formula W_L = (1/2) × L × I^2.
Step 2: The question asks for the shape of the graph representing magnetic field energy (W_L) as a function of inductance (L), while current (I) is kept constant.
Step 3: Since I is constant, the term (1/2) × I^2 is a constant positive value. Let this constant be 'k'.
Step 4: The relationship becomes U = k × L, which is the equation of a straight line passing through the origin with a positive slope 'k'.",Upward straight line,-
NL330,"When the electric field energy equals the magnetic field energy in an ideal LC circuit, what is the ratio of the voltage across the capacitor to the current in the inductor?","Step 1: The ratio of the instantaneous voltage V across the capacitor to the instantaneous current I in the inductor when the electric field energy precisely equals the magnetic field energy is mathematically defined by the algebraic equation V / I = sqrt(L / C), where L represents the constant circuit inductance and C represents the constant circuit capacitance.
Step 2: The fundamental resonant angular frequency omega of an ideal harmonically oscillating LC circuit is mathematically defined by the algebraic equation omega = 1 / sqrt(L × C).
Step 3: Squaring the resonant angular frequency equation and algebraically isolating the inductance parameter mathematically yields the algebraic expression L = 1 / (ω^2 × C).
Step 4: Substituting the derived inductance expression into the established voltage-to-current ratio mathematically yields V / I = sqrt((1 / (ω^2 × C)) / C), which simplifies algebraically strictly to V / I = sqrt(1 / (ω^2 × C^2)). Evaluating the principal square root mathematically yields 1 / (ω × C). The final calculated ratio of the voltage across the capacitor to the current in the inductor evaluates strictly to 1 / (ω × C).",1 / (ωC),Ω
NL014,"An inductor has an inductance L = 0.4 H, and the current flowing through it is 2.5 A. Calculate the magnetic field energy (mJ).","Step 1: Identify the given values from the question: Inductance L = 0.4 H and current I = 2.5 A.
Step 2: Recall the formula for the magnetic field energy (E) stored in an inductor: E = (1/2) × L × I^2.
Step 3: Substitute the given values into the formula: E = (1/2) × (0.4 H) × (2.5 A)^2.
Step 4: Calculate the energy: E = 0.5 × 0.4 × 6.25 = 0.2 × 6.25 = 1.25 J = 1250.00 mJ.",1250.00,mJ
NL026,"In an ideal LC circuit, when the current is zero, where is the energy entirely stored?","Step 1: In an ideal LC circuit, energy oscillates between the inductor (magnetic energy) and the capacitor (electric energy).
Step 2: The energy stored in an inductor is given by E_L = (1/2)LI^2, where L is inductance and I is current.
Step 3: The question states that the current (I) is zero.
Step 4: If I = 0, then the energy stored in the inductor (E_L) is zero. Therefore, all energy is entirely stored in the electric field of the capacitor.",all energy is entirely stored in the electric field of the capacitor,—
NL384,A coil has an instantaneous current I(t) = 2cos(1000t) and an inductance L = 0.5 H. Calculate the magnetic field energy at t = 0.002 s.,"Step 1: Identify the given parameters: time-dependent current I(t) = 2cos(1000t), inductance L = 0.5 H, and specific time t = 0.002 s.
Step 2: Calculate the instantaneous current at the given time. Substitute t = 0.002 into the current equation: I = 2 × cos(1000 × 0.002).
Step 3: Evaluate the argument of the cosine function (in radians): 1000 × 0.002 = 2 rad.
Step 4: Calculate the cosine value and the current: cos(2) ≈ -0.4161, so I ≈ 2 × (-0.4161) = -0.8322 A.
Step 5: State the formula for the magnetic energy stored in an inductor: W = (1/2) × L × I².
Step 6: Substitute the calculated current and the given inductance into the formula: W = (1/2) × 0.5 × (-0.8322)².
Step 7: Calculate the square of the instantaneous current: (-0.8322)² ≈ 0.6926.
Step 8: Perform the calculation: W = 0.25 × 0.6926 ≈ 0.17315 J.
Step 9: Round the result to three decimal places to get the final answer: W ≈ 0.173 J.",0.173,J
NL314,A capacitor has a capacitance of 10 µF and is charged to 100 V. What is the electric field energy (J)?,"Step 1: Identify the given values from the question: Capacitance (C) = 10 µF and Voltage (U) = 100 V.
Step 2: Convert the capacitance to standard units: C = 10 × 10^-6 F.
 Step 3: Recall the formula for the electric field energy (W_C) stored in a capacitor: W_C = 0.5 × C × U^2.
 Step 4: Substitute the given values into the formula: W_C = 0.5 × (10 × 10^-6 F) × (100 V)^2 = 0.05 J.",0.05,J
NL394,A coil has an instantaneous current I(t) = 2.5 × cos(1500t) A and an inductance L = 0.3 H. Calculate the magnetic field energy stored in the coil at t = 0.001 s.,"CoT:
Step 1: Identify the given values: Inductance (L) = 0.3 H, the current function I(t) = 2.5 × cos(1500t), and time (t) = 0.001 s.
Step 2: Calculate the value of the current (I) at t = 0.001 s. The argument (1500 × t) must be in radians: I = 2.5 × cos(1500 × 0.001) = 2.5 × cos(1.5 rad).
Step 3: Find the value of cos(1.5 rad): cos(1.5) ≈ 0.0707.
Step 4: Calculate the instantaneous current: I ≈ 2.5 × 0.0707 = 0.17675 A.
Step 5: State the formula for the magnetic field energy (U_B): U_B = (1/2) × L × I²
Step 6: Substitute the values into the formula: U_B = 0.5 × 0.3 × (0.17675)²
Step 7: Calculate the final result: U_B = 0.15 × 0.03124 ≈ 0.0047 J.",0.0047,J
NL028,An inductor has magnetic field energy of 5 mJ and a current of 2 A. Calculate the inductance (H).,"Step 1: Identify the given values from the question: magnetic field energy U = 5 mJ and current I = 2 A.
Step 2: Convert the energy to Joules: E = 5 x 10^-3 J.
Step 3: Recall the formula for energy stored in an inductor: E = (1/2) × L × I^2.
Step 4: Rearrange the formula to solve for inductance L: L = 2E / I^2 = 0.0025 H.",0.0025,H
NL397,"In an ideal LC circuit, the total energy is 0.5 J. When the magnetic field energy is 0.3 J, what is the voltage across the capacitor with capacitance C = 10 µF?","CoT:
Step 1: Identify the given values: Total energy (U_total) = 0.5 J, magnetic field energy (U_B) = 0.3 J, and capacitance (C) = 10 µF = 10 × 10⁻⁶ F.
Step 2: Calculate the electric field energy (U_E) stored in the capacitor: U_E = U_total - U_B = 0.5 - 0.3 = 0.2 J.
Step 3: State the formula for the electric field energy: U_E = (1/2) × C × V²
Step 4: Rearrange the formula to solve for voltage (V): V = √(2 × U_E / C)
Step 5: Substitute the values into the formula: V = √(2 × 0.2 / (10 × 10⁻⁶))
Step 6: Calculate the value inside the square root: 0.4 / 10⁻⁵ = 40000.
Step 7: Calculate the final voltage: V = √40000 = 200 V.",200,V
DDT220,When does an induced electromotive force appear in a solenoid?,"Step 1: An induced electromotive force (EMF) appears in a solenoid when there is a change in the magnetic flux passing through its coils.
Step 2: Magnetic flux is a measure of the total magnetic field passing through a given area.
Step 3: This change in magnetic flux can be caused by a change in the strength or direction of the magnetic field passing through the solenoid.
Step 4: One common cause is a change in the current flowing through the solenoid itself, which alters its own magnetic field and thus the magnetic flux (self-induction).
Step 5: Therefore, an induced electromotive force appears when the current changes with time.",the current changes with time,—
DDT219,"If the magnetic field in a solenoid increases, how does the magnetic field energy increase?","Step 1: The energy stored in a magnetic field, such as inside a solenoid, depends on the strength of the magnetic field.
Step 2: The magnetic field energy density (energy per unit volume) is given by the formula u = (1/2) × B^2 / μ, where B is the magnetic field strength and μ is the permeability of the material inside the solenoid.
Step 3: The total magnetic field energy (E) in the solenoid is the energy density multiplied by the volume (V) of the solenoid, so E = u × V = (1/2) × (V/μ) × B^2.
Step 4: From this formula, it is evident that the magnetic field energy (E) is directly proportional to the square of the magnetic field strength (B).
Step 5: Therefore, the magnetic field energy increases proportionally to B².",the magnetic field energy increases proportionally to B²,—
DDT385,"Given that the induced electromotive force is 0.3 V, and the current decreases uniformly from 2 A to 0 A in 0.05 s. Calculate the self-inductance.","Step 1: Identify the given values from the question: the induced electromotive force is ε = 0.3 V, the initial current is I₁ = 2 A, the final current is I₂ = 0 A, and the time interval is Δt = 0.05 s.
Step 2: Calculate the change in current: ΔI = I₂ − I₁ = 0 A − 2 A = −2 A.
Step 3: Calculate the rate of change of current: ΔI/Δt = (−2 A) / (0.05 s) = −40 A/s.
Step 4: Recall the relation between induced emf and self-inductance: |ε| = L*|ΔI/Δt|.
Step 5: Rearrange the formula to solve for inductance: L = ε / |ΔI/Δt|.
Step 6: Substitute the values into the formula: L = 0.3 V / 40 A/s.
Step 7: Perform the calculation with units: L = 0.0075 H.
Step 8: Final conclusion: the self-inductance of the coil is L = 7.5 × 10⁻³ H.",7.5 × 10⁻³,H
DDT148,A solenoid has an inductance L = 0.05 H. The current decreases uniformly from 2 A to 0 in 0.01 s. Calculate the induced electromotive force.,"Step 1: Identify the given inductance (L), initial current ($I_{initial}$), final current ($I_{final}$), and time interval ($\Delta t$).
Step 2: Calculate the change in current ($\Delta I = I_{final} - I_{initial}$).
Step 3: Calculate the rate of change of current ($\frac{dI}{dt} = \frac{\Delta I}{\Delta t}$).
Step 4: Use the formula for induced electromotive force ($\mathcal{E} = -L \frac{dI}{dt}$) to find the induced EMF.
Step 5: Substitute the values: $\Delta I$ = 0 A - 2 A = -2 A; $\Delta t$ = 0.01 s.
Step 6: Calculate the rate: $\frac{dI}{dt}$ = -2 A / 0.01 s = -200 A/s.
Step 7: Calculate the EMF: $\mathcal{E}$ = -0.05 H × (-200 A/s) = 10.00 V.",10.00,V
DDT325,"Given a circuit with C = 50 μF and f = 60 Hz, determine the capacitive reactance Z_C.","Step 1: Identify the given values from the question: capacitance C = 50 μF and frequency f = 60 Hz.
Step 2: State the formula for capacitive reactance: Z_C = 1 / (2×pi*f*C).
Step 3: Convert the capacitance to farads: C = 50 μF = 50 × 10⁻⁶ F = 0.000050 F.
Step 4: Substitute the given values into the formula: Z_C = 1 / (2×pi*60 Hz*0.000050 F).
Step 5: Calculate the denominator step by step with units:
2×pi ≈ 6.2832 (dimensionless constant)
6.2832 × 60 Hz = 376.992 s⁻¹
376.992 s⁻¹ × 0.000050 F = 0.0188496
Step 6: Calculate the capacitive reactance:
Z_C = 1 / 0.0188496 = 53.05 Ω.
Step 7: State the final conclusion: the capacitive reactance is Z_C = 53.05 Ω.",53.05,Ω
DDT154,"A solenoid has an inductance of 0.1 H. If the current increases from 0 to 4 A in 0.02 s, what is the average induced electromotive force?","Step 1: Identify the given inductance (L) as 0.1 H.
Step 2: Determine the change in current (ΔI) as the final current minus the initial current: ΔI = 4 A - 0 A = 4 A.
Step 3: Identify the time interval (Δt) as 0.02 s.
Step 4: Calculate the average rate of change of current (ΔI/Δt): ΔI/Δt = 4 A / 0.02 s = 200 A/s.
Step 5: Apply the formula for the average induced electromotive force, ε = L × (ΔI/Δt), which gives ε = 0.1 H × 200 A/s, resulting in an average induced electromotive force of 20.0 V.",20.0,V
DDT206,What is the unit of induced electromotive force?,"Step 1: The question asks for the unit of induced electromotive force (EMF).
Step 2: Electromotive force (EMF) is a measure of the energy provided per unit charge.
Step 3: The standard international (SI) unit for electromotive force (EMF), whether induced or not, is the Volt.
Step 4: The unit of induced electromotive force is the Volt (V).",Volt (V),—
DDT330,"In an RLC circuit, Z_L = 70 Ω and Z_C = 50 Ω. What is the circuit's characteristic?","Step 1: Identify the given values from the problem: the inductive reactance is Z_L = 70 Ω and the capacitive reactance is Z_C = 50 Ω.
Step 2: Recall the rule used to determine the characteristic of an RLC circuit: if Z_L > Z_C the circuit is inductive, if Z_L < Z_C the circuit is capacitive, and if Z_L = Z_C the circuit is at resonance.
Step 3: Compare the given reactances: Z_L = 70 Ω and Z_C = 50 Ω, therefore 70 Ω > 50 Ω and Z_L > Z_C.
Step 4: Determine the dominant reactance in the circuit: since the inductive reactance is greater than the capacitive reactance, the inductive effect dominates.
Step 5: State the final conclusion: the circuit exhibits an inductive characteristic.",the circuit exhibits an inductive characteristic,—
DDT202,"A solenoid has a turn density of 2500 turns/m, an electric current of 2 A. Calculate the magnetic field inside the solenoid.","Step 1: Identify the given values from the question. The turn density (n) is 2500 turns/m and the current (I) is 2 A.
Step 2: Recall the formula for the magnetic field (B) inside a long solenoid, which is B = μ₀ × n × I.
Step 3: Recall the value of the permeability of free space (μ₀), which is 4π × 10^-7 T×m/A.
Step 4: Substitute the given values into the formula: B = (4π × 10^-7 T×m/A) × (2500 turns/m) × (2 A).
Step 5: Calculate B = 2π × 10^-3 T = 6.283 × 10^-3 T = 6.283 mT.",6.283,mT
DDT382,A solenoid has n = 2500 turns/m and carries a current of 3 A. Calculate the magnetic field inside.,"Step 1: Identify the given values from the question: the number of turns per unit length is n = 2500 turns/m and the current through the solenoid is I = 3 A.
Step 2: Recall the formula for the magnetic field inside a long solenoid: B = μ₀*n*I, where μ₀ = 4×pi × 10⁻⁷ T×m/A.
Step 3: Substitute the given values into the formula: B = (4×pi × 10⁻⁷ T×m/A)×(2500 turns/m)×(3 A).
Step 4: Multiply the quantities with units: 2500 turns/m × 3 A = 7500 A×turns/m, therefore B = (4×pi × 10⁻⁷ T×m/A)×(7500 A×turns/m).
Step 5: Write 7500 A×turns/m = 7.5 × 10³ A×turns/m and combine the powers of ten: B = 4×pi × 10⁻⁷ × 7.5 × 10³ T = 30×pi × 10⁻⁴ T.
Step 6: Convert to decimal form: 30×pi ≈ 94.25, therefore B ≈ 94.25 × 10⁻⁴ T = 9.42 × 10⁻³ T.
Step 7: Final conclusion: the magnetic field inside the solenoid is B ≈ 9.42 × 10⁻³ T.",9.42×10⁻³,T
DDT389,"The current increases uniformly from 0 to 6 A in 0.03 s, producing an induced electromotive force of 1.2 V. Calculate the self-inductance.","Step 1: Identify the given values from the question: the current increases from 0 A to 6 A, the time interval is Δt = 0.03 s, and the induced electromotive force is ε = 1.2 V.
Step 2: Calculate the change in current and the rate of change of current: ΔI = 6 A − 0 A = 6 A, therefore ΔI/Δt = 6 A / 0.03 s = 200 A/s.
Step 3: Recall the formula for induced electromotive force in an inductor: ε = L*(ΔI/Δt).
Step 4: Rearrange the formula to determine the inductance: L = ε / (ΔI/Δt).
Step 5: Substitute the values into the formula: L = 1.2 V / (200 A/s).
Step 6: Final conclusion: the self-inductance of the coil is L = 0.006 H.",0.006,H
DDT140,"In an ideal solenoid, what are the characteristics of the external magnetic field?","Step 1: The question asks about the external magnetic field of an ideal solenoid.
Step 2: An ideal solenoid is a theoretical construct often assumed to be infinitely long.
Step 3: For an infinitely long ideal solenoid, the magnetic field is confined entirely to its interior.
Step 4: Therefore, the magnetic field outside an ideal solenoid is considered to be zero.
Step 5: This occurs because the magnetic field lines produced by each loop of the solenoid cancel each other out completely in the region outside the coils.
Step 6: Conclude that for a perfect, infinitely long solenoid, the external magnetic field is zero (B_ext = 0).",Approximately zero,—
DDT327,"For an RLC circuit with R = 12 Ω and Z = 20 Ω, calculate the power factor (cosφ).","Step 1: Identify the given values from the question: resistance R = 12 Ω and total impedance Z = 20 Ω, and the goal is to calculate the power factor cosφ.
Step 2: Recall the formula for the power factor in an AC circuit: cosφ = R / Z.
Step 3: Substitute the given values into the formula: cosφ = 12 Ω / 20 Ω.
Step 4: Perform the calculation with units: 12 Ω / 20 Ω = 0.60.
Step 5: State the final conclusion: the power factor of the circuit is cosφ = 0.60.",0.60,
DDT374,"A solenoid is 0.6 m long, has 1200 turns, and a current of 2 A flows through it. Calculate the magnetic flux through a cross-sectional area of 4×10⁻⁴ m².","Step 1: Identify the given values from the question: the length of the solenoid is L = 0.6 m, the number of turns is N = 1200 turns, the current through the solenoid is I = 2 A, and the cross-sectional area is A = 4 × 10⁻⁴ m². The objective is to calculate the magnetic flux through the cross-sectional area of the solenoid.
Step 2: Recall the formula for the magnetic field inside a long solenoid: B = μ₀*(N/L)×I, where μ₀ = 4×pi × 10⁻⁷ T×m/A.
Step 3: Calculate the number of turns per unit length: N/L = 1200 / 0.6 = 2000 turns/m.
Step 4: Substitute the values into the magnetic field formula: B = (4×pi × 10⁻⁷ T×m/A)×(2000)×(2 A).
Step 5: Multiply the numerical values: 2000 × 2 = 4000, therefore B = 4×pi × 10⁻⁷ × 4000.
Step 6: Express 4000 in scientific notation: 4000 = 4 × 10³, therefore B = 4×pi × 10⁻⁷ × 4 × 10³ = 16×pi × 10⁻⁴.
Step 7: Convert to decimal form: 16×pi ≈ 50.27, therefore B ≈ 50.27 × 10⁻⁴ T = 5.03 × 10⁻³ T.
Step 8: Recall the formula for magnetic flux through an area: Φ = B*A.
Step 9: Substitute the values into the magnetic flux formula: Φ = (5.03 × 10⁻³ T)×(4 × 10⁻⁴ m²).
Step 10: Perform the multiplication: 5.03 × 4 = 20.12 and 10⁻³ × 10⁻⁴ = 10⁻⁷, therefore Φ = 20.12 × 10⁻⁷ Wb.
Step 11: Express the result in standard scientific notation: Φ = 2.01 × 10⁻⁶ Wb.",2.01×10⁻⁶,Wb
DDT381,A solenoid is 0.5 m long and has 1500 turns. Calculate the number of turns per unit length.,"Step 1: Identify the given values from the question: the total number of turns of the solenoid is N = 1500 turns and the length of the solenoid is L = 0.5 m. The objective is to calculate the number of turns per unit length of the solenoid.
Step 2: Recall the definition of turns per unit length. The number of turns per unit length represents how many coil turns are distributed along each meter of the solenoid and is commonly denoted by n.
Step 3: Recall the formula used to determine the number of turns per unit length: n = N / L.
Step 4: Substitute the given values into the formula: n = 1500 turns / 0.5 m.
Step 5: Perform the calculation step by step: dividing 1500 by 0.5 is equivalent to multiplying 1500 by 2.
Step 6: Calculate the result: 1500 × 2 = 3000.
Step 7: Attach the correct unit to the result. Since the quantity represents the number of turns per meter, the unit is turns/m.
Step 8: State the final conclusion: the number of turns per unit length of the solenoid is n = 3000 turns/m.",3000,turns/m
DDT380,"The current through a solenoid increases uniformly from 0 to 5 A over a period of 0.2 s. Given that the induced electromotive force is 0.5 V, determine the self-inductance.","Step 1: Identify the given values from the question: the current increases from 0 A to 5 A, the time interval is Δt = 0.2 s, and the induced electromotive force is ε = 0.5 V.
Step 2: Determine the change in current and recall the self-induction relation: ΔI = 5 A − 0 A = 5 A and the formula connecting induced emf and inductance is |ε| = L*(ΔI/Δt).
Step 3: Rearrange the formula to find the inductance and substitute the known values:
L = ε / (ΔI/Δt) = 0.5 V / (5 A / 0.2 s).
Step 4: Calculate the rate of change of current and the inductance:
5 A / 0.2 s = 25 A/s, therefore L = 0.5 / 25 = 0.02 H.
Step 5: Final conclusion: the self-inductance of the solenoid is L = 0.02 H.",0.02,H
DDT341,"Given an RLC series circuit with R = 20 Ω, L = 0.3 H, C = 60 μF, and a frequency of f = 50 Hz. Calculate the total impedance Z.","Step 1: Identify the given values from the question: resistance R = 20 Ω, inductance L = 0.3 H, capacitance C = 60 μF, and frequency f = 50 Hz.
Step 2: Convert the capacitance to farads: C = 60 μF = 60 × 10⁻⁶ F = 0.000060 F.
Step 3: Calculate the angular frequency using the relation between angular frequency and frequency: ω=2×pi*f
Step 4: Substitute the given value of frequency: ω = 2×pi*50 Hz.
Step 5: Perform the calculation: 2×pi ≈ 6.2832, therefore 6.2832 × 50 Hz = 314.16 rad/s.
Step 6: Calculate the inductive reactance using the formula X_L = ωL: X_L = 314.16 rad/s × 0.3 H = 94.25 Ω.
Step 7: Calculate the capacitive reactance using the formula X_C = 1 / (ωC): X_C = 1 / (314.16 rad/s × 0.000060 F).
Step 8: Perform the calculation step by step:
314.16 rad/s × 0.000060 F = 0.0188496
X_C = 1 / 0.0188496 = 53.05 Ω.
Step 9: Calculate the total impedance of the series RLC circuit using the formula Z = sqrt(R² + (X_L − X_C)²):
Z = sqrt((20 Ω)² + (94.25 Ω − 53.05 Ω)²).
Step 10: Perform the calculation step by step:
(20 Ω)² = 400 Ω²
94.25 Ω − 53.05 Ω = 41.20 Ω
(41.20 Ω)² = 1697.44 Ω²
400 Ω² + 1697.44 Ω² = 2097.44 Ω².
Step 11: Calculate the final impedance:
Z = sqrt(2097.44 Ω²) = 45.79 Ω.
Step 12: State the final conclusion: the total impedance of the circuit is Z = 45.79 Ω.",45.79,Ω
DDT143,What happens in an ideal solenoid when the current is suddenly disconnected?,"Step 1: Initially, current flows through the ideal solenoid, creating a magnetic field and storing magnetic energy within it.
Step 2: When the current is suddenly disconnected, the electrical circuit path is abruptly broken.
Step 3: Due to its inductance, the solenoid opposes this rapid change in current.
Step 4: To oppose the sudden drop in current, the solenoid induces a very large electromotive force (EMF) across its terminals.
Step 5: According to the formula E = -L × (di/dt), as the time interval dt approaches zero during an abrupt disconnection, the induced EMF becomes extremely large (theoretically approaching infinity in a perfectly ideal case).
Step 6: This high voltage can lead to an electrical spark or arc across the switch or the point of disconnection as the stored magnetic energy seeks to dissipate.
Step 7: Conclude that a large self-induced electromotive force is generated, often resulting in a spark.",An induced electromotive force (EMF) in the opposite direction appears,—
DDT137,"If you double the number of turns of a solenoid, but keep its length and current the same, how does the magnetic field change?","Step 1: The magnetic field (B) inside a solenoid is given by the formula B = μ₀ × (N/L) × I, where μ₀ is the permeability of free space, N is the number of turns, L is the length of the solenoid, and I is the current.
Step 2: Initially, let the number of turns be N₁, the length be L₁, and the current be I₁. The initial magnetic field is B₁ = μ₀ × (N₁/L₁) × I₁.
Step 3: The question states that the number of turns is doubled (N₂ = 2 × N₁), while the length (L₂ = L₁) and current (I₂ = I₁) are kept the same.
Step 4: The new magnetic field B₂ can be calculated using the formula with the new values: B₂ = μ₀ × (N₂/L₂) × I₂ = μ₀ × (2 × N₁ / L₁) × I₁.
Step 5: Compare the new magnetic field to the initial one: B₂ = 2 × (μ₀ × (N₁ / L₁) × I₁) = 2 × B₁.
Step 6: Conclude that when the number of turns is doubled while maintaining the same length and current, the magnetic field also doubles.",Doubled,—
DDT354,"In an ideal LC circuit, is the total electromagnetic energy lost?","Step 1: Identify the condition given in the question. The circuit is described as an ideal LC circuit, meaning it contains only an inductor (L) and a capacitor (C) with no resistance in the circuit.
Step 2: Recall the assumption for ideal electrical components. In an ideal circuit, the inductor and capacitor are assumed to have no internal resistance, and therefore there is no mechanism for electrical energy to be converted into heat.
Step 3: Recall how energy behaves in an LC circuit. The total electromagnetic energy continuously oscillates between two forms: electric field energy stored in the capacitor and magnetic field energy stored in the inductor.
Step 4: Understand the consequence of having no resistance in the circuit. Since there is no resistance, no Joule heating occurs and therefore no energy is dissipated from the system.
Step 5: Interpret the physical behavior of the circuit. The energy simply transfers back and forth between the capacitor and the inductor indefinitely while the total energy remains constant.
Step 6: State the final conclusion. In an ideal LC circuit, the total electromagnetic energy is not lost; it remains constant and oscillates between the capacitor and the inductor.",No,—
DDT340,"Given a series circuit with R = 12 Ω, C = 80 μF, and a frequency of 60 Hz, determine the capacitive reactance and the power factor if the impedance Z = 40 Ω.","Step 1: Identify the given values from the question: resistance R = 12 Ω, capacitance C = 80 μF, frequency f = 60 Hz, and total impedance Z = 40 Ω. The objective is to determine the capacitive reactance X_C and the power factor cosφ of the circuit.
Step 2: Recall the relationship between impedance, resistance, and capacitive reactance in a series RC circuit: Z² = R² + X_C².
Step 3: Rearrange the formula to determine the capacitive reactance: X_C = sqrt(Z² − R²).
Step 4: Substitute the given values into the formula: X_C = sqrt((40 Ω)² − (12 Ω)²).
Step 5: Perform the calculation step by step with units:
(40 Ω)² = 1600 Ω²
(12 Ω)² = 144 Ω²
1600 Ω² − 144 Ω² = 1456 Ω²
X_C = sqrt(1456 Ω²) = 38.16 Ω.
Step 6: Recall the formula for the power factor in a series AC circuit: cosφ = R / Z.
Step 7: Substitute the given values into the power factor formula: cosφ = 12 Ω / 40 Ω.
Step 8: Perform the calculation with units: 12 Ω / 40 Ω = 0.30.
Step 9: State the final conclusion: the capacitive reactance is X_C = 38.16 Ω and the power factor of the circuit is cosφ = 0.30.",38.16 Ω and 0.30,—
DDT378,A solenoid has a magnetic flux of 5×10⁻⁶ Wb per turn and consists of 500 turns. Calculate the total magnetic flux linkage.,"Step 1: Identify the given values from the question: the magnetic flux per turn is Φ = 5 × 10⁻⁶ Wb and the number of turns of the solenoid is N = 500. The objective is to calculate the total magnetic flux linkage.
Step 2: Recall the formula for magnetic flux linkage. The total magnetic flux linkage Ψ of a coil is equal to the number of turns multiplied by the magnetic flux through each turn: Ψ = N*Φ.
Step 3: Substitute the given values into the formula: Ψ = 500×(5 × 10⁻⁶ Wb).
Step 4: Multiply the numerical coefficients: 500 × 5 = 2500.
Step 5: Combine with the power of ten: Ψ = 2500 × 10⁻⁶ Wb.
Step 6: Convert to standard scientific notation: 2500 × 10⁻⁶ = 2.5 × 10⁻³.
Step 7: State the final conclusion: the total magnetic flux linkage is Ψ = 2.5 × 10⁻³ Wb.",2.5×10⁻³,Wb
DDT132,"A solenoid is 1 m long, has 2000 turns of wire, and a current of 3 A flows through it. Calculate the magnetic field inside the solenoid.","Step 1: Identify the given values from the question: Length (L) = 1 m, Number of turns (N) = 2000, Current (I) = 3 A, and the permeability of free space (μ₀) = 4π × 10⁻⁷ T×m/A.
Step 2: Calculate the number of turns per unit length (n) using the formula n = N / L.
Step 3: Substitute the values: n = 2000 turns / 1 m = 2000 turns/m.
Step 4: Use the formula for the magnetic field inside a solenoid: B = μ₀ × n × I.
Step 5: Substitute the numerical values into the formula: B = (4 × π × 10⁻⁷) × 2000 × 3.
Step 6: Perform the calculation: B = 24000 × π × 10⁻⁷ = 0.00754 T.",0.00754,T
DDT142,"If the current through the solenoid decreases uniformly from 3 A to 0 A in 0.01 s, and the self-inductance of the solenoid is 0.2 H, what is the induced electromotive force?","Step 1: Identify the given values: initial current I_initial = 3 A, final current I_final = 0 A, time interval dt = 0.01 s, and self-inductance L = 0.2 H.
Step 2: Calculate the change in current, dI = I_final - I_initial.
Step 3: dI = 0 A - 3 A = -3 A.
Step 4: The rate of change of current is dI/dt.
Step 5: Recall the formula for the induced electromotive force (EMF) in an inductor: E = -L × (dI/dt).
Step 6: Substitute the values into the formula: E = -0.2 × (-3 / 0.01).
Step 7: Perform the calculation: E = -0.2 × (-300) = 60 V.",60,V
DDT367,"Given C = 5 µF, the maximum charge on the capacitor is 2×10⁻⁴ C. Calculate the maximum voltage across the capacitor plates.","Step 1: Identify the given values from the question: the capacitance of the capacitor is C = 5 µF and the maximum charge stored on the capacitor plates is Q_max = 2 × 10⁻⁴ C. The objective is to determine the maximum voltage across the capacitor plates.
Step 2: Recall the fundamental relationship between charge, capacitance, and voltage for a capacitor. The relation is given by the equation Q = C*V, where Q is the charge stored in the capacitor, C is the capacitance, and V is the voltage across the capacitor.
Step 3: Rearrange the equation to solve for the voltage across the capacitor. Dividing both sides of the equation by C gives V = Q / C.
Step 4: Convert the capacitance to SI units so that it can be used directly in the calculation. Since 1 µF = 10⁻⁶ F, the capacitance becomes C = 5 µF = 5 × 10⁻⁶ F.
Step 5: Substitute the given values of charge and capacitance into the voltage formula. The expression becomes
V_max = (2 × 10⁻⁴ C) / (5 × 10⁻⁶ F).
Step 6: Simplify the numerical part of the fraction. First divide the coefficients: 2 / 5 = 0.4.
Step 7: Simplify the powers of ten: 10⁻⁴ / 10⁻⁶ = 10² = 100.
Step 8: Multiply the results: 0.4 × 100 = 40.
Step 9: Interpret the result. This value represents the maximum voltage across the capacitor plates when the charge stored in the capacitor reaches its maximum value.
Step 10: State the final conclusion: the maximum voltage across the capacitor plates is V_max = 40 V.",40,V
DDT201,"A solenoid is 0.4 m long, has 1600 turns. Calculate the turn density.","Step 1: Identify the given length of the solenoid, L.
Step 2: Identify the given number of turns, N.
Step 3: Recall that turn density (n) is defined as the number of turns per unit length (n = N / L).
Step 4: Substitute the given values (N = 1600 turns, L = 0.4 m) into the formula.
Step 5: Calculate n = 1600 / 0.4 = 4000 turns/m",4000,turns/m
DDT152,What quantity does the magnetic field inside a solenoid depend linearly on?,"Step 1: The magnetic field inside a solenoid can be described by the formula B = μ₀ × n × I.
Step 2: In this formula, B represents the magnetic field strength.
Step 3: μ₀ is the permeability of free space, which is a constant.
Step 4: n represents the number of turns per unit length of the solenoid.
Step 5: Since B is directly proportional to I (B ∝ I), it depends linearly on the current. Therefore, the current flowing through the solenoid.",Current through the solenoid,—
DDT323,A resonant RLC circuit has R = 10 Ω and U = 100 V. Calculate the effective current.,"Step 1: Identify the given values from the question: resistance R = 10 Ω and voltage U = 100 V, and the goal is to calculate the effective current in the circuit.
Step 2: Recognize the condition of the circuit: the circuit is operating at resonance in a series RLC circuit, where the inductive reactance equals the capacitive reactance and they cancel each other, therefore the total impedance becomes equal to the resistance, so Z = R.
Step 3: Use the AC form of Ohm’s Law to determine the effective current in the circuit: I_effective = U_effective / Z.
Step 4: Substitute the resonance condition into the formula: since Z = R, the formula becomes I_effective = U / R.
Step 5: Substitute the given values into the formula: I_effective = 100 V / 10 Ω.
Step 6: Perform the calculation: 100 V / 10 Ω = 10.0 A.
Step 7: State the final conclusion: the effective current in the circuit is I_effective = 10.0 A.",10.0,A
DDT333,"Given a series RLC circuit with R = 15 Ω and an RMS current of 2 A, what is the total RMS voltage across the circuit when it is operating at resonance?","Step 1: Identify the given values from the question: resistance R = 15 Ω and RMS current I_rms = 2 A.
Step 2: Recognize the circuit condition: the circuit is operating at resonance, where the inductive reactance and capacitive reactance cancel each other, so the total impedance becomes equal to the resistance, therefore Z = R.
Step 3: Use Ohm’s Law for AC circuits to determine the total RMS voltage: V_rms = I_rms*Z.
Step 4: Substitute the resonance condition into the formula: since Z = R, the formula becomes V_rms = I_rms*R.
Step 5: Substitute the given values into the formula: V_rms = 2 A*15 Ω.
Step 6: Perform the calculation with units: 2 A*15 Ω = 30.0 V.
Step 7: State the final conclusion: the total RMS voltage across the circuit is V_rms = 30.0 V.",30.0,V
DDT332,"A series RLC circuit is supplied by an AC source of 120 V, with a total impedance Z of 40 Ω. Calculate the RMS current.","Step 1: Identify the given values from the question: the RMS voltage V_RMS = 120 V and the total impedance Z = 40 Ω.
Step 2: Recall the formula for RMS current in an AC circuit based on Ohm’s Law: I_RMS = V_RMS / Z.
Step 3: Substitute the given values into the formula: I_RMS = 120 V / 40 Ω.
Step 4: Perform the calculation with units: 120 V / 40 Ω = 3.0 A.
Step 5: State the final conclusion: the RMS current in the circuit is I_RMS = 3.0 A.",3.0,A
DDT158,A solenoid has a magnetic flux density of 0.01 T and a cross-sectional area of 8 cm². Calculate the magnetic flux through one turn of the wire.,"Step 1: Identify the given magnetic flux density (B) as 0.01 T and the cross-sectional area (A) as 8 cm².
Step 2: The quantity to be calculated is the magnetic flux (Φ) through one turn of the wire.
Step 3: Convert the cross-sectional area from square centimeters to square meters: A = 8 cm² = 8 × (10⁻² m)² = 8 × 10⁻⁴ m².
Step 4: Use the formula for magnetic flux, Φ = B × A, assuming the magnetic field is perpendicular to the area.
Step 5: Substitute the values into the formula: Phi = 0.01 T × 8 × 10⁻⁴ m² = 8 × 10⁻⁶ Wb = 8 μWb.",8,μWb
DDT322,What is the RMS current in an RLC circuit with a total impedance Z = 50 Ω and an RMS voltage of 100 V?,"Step 1: Identify the given values from the problem. The total impedance of the circuit is Z = 50 Ω and the RMS voltage is V_RMS = 100 V. The goal is to calculate the RMS current I_RMS.
Step 2: Identify the relationship between RMS voltage, RMS current, and impedance in an AC circuit. The relationship follows the AC form of Ohm’s Law: V_{RMS} = I_{RMS} Z
Step 3: Rearrange the formula to solve for the RMS current. Dividing both sides by Z gives I_RMS = V_RMS / Z.
Step 4: Substitute the given values into the formula. I_RMS = 100 V / 50 Ω.
Step 5: Perform the calculation. 100 V / 50 Ω = 2.0 A.
Step 6: State the final conclusion. The RMS current in the circuit is I_RMS = 2.0 A.",2.0,A
DDT138,A long solenoid has a turn density of 3000 turns/m and carries a current of 1.5 A. Calculate the magnetic field inside the solenoid.,"Step 1: Identify the given values from the question. The turn density (n) is 3000 turns/m, and the current (I) is 1.5 A.
Step 2: Recall the formula for the magnetic field (B) inside a long solenoid, which is B = μ₀ × n × I, where μ₀ is the permeability of free space.
Step 3: State the value of the constant μ₀, which is 4π × 10⁻⁷ T×m/A.
Step 4: Substitute the given values and the constant into the formula: B = (4π × 10⁻⁷ T×m/A) × (3000 turns/m) × (1.5 A).
Step 5: Perform the numerical calculation: B = 4 × 3.14159 × 10⁻⁷ × 3000 × 1.5.
Step 6: Simplify the expression: B = 12.56637 × 10⁻⁷ × 4500 = 0.00565487 T.
Step 7: Convert the result to millitesla (mT): B ≈ 5.654 mT.",5.654,mT
DDT387,"Given an inductor with an inductance of 0.1 H and a maximum current of 2 A, determine the maximum magnetic field energy.","Step 1: Identify the given values from the question: the inductance of the inductor is L = 0.1 H and the maximum current is I_max = 2 A.
Step 2: Recall the formula for the magnetic energy stored in an inductor: U = (1/2)×L*I².
Step 3: Substitute the given values into the formula: U = (1/2)×(0.1 H)×(2 A)².
Step 4: Calculate the square of the current: (2 A)² = 4 A².
Step 5: Substitute this result into the expression: U = (1/2)×(0.1 H)×(4 A²).
Step 6: Simplify step by step: (1/2)×0.1 H = 0.05 H, therefore U = 0.05 H*(4 A²).
Step 7: Perform the multiplication: U = 0.20 J.
Step 8: Final conclusion: the maximum magnetic field energy stored in the inductor is U = 0.20 J.",0.2,J
DDT399,"For a solenoid with a length of 0.5 m, 1000 turns, and a current of 3 A, calculate the magnetic field strength.","Step 1: Identify the given values from the question: the length of the solenoid is L = 0.5 m, the number of turns is N = 1000, and the current is I = 3 A.
Step 2: Recall the formula for the magnetic field inside a long solenoid: B = μ₀*(N/L)×I, where μ₀ = 4×pi × 10⁻⁷ T×m/A.
Step 3: Substitute the given values into the formula: B = (4×pi × 10⁻⁷ T×m/A)×(1000 / 0.5 m)×(3 A).
Step 4: Calculate the numerical part: (1000 / 0.5) = 2000 turns/m, therefore B = (4×pi × 10⁻⁷ T×m/A)×(2000 turns/m)×(3 A).
Step 5: Multiply the quantities: 2000 turns/m × 3 A = 6000 A×turns/m.
Step 6: Substitute and simplify: B = (4×pi × 10⁻⁷ T×m/A)×(6000 A×turns/m).
Step 7: Express 6000 in scientific notation and combine powers of ten: 6000 = 6 × 10³, therefore B = 4×pi × 10⁻⁷ × 6 × 10³ T = 24×pi × 10⁻⁴ T.
Step 8: Convert to decimal form: 24×pi ≈ 75.40, therefore B ≈ 75.40 × 10⁻⁴ T = 7.54 × 10⁻³ T.
Step 9: Final conclusion: the magnetic field strength inside the solenoid is B ≈ 7.54 × 10⁻³ T.",7.54×10⁻³,T
DDT131,"A solenoid is 0.5 m long, has 1000 turns, and a current of 2 A flows through it. Calculate the magnitude of the magnetic field inside the solenoid.","Step 1: Identify the given physical quantities from the question.
Step 2: The length of the solenoid is L = 0.5 m.
Step 3: The number of turns in the solenoid is N = 1000.
Step 4: The current flowing through the solenoid is I = 2 A.
Step 5: Recall the formula for the magnetic field inside a long solenoid: B = mu_0 × (N / L) × I, where mu_0 = 4 × pi × 10^-7 T.m/A.
Step 6: Substitute the given values into the formula: B = (4 × 3.14159 × 10^-7) × (1000 / 0.5) × 2.
Step 7: Perform the calculation: B = (12.566 × 10^-7) × 2000 × 2 = (12.566 × 10^-7) × 4000 = 0.005 T.",0.005,T
DDT400,A solenoid has n = 3000 turns/m and I = 2 A. Calculate the magnetic field B inside the solenoid.,"Step 1: Identify the given values from the question: the number of turns per unit length is n = 3000 turns/m and the current is I = 2 A.
Step 2: Recall the formula for the magnetic field inside a long solenoid: B = μ₀*n*I.
Step 3: Recall the value of the permeability of free space: μ₀ = 4×pi × 10⁻⁷ T×m/A.
Step 4: Substitute the given values into the formula: B = (4×pi × 10⁻⁷ T×m/A)×(3000 turns/m)×(2 A).
Step 5: Multiply the numerical quantities with units: 3000 turns/m × 2 A = 6000 A×turns/m.
Step 6: Substitute and simplify: B = (4×pi × 10⁻⁷ T×m/A)×(6000 A×turns/m).
Step 7: Express 6000 in scientific notation and combine powers of ten: 6000 = 6 × 10³, therefore B = 4×pi × 10⁻⁷ × 6 × 10³ T = 24×pi × 10⁻⁴ T.
Step 8: Convert to decimal form: 24×pi ≈ 75.40, therefore B ≈ 75.40 × 10⁻⁴ T = 7.54 × 10⁻³ T.
Step 9: Final conclusion: the magnetic field inside the solenoid is B ≈ 7.54 × 10⁻³ T.",7.54×10⁻³,T
DDT204,"A solenoid has a cross-sectional area of 6 cm², a turn density of 1000 turns/m, an electric current of 1.5 A. Calculate the magnetic flux through one turn.","Step 1: Identify the given values: cross-sectional area (A) = 6 cm², turn density (n) = 1000 turns/m, and current (I) = 1.5 A.
Step 2: Convert the cross-sectional area from cm² to m²: A = 6 cm² = 6 × 10^-4 m².
Step 3: Use the permeability of free space constant, μ₀ = 4π × 10^-7 T×m/A.
Step 4: State the formula for the magnetic field (B) inside a solenoid: B = μ₀ × n × I.
Step 5: Calculate B = 4π × 10^-7 × 1000 × 1.5 = 1.885 × 10^-3 T.
Step 6: The magnetic flux through one turn is Φ = B × A.
Step 7: Substitute the values: Φ = 1.885 × 10^-3 × 6 × 10^-4 Wb.
Step 8: Calculate Φ ≈ 1.13 × 10^-6 Wb.",1.13 × 10^-6,Wb
DDT329,"In a resonant circuit, given a resistance R = 8 Ω and a voltage U = 64 V, what is the power consumed?","Step 1: Identify the given values from the question: resistance R = 8 Ω and voltage U = 64 V.
Step 2: Recognize the circuit condition: the circuit is operating at resonance, where the inductive reactance and capacitive reactance cancel each other, so the total impedance becomes equal to the resistance, Z = R.
Step 3: Use the formula for power in a resonant AC circuit: P = U² / R.
Step 4: Substitute the given values into the formula: P = (64 V)² / 8 Ω.
Step 5: Perform the calculation step by step with units: (64 V)² = 4096 V², then 4096 V² / 8 Ω = 512.0 W.
Step 6: State the final conclusion: the power consumed by the circuit is P = 512.0 W.",512.0,W
DDT207,"If a solenoid's cross-sectional area is increased, how does the its self-inductance change?","Step 1: The self-inductance (L) of a solenoid is given by the formula L = (μ × N^2 × A) / l, where μ is the permeability, N is the number of turns, A is the cross-sectional area, and l is the length of the solenoid.
Step 2: From the formula, self-inductance (L) is directly proportional to the cross-sectional area (A), assuming all other factors (μ, N, l) remain constant.
Step 3: If the cross-sectional area of a solenoid is increased, its self-inductance will also increase.
Step 4: Therefore, the self-inductance increases proportionally.",increases in direct proportion,—
DDT396,"A capacitor is placed in a solenoid's magnetic field, which has B = 3×10⁻³ T. The area of the loop is 5 cm². Calculate the magnetic flux.","Step 1: Identify the given values from the question: the magnetic field strength is B = 3 × 10⁻³ T and the loop area is A = 5 cm².
Step 2: Convert the area to SI units: A = 5 cm² = 5 × 10⁻⁴ m².
Step 3: Recall the formula for magnetic flux: Φ = B*A*cos(θ). For a magnetic field perpendicular to the surface, θ = 0° and cos(0°) = 1, therefore Φ = B*A.
Step 4: Substitute the given values into the formula: Φ = (3 × 10⁻³ T)×(5 × 10⁻⁴ m²).
Step 5: Multiply the numerical coefficients and combine the powers of ten: 3 × 5 = 15 and 10⁻³ × 10⁻⁴ = 10⁻⁷, therefore Φ = 15 × 10⁻⁷ Wb.
Step 6: Write the result in standard scientific notation: Φ = 1.5 × 10⁻⁶ Wb.",1.5×10⁻⁶,Wb
DDT342,"An RLC series circuit has an impedance Z = 45 Ω, and a voltage U = 90 V is applied across it. Calculate the RMS current.","Step 1: Identify the given values from the question. The total impedance of the RLC series circuit is Z = 45 Ω and the applied voltage across the circuit is U = 90 V. The objective of the problem is to determine the RMS current flowing through the circuit.
Step 2: Recall the relationship between voltage, current, and impedance in an AC circuit. In alternating current circuits, Ohm’s Law relates the RMS voltage, RMS current, and total impedance. The relationship is expressed by the formula U = I × Z, where U is the RMS voltage, I is the RMS current, and Z is the total impedance.
Step 3: Rearrange the formula to solve for the RMS current. Dividing both sides of the equation by Z gives the expression I = U / Z.
Step 4: Substitute the given numerical values into the formula for current. Using the provided voltage and impedance, the expression becomes I = 90 V / 45 Ω.
Step 5: Perform the calculation with units. Dividing the voltage by the impedance gives 90 V / 45 Ω = 2.0 A.
Step 6: Interpret the result. The calculated value represents the effective or RMS current flowing through the entire series RLC circuit under the applied AC voltage.
Step 7: State the final conclusion. The RMS current flowing through the circuit is I = 2.0 A.",2.0,A
DDT355,What is the resonant angular frequency of an LC circuit?,"Step 1: Identify what the question asks. The problem asks for the resonant (natural) angular frequency of an LC circuit.
Step 2: Recall the components of an LC circuit. An LC circuit contains an inductor with inductance L and a capacitor with capacitance C connected together, allowing energy to oscillate between the magnetic field of the inductor and the electric field of the capacitor.
Step 3: Recall the formula for the resonant angular frequency of an ideal LC circuit:
ω₀ = 1 / √(LC).
Step 4: Explain the meaning of the variables. In this expression, ω₀ is the resonant angular frequency, L is the inductance measured in henries (H), and C is the capacitance measured in farads (F).
Step 5: Interpret the physical meaning. This angular frequency represents the natural rate at which electrical energy oscillates between the capacitor and the inductor in an ideal LC circuit.
Step 6: State the final conclusion. The resonant angular frequency of an LC circuit is given by ω₀ = 1 / √(LC).",ω = 1/√(LC),rad/s
DDT372,"The current through the solenoid is 2 A, the number of turns per meter is 1500, and the permeability of free space is μ₀ = 4π×10⁻⁷. Calculate the magnetic field inside.","Step 1: Identify the given values from the question: the current through the solenoid is I = 2 A, the number of turns per unit length is n = 1500 turns/m, and the permeability of free space is μ₀ = 4×pi × 10⁻⁷ T×m/A. The objective is to calculate the magnetic field inside the solenoid.
Step 2: Recall the formula for the magnetic field inside a long solenoid: B = μ₀*n*I.
Step 3: Substitute the given values into the formula: B = (4×pi × 10⁻⁷ T×m/A)×(1500 turns/m)×(2 A).
Step 4: Multiply the numerical factors step by step: 1500 × 2 = 3000, therefore B = 4×pi × 10⁻⁷ × 3000.
Step 5: Express 3000 in scientific notation: 3000 = 3 × 10³, therefore B = 4×pi × 10⁻⁷ × 3 × 10³.
Step 6: Combine the powers of ten: 10⁻⁷ × 10³ = 10⁻⁴, therefore B = 12×pi × 10⁻⁴.
Step 7: Convert to decimal form: 12×pi ≈ 37.70, therefore B ≈ 37.70 × 10⁻⁴ T.
Step 8: Express the result in standard scientific notation: 37.70 × 10⁻⁴ T = 3.77 × 10⁻³ T.
Step 9: State the final conclusion: the magnetic field inside the solenoid is B ≈ 3.77 × 10⁻³ T.",3.77×10⁻³,T
DDT150,"A solenoid has a magnetic flux of 0.004 Wb. If the magnetic flux decreases to 0 in 0.02 s, what is the average induced electromotive force?","Step 1: Identify the initial magnetic flux (Φ_initial) from the question.
Step 2: Identify the final magnetic flux (Φ_final) from the question.
Step 3: Identify the time interval (Δt) over which the flux changes.
Step 4: Calculate the change in magnetic flux (ΔΦ) using the formula ΔΦ = Φ_final - Φ_initial.
Step 5: Identify the values: Φ_initial = 0.004 Wb, Φ_final = 0 Wb, and Δt = 0.02 s.
Step 6: Calculate the change: ΔΦ = 0 - 0.004 = -0.004 Wb.
Step 7: Recall the formula for the average induced electromotive force (ε) from Faraday's Law: ε = -ΔΦ / Δt.
Step 8: Substitute the values and calculate the result: ε = -(-0.004) / 0.02 = 0.004 / 0.02 = 0.2 V.",0.2,V
DDT155,A solenoid is 0.3 m long and has 900 turns. What is the turn density?,"Step 1: Identify the given length of the solenoid, L.
Step 2: Identify the given number of turns, N.
Step 3: State the formula for turn density (n), which is the number of turns per unit length: n = N / L.
Step 4: Substitute the given values into the formula: n = 900 turns / 0.3 m = 3000 turns/m.",3000,turns/m
DDT208,"A solenoid has an electric current of 1 A, L = 0.04 H. Calculate the stored magnetic energy.","Step 1: Identify the given values from the question: current (I) = 1 A and inductance (L) = 0.04 H.
Step 2: Recall the formula for the magnetic energy (U_B) stored in an inductor: U_B = (1/2) × L × I^2.
Step 3: Substitute the given values into the formula: U_B = (1/2) × (0.04 H) × (1 A)^2.
Step 4: Calculate the square of the current: (1 A)^2 = 1 A^2.
Step 5: Calculate U_B = 0.5 × 0.04 × 1 = 0.02 J.
Step 6: Convert to millijoules: U_B = 20.0 mJ.",20.0,mJ
DDT370,A capacitor with a capacitance of 10 µF is charged to 50 V. Calculate the electric field energy in the capacitor.,"Step 1: Identify the given values from the question: the capacitance of the capacitor is C = 10 µF and the voltage across the capacitor is V = 50 V, and the objective is to calculate the electric field energy stored in the capacitor.
Step 2: Convert the capacitance into SI units so it can be used in the energy formula: C = 10 µF = 10 × 10⁻⁶ F = 1.0 × 10⁻⁵ F.
Step 3: Recall the formula for the electric field energy stored in a capacitor: E = (1/2)×C*V².
Step 4: Substitute the given values into the formula: E = (1/2)×(1.0 × 10⁻⁵ F)×(50 V)².
Step 5: Calculate the square of the voltage: (50 V)² = 2500 V².
Step 6: Substitute this result into the expression: E = (1/2)×(1.0 × 10⁻⁵)×(2500).
Step 7: Simplify the constants step by step: (1/2)×2500 = 1250, therefore E = 1250 × 10⁻⁵.
Step 8: Convert to standard scientific notation: 1250 × 10⁻⁵ = 1.25 × 10⁻² J.
Step 9: Express the result in decimal form for clarity: 1.25 × 10⁻² J = 0.0125 J.
Step 10: State the final conclusion: the electric field energy stored in the capacitor is E = 0.0125 J.",0.0125,J
DDT368,What is the oscillation frequency in an LC circuit if its period is 0.01 s?,"Step 1: Identify the given value from the question: the oscillation period of the LC circuit is T = 0.01 s, and the objective is to calculate the oscillation frequency f.
Step 2: Recall the relationship between oscillation frequency and period. The frequency of oscillation is the reciprocal of the period, meaning the number of oscillations occurring in one second.
Step 3: Use the formula relating frequency and period: f = 1 / T.
Step 4: Substitute the given value of the period into the formula: f = 1 / 0.01 s.
Step 5: Perform the calculation with units: 1 / 0.01 = 100.
Step 6: Interpret the result. This means the circuit completes 100 oscillations every second.
Step 7: State the final conclusion: the oscillation frequency of the LC circuit is f = 100 Hz.",100,Hz
DDT345,"A circuit consists of a capacitor C = 75 μF in series with a resistor R = 10 Ω, at a frequency of 60 Hz. Calculate the capacitive reactance Z_C.","Step 1: Identify the given values from the question. The capacitance of the capacitor is C = 75 μF and the operating frequency of the AC source is f = 60 Hz. The objective is to determine the capacitive reactance Z_C of the capacitor in the circuit.
Step 2: Recall the formula used to calculate capacitive reactance in an AC circuit. Capacitive reactance represents the opposition of a capacitor to alternating current and depends on both the capacitance and the frequency of the AC source. The formula is Z_C = 1 / (2×pi*f*C).
Step 3: Convert the capacitance from microfarads to farads so that it is in standard SI units. Since 1 μF = 10⁻⁶ F, the capacitance becomes C = 75 μF = 75 × 10⁻⁶ F = 0.000075 F.
Step 4: Substitute the given values into the capacitive reactance formula. The expression becomes Z_C = 1 / (2×pi*60 Hz*0.000075 F).
Step 5: Calculate the denominator step by step. First calculate the constant term: 2×pi ≈ 6.2832.
Step 6: Multiply by the frequency: 6.2832 × 60 Hz = 376.992 s⁻¹.
Step 7: Multiply the result by the capacitance: 376.992 s⁻¹ × 0.000075 F = 0.0282744.
Step 8: Calculate the capacitive reactance by taking the reciprocal of the denominator: Z_C = 1 / 0.0282744 = 35.37 Ω.
Step 9: Interpret the result. The capacitive reactance represents the opposition offered by the capacitor to the alternating current at the given frequency.
Step 10: State the final conclusion. The capacitive reactance of the capacitor is Z_C = 35.37 Ω.",35.37,Ω
CHLT001,"An RLC series circuit consists of R=50 Ω, L=0.5 H, and C=20 μF. When an AC voltage with a frequency of 40 Hz is supplied, does the circuit experience electrical resonance?","Step 1: Identify the given values from the question: R = 50 Ω, L = 0.5 H, C = 20 μF, and the frequency is f = 40 Hz.
Step 2: Convert the capacitance to SI units: C = 20 μF = 20 × 10⁻⁶ F.
Step 3: Calculate the inductive reactance using the formula X_L = 2×pi*f*L and substitute the values: X_L = 2×pi*(40 Hz)×(0.5 H) = 40×pi Ω ≈ 125.66 Ω.
Step 4: Calculate the capacitive reactance using the formula X_C = 1/(2×pi*f*C) and substitute the values: X_C = 1/(2×pi*(40 Hz)×(20 × 10⁻⁶ F)).
Step 5: Calculate the denominator: 2×pi*(40)×(20 × 10⁻⁶) = 1600×pi × 10⁻⁶ = 1.6×pi × 10⁻³.
Step 6: Perform the division: X_C = 1/(1.6×pi × 10⁻³) ≈ 199.47 Ω.
Step 7: Compare the reactances: X_L ≈ 125.66 Ω and X_C ≈ 199.47 Ω, therefore X_L ≠ X_C.
Step 8: Final conclusion: the circuit does not experience electrical resonance because the inductive reactance is not equal to the capacitive reactance.",No,-
CHLT002,"Given a series AC circuit with R = 10 Ω, L = 0.4 H, and C = 50 μF, determine if resonance occurs at an operating frequency of 35.6 Hz.","Step 1: Identify the given values from the question: R = 10 Ω, L = 0.4 H, C = 50 μF, and the operating frequency is f = 35.6 Hz.
Step 2: Recall that resonance in a series RLC circuit occurs when the operating frequency equals the resonant frequency, where the resonant frequency is given by f₀ = 1/(2×pi*sqrt(L*C)).
Step 3: Convert the capacitance to SI units: C = 50 μF = 50 × 10⁻⁶ F.
Step 4: Substitute the given values into the resonant frequency formula: f₀ = 1/(2×pi*sqrt((0.4 H)×(50 × 10⁻⁶ F))).
Step 5: Calculate the product inside the square root: (0.4)×(50 × 10⁻⁶) = 20 × 10⁻⁶ = 2 × 10⁻⁵.
Step 6: Take the square root: sqrt(2 × 10⁻⁵) ≈ 4.472 × 10⁻³.
Step 7: Substitute into the expression: f₀ = 1/(2×pi*(4.472 × 10⁻³)).
Step 8: Calculate the denominator: 2×pi*(4.472 × 10⁻³) ≈ 0.0281.
Step 9: Perform the division: f₀ ≈ 1 / 0.0281 ≈ 35.6 Hz.
Step 10: Final conclusion: the resonant frequency is approximately f₀ ≈ 35.6 Hz, which is equal to the operating frequency, therefore the circuit is in resonance.",Yes,-
CHLT003,A pure inductor with an inductance of 0.2 H is connected in series with a resistor R=25 Ω and a capacitor C=10 μF. Determine if resonance occurs at a frequency of f=112 Hz?,"Step 1: Identify the given values from the question: the inductance is L = 0.2 H, the capacitance is C = 10 μF, the resistance is R = 25 Ω, and the operating frequency is f = 112 Hz.
Step 2: Convert the capacitance to SI units: C = 10 μF = 10 × 10⁻⁶ F.
Step 3: Recall the formula for the resonant frequency of a series RLC circuit: f₀ = 1/(2pisqrt(L*C)).
Step 4: Substitute the given values into the formula: f₀ = 1/(2pisqrt((0.2 H)×(10 × 10⁻⁶ F))).
Step 5: Calculate the product inside the square root: (0.2)×(10 × 10⁻⁶) = 2 × 10⁻⁶.
Step 6: Take the square root: sqrt(2 × 10⁻⁶) ≈ 1.414 × 10⁻³.
Step 7: Substitute into the expression: f₀ = 1/(2pi(1.414 × 10⁻³)).
Step 8: Calculate the denominator: 2pi(1.414 × 10⁻³) ≈ 0.008885.
Step 9: Perform the division: f₀ ≈ 1 / 0.008885 ≈ 112.6 Hz.
Step 10: Compare the frequencies: f₀ ≈ 112.6 Hz and the operating frequency f = 112 Hz, which are approximately equal.
Step 11: Final conclusion: the circuit operates at resonance because the operating frequency is approximately equal to the resonant frequency.",Yes,-
CHLT004,"Given an RLC series circuit with R=40 Ω, L=0.318 H, and C=25 μF, will resonance occur if the AC current has a frequency of 56.4 Hz?","Step 1: Identify the given values from the question: the resistance is R = 40 Ω, the inductance is L = 0.318 H, the capacitance is C = 25 μF, and the operating frequency is f = 56.4 Hz.
Step 2: Convert the capacitance to SI units: C = 25 μF = 25 × 10⁻⁶ F.
Step 3: Recall the formula for the resonant frequency of a series RLC circuit: f₀ = 1/(2×pi*sqrt(L*C)).
Step 4: Substitute the given values into the formula: f₀ = 1/(2×pi*sqrt((0.318 H)×(25 × 10⁻⁶ F))).
Step 5: Calculate the product inside the square root: (0.318)×(25 × 10⁻⁶) = 7.95 × 10⁻⁶.
Step 6: Take the square root: sqrt(7.95 × 10⁻⁶) ≈ 2.82 × 10⁻³.
Step 7: Substitute into the expression: f₀ = 1/(2×pi*(2.82 × 10⁻³)).
Step 8: Calculate the denominator: 2×pi*(2.82 × 10⁻³) ≈ 0.01772.
Step 9: Perform the division: f₀ ≈ 1 / 0.01772 ≈ 56.4 Hz.
Step 10: Compare the frequencies: f₀ ≈ 56.4 Hz and the operating frequency f = 56.4 Hz.
Step 11: Final conclusion: resonance occurs because the operating frequency is equal to the resonant frequency.",Yes,-
CHLT005,"An RLC series circuit has a resistor R=60 Ω, an inductor L=0.8 H, and a capacitor C=5 μF. When the power source supplies a frequency of 50 Hz, does electrical resonance occur?","Step 1: Identify the given values from the question: the resistance is R = 60 Ω, the inductance is L = 0.8 H, the capacitance is C = 5 μF, and the source frequency is f = 50 Hz.
Step 2: Convert the capacitance to SI units: C = 5 μF = 5 × 10⁻⁶ F.
Step 3: Calculate the inductive reactance using the formula X_L = 2×pi*f*L and substitute the values: X_L = 2×pi*(50 Hz)×(0.8 H) = 80×pi Ω ≈ 251.33 Ω.
Step 4: Calculate the capacitive reactance using the formula X_C = 1/(2×pi*f*C) and substitute the values: X_C = 1/(2×pi*(50 Hz)×(5 × 10⁻⁶ F)).
Step 5: Calculate the denominator: 2×pi*(50)×(5 × 10⁻⁶) = 500×pi × 10⁻⁶ = 0.0005×pi.
Step 6: Perform the division: X_C = 1/(0.0005×pi) Ω ≈ 636.62 Ω.
Step 7: Compare the reactances: X_L ≈ 251.33 Ω and X_C ≈ 636.62 Ω.
Step 8: Final conclusion: electrical resonance does not occur because the inductive reactance is not equal to the capacitive reactance (X_L ≠ X_C).",No,-
CHLT006,"An RLC series circuit consists of a resistor with R=100 Ω, an inductor with L=0.02 H, and a capacitor with C=200 μF. Is it in resonance at a frequency of 80 Hz?","Step 1: Identify the given values from the question: the resistance is R = 100 Ω, the inductance is L = 0.02 H, the capacitance is C = 200 μF, and the operating frequency is f = 80 Hz.
Step 2: Convert the capacitance to SI units: C = 200 μF = 200 × 10⁻⁶ F.
Step 3: Calculate the inductive reactance using the formula X_L = 2×pi*f*L and substitute the values: X_L = 2×pi*(80 Hz)×(0.02 H) = 3.2×pi Ω ≈ 10.05 Ω.
Step 4: Calculate the capacitive reactance using the formula X_C = 1/(2×pi*f*C) and substitute the values: X_C = 1/(2×pi*(80 Hz)×(200 × 10⁻⁶ F)).
Step 5: Calculate the denominator: 2×pi*(80)×(200 × 10⁻⁶) = 32000×pi × 10⁻⁶ = 0.032×pi.
Step 6: Perform the division: X_C = 1/(0.032×pi) Ω ≈ 9.95 Ω.
Step 7: Compare the reactances: X_L ≈ 10.05 Ω and X_C ≈ 9.95 Ω, which are approximately equal.
Step 8: Final conclusion: the circuit is approximately in resonance because the inductive reactance is nearly equal to the capacitive reactance (X_L ≈ X_C).",Yes,-
CHLT007,"A series RLC circuit consists of R=15 Ω, L=0.3 H, and C=30 μF. Is the circuit in resonance at a frequency of 70 Hz?","Step 1: Identify the given values from the question: the resistance is R = 15 Ω, the inductance is L = 0.3 H, the capacitance is C = 30 μF, and the operating frequency is f = 70 Hz.
Step 2: Convert the capacitance to SI units: C = 30 μF = 30 × 10⁻⁶ F.
Step 3: Recall the formula for the resonant frequency of a series RLC circuit: f₀ = 1/(2×pi*sqrt(L*C)).
Step 4: Substitute the given values into the formula: f₀ = 1/(2×pi*sqrt((0.3 H)×(30 × 10⁻⁶ F))).
Step 5: Calculate the product inside the square root: (0.3)×(30 × 10⁻⁶) = 9 × 10⁻⁶.
Step 6: Take the square root: sqrt(9 × 10⁻⁶) = 3 × 10⁻³.
Step 7: Substitute into the expression: f₀ = 1/(2×pi*(3 × 10⁻³)).
Step 8: Calculate the denominator: 2×pi*(3 × 10⁻³) ≈ 0.01885.
Step 9: Perform the division: f₀ ≈ 1 / 0.01885 ≈ 53.1 Hz.
Step 10: Compare the frequencies: the resonant frequency f₀ ≈ 53.1 Hz while the operating frequency is f = 70 Hz.
Step 11: Final conclusion: the circuit is not in resonance because the operating frequency is not equal to the resonant frequency.",No,-
CHLT008,"For an RLC AC circuit with R = 45 Ω, L = 1 H, and C = 4 μF, does resonance occur in the circuit at a frequency of 79.6 Hz?","Step 1: Identify the given values from the question: the resistance is R = 45 Ω, the inductance is L = 1 H, the capacitance is C = 4 μF, and the operating frequency is f = 79.6 Hz.
Step 2: Convert the capacitance to SI units: C = 4 μF = 4 × 10⁻⁶ F
Step 3: Recall the formula for the resonant frequency of a series RLC circuit: f₀ = 1/(2×pi*sqrt(L*C)).
Step 4: Substitute the given values into the formula: f₀ = 1/(2×pi*sqrt((1 H)×(4 × 10⁻⁶ F))).
Step 5: Calculate the product inside the square root: (1)×(4 × 10⁻⁶) = 4 × 10⁻⁶.
Step 6: Take the square root: sqrt(4 × 10⁻⁶) = 2 × 10⁻³.
Step 7: Substitute into the expression: f₀ = 1/(2×pi*(2 × 10⁻³)) = 1/(4×pi × 10⁻³).
Step 8: Simplify the expression: f₀ = 250/pi Hz.
Step 9: Convert to decimal form: 250/pi ≈ 79.6 Hz.
Step 10: Compare the frequencies: f₀ ≈ 79.6 Hz and the operating frequency f = 79.6 Hz.
Step 11: Final conclusion: the circuit is in resonance because the operating frequency is equal to the resonant frequency.",Yes,-
CHLT009,"A series circuit consists of a capacitor C=100 μF, an inductor L=0.01 H, and a resistor R=8 Ω. Does resonance occur at f=100 Hz?","Step 1: Identify the given values: C=100 μF, L=0.01 H, R=8 Ω, and the frequency f=100 Hz.
Step 2: Convert the capacitance to Farads: C=100 μF=100×10⁻⁶ F=1×10⁻⁴ F.
Step 3: Calculate the inductive reactance using X_L=2πfL: X_L=2π×100×0.01≈6.28 Ω.
Step 4: Calculate the capacitive reactance using X_C=1/(2πfC): X_C=1/(2π×100×1×10⁻⁴)≈15.9 Ω.
Step 5: Compare X_L and X_C.
Step 6: X_L ≠ X_C, so resonance does not occur at f=100 Hz.",No,-
CHLT010,"Consider an electrical circuit consisting of R=30 Ω, L=0.4 H, and a capacitor C=20 μF. Is the frequency f=56.3 Hz the resonant frequency of the circuit?","Step 1: Identify the given values: R=30 Ω, L=0.4 H, C=20 μF, and the given frequency f=56.3 Hz.
Step 2: Convert the capacitance to Farads: C=20 μF=20×10⁻⁶ F.
Step 3: Recall the formula for the resonant frequency of an RLC circuit: f_res=1/(2π√(LC)).
Step 4: Substitute the values of L and C: f_res=1/(2π√(0.4×20×10⁻⁶)).
Step 5: Calculate the value inside the square root: LC=0.4×20×10⁻⁶=8×10⁻⁶.
Step 6: Compute the resonant frequency: f_res=1/(2π√(8×10⁻⁶))≈56.3 Hz.
Step 7: The frequency 56.3 Hz is the resonant frequency of the circuit.",Yes,-
CHLT011,"Consider an RLC series circuit with R=50 Ω, L=0.25 H, and C=25 μF. At a frequency of f=60 Hz, does resonance occur?","Step 1: Identify the given values L=0.25 H, C=25 μF, and operating frequency f=60 Hz.
Step 2: Convert the capacitance to farads: C=25 μF=25×10⁻⁶ F.
Step 3: Use the resonant frequency formula for a series RLC circuit: f_res=1/(2π√(LC)).
Step 4: Substitute the values: LC=0.25×25×10⁻⁶=6.25×10⁻⁶; √(LC)=√(6.25×10⁻⁶)=2.5×10⁻³; f_res=1/(2π×2.5×10⁻³)=1/0.015708≈63.66 Hz.
Step 5: Compare the operating frequency with the resonant frequency: f=60 Hz and f_res≈63.66 Hz, so they are not equal.
Step 6: Resonance does not occur.",No,-
CHLT012,"An RLC circuit has R=20 Ω, L=0.159 H, and C=10 μF. Is the circuit in resonance at f=126 Hz?","Step 1: State the resonance condition for an RLC circuit: X_L=X_C.
Step 2: Calculate the inductive reactance: X_L=2πfL.
Step 3: Substitute the values into the inductive reactance formula: X_L=2×π×126×0.159≈125.996 Ω.
Step 4: Convert the capacitance to Farads: C=10 μF=10×10⁻⁶ F.
Step 5: Calculate the capacitive reactance: X_C=1/(2πfC).
Step 6: Substitute the values into the capacitive reactance formula: X_C=1/(2×π×126×10×10⁻⁶)≈126.3 Ω.
Step 7: Compare the reactances: X_L≈125.996 Ω and X_C≈126.3 Ω≈X_L so the resonance condition is satisfied.
Step 8: The frequency 126 Hz is the resonant frequency of the circuit.",Yes,-
CHLT013,"Consider a series RLC circuit with R=35 Ω, L=0.5 H, C=2 μF. When supplied with an AC current at a frequency of 70 Hz, does the circuit resonate?","Step 1: Identify the given values: R=35 Ω, L=0.5 H, C=2 μF, f=70 Hz.
Step 2: State the resonance condition for a series RLC circuit: f=f₀.
Step 3: Recall the resonant frequency formula: f₀=1/(2π√(LC)).
Step 4: Convert the capacitance to Farads: C=2μF=2×10⁻⁶F.
Step 5: Substitute the values to compute LC: LC=0.5×2×10⁻⁶=1×10⁻⁶.
Step 6: Calculate the square root of LC: √(LC)=√(1×10⁻⁶)=10⁻³.
Step 7: Calculate the resonant frequency: f₀=1/(2π×10⁻³)≈159.15 Hz.
Step 8: Compare the applied frequency with the resonant frequency: f=70 Hz and f₀≈159.15 Hz.
Step 9: The circuit does not resonate.",No,-
CHLT014,"A series RLC circuit has R=75 Ω, L=0.2 H, C=40 μF. Is 56.3 Hz the resonant frequency?","Step 1: Identify the formula for the resonant frequency of a series RLC circuit: f_res=1/(2π√(LC)).
Step 2: Identify the given values and convert the capacitance to Farads: L=0.2 H and C=40 μF=40×10⁻⁶ F.
Step 3: Substitute the given values into the resonant frequency formula: f_res=1/(2π√(0.2×40×10⁻⁶)).
Step 4: Simplify the product inside the square root to prepare for calculation: 0.2×40×10⁻⁶=8×10⁻⁶.
Step 5: Calculate the square root of the product: √(8×10⁻⁶)≈0.002828.
Step 6: Calculate the denominator of the expression: 2π×0.002828≈0.01777.
Step 7: Calculate the resonant frequency: f_res=1/0.01777≈56.27 Hz.
Step 8: Compare the calculated value with the proposed value: 56.27 Hz≈56.3 Hz. 
Step 9: 56.3 Hz is approximately the resonant frequency of the circuit.",Yes,-
CHLT015,"A circuit consists of an inductor L=0.3 H, a capacitor C=5 μF, and a resistor R=12 Ω. When operating at f=100 Hz, does the circuit resonate?","Step 1: Identify the given values and convert capacitance to Farads: L=0.3 H, C=5 μF=5×10⁻⁶ F, f=100 Hz.
Step 2: Calculate the inductive reactance using the formula: X_L=2πfL.
Step 3: Substitute the values to compute the inductive reactance: X_L=2π×100×0.3=60π Ω≈188.50 Ω.
Step 4: Calculate the capacitive reactance using the formula: X_C=1/(2πfC).
Step 5: Substitute the values to compute the capacitive reactance: X_C=1/(2π×100×5×10⁻⁶).
Step 6: Simplify the denominator to perform the calculation: 2π×100×5×10⁻⁶=0.0031416.
Step 7: Calculate the capacitive reactance: X_C=1/0.0031416≈318.31 Ω.
Step 8: Compare the inductive and capacitive reactances to determine resonance: XL≠XC since 188.50 Ω≠318.31 Ω.
Step 9: The circuit is not in resonance at 100 Hz.",No,-
CHLT016,"A series circuit contains a resistor R=90 Ω, an inductor L=0.25 H, and a capacitor C=100 μF. Does the circuit resonate at a frequency of 31.8 Hz?","Step 1: Identify the given values and convert capacitance to Farads: L=0.25 H, C=100 μF=100×10⁻⁶ F=1×10⁻⁴ F.
Step 2: Recall the formula for the resonant frequency of a series RLC circuit: f₀=1/(2π√(LC)).
Step 3: Substitute the given values into the formula to form the calculation expression: f₀=1/(2π√(0.25×1×10⁻⁴)).
Step 4: Calculate the product inside the square root to simplify the expression: 0.25×1×10⁻⁴=2.5×10⁻⁵.
Step 5: Calculate the square root of the product: √(2.5×10⁻⁵)=0.005.
Step 6: Calculate the denominator of the frequency expression: 2π×0.005≈0.0314.
Step 7: Calculate the resonant frequency: f₀=1/0.0314≈31.8 Hz.
Step 8: Compare the calculated frequency with the proposed value: 31.8 Hz≈31.8 Hz.
Step 9: The circuit resonates at approximately 31.8 Hz.",Yes,-
CHLT017,"In a series RLC circuit with R=30 Ω, L=1 H, C=1 μF, does resonance occur at f=159 Hz?","Step 1: Identify the given values and convert capacitance to Farads: L=1 H, C=1 μF=1×10⁻⁶ F.
Step 2: Recall the formula for the resonant frequency of a series RLC circuit: f₀=1/(2π√(LC)).
Step 3: Substitute the given values into the formula to form the calculation expression: f₀=1/(2π√(1×1×10⁻⁶)).
Step 4: Calculate the product inside the square root to simplify the expression: 1×1×10⁻⁶=1×10⁻⁶.
Step 5: Calculate the square root of the product: √(1×10⁻⁶)=1×10⁻³.
Step 6: Calculate the denominator of the frequency expression: 2π×1×10⁻³≈0.006283.
Step 7: Calculate the resonant frequency: f₀=1/0.006283≈159.15 Hz.
Step 8: Compare the calculated frequency with the given operating frequency: 159.15 Hz≈159 Hz.
Step 9: The circuit resonates at approximately 159 Hz.",Yes,-
CHLT018,"An AC circuit has R=18 Ω, L=0.8 H, and C=3 μF. At a frequency of 100 Hz, does electrical resonance occur?","Step 1: State the condition for electrical resonance in a series RLC circuit: X_L=X_C.
Step 2: Calculate the inductive reactance using the given frequency and inductance: X_L=2πfL.
Step 3: Substitute the values to compute the inductive reactance: X_L=2π×100×0.8=160π Ω≈502.65 Ω.
Step 4: Convert the capacitance to Farads before calculating capacitive reactance: C=3 μF=3×10⁻⁶ F.
Step 5: Calculate the capacitive reactance using the formula: X_C=1/(2πfC).
Step 6: Substitute the values to compute the capacitive reactance: X_C=1/(2π×100×3×10⁻⁶)=1/(600π×10⁻⁶)≈530.52 Ω.
Step 7: Compare the inductive and capacitive reactances to determine resonance: X_L≈502.65 Ω and X_C≈530.52 Ω so X_L≠X_C 
Step 8: Electrical resonance does not occur at 100 Hz.",No,-
CHLT019,"Does a series RLC circuit with R=20 Ω, L=0.1 H, C=50 μF resonate at f=71 Hz?","Step 1: Identify the given values and convert capacitance to Farads: R=20 Ω, L=0.1 H, C=50 μF=50×10⁻⁶ F, f=71 Hz.
Step 2: Recall the formula for the resonant frequency of a series RLC circuit: f₀=1/(2π√(LC)).
Step 3: Substitute the given values into the formula to form the calculation expression: f₀=1/(2π√(0.1×50×10⁻⁶)).
Step 4: Calculate the product inside the square root to simplify the expression: 0.1×50×10⁻⁶=5×10⁻⁶.
Step 5: Calculate the square root of the product: √(5×10⁻⁶)≈0.002236.
Step 6: Calculate the denominator of the frequency expression: 2π×0.002236≈0.01405.
Step 7: Calculate the resonant frequency: f₀=1/0.01405≈71.2 Hz.
Step 8: Compare the calculated resonant frequency with the given frequency: 71.2 Hz≈71 Hz.
Step 9: Tthe circuit resonates at approximately 71 Hz.",Yes,-
CHLT020,"An AC circuit consists of R=10 Ω, L=0.05 H, C=100 μF. When the frequency is 225 Hz, does resonance occur?","Step 1: Identify the given values and convert capacitance to Farads: R=10 Ω, L=0.05 H, C=100 μF=100×10⁻⁶ F=1×10⁻⁴ F, f=225 Hz.
Step 2: Recall the formula for the resonant frequency of a series RLC circuit: f₀=1/(2π√(LC)).
Step 3: Substitute the given values into the formula to form the calculation expression: f₀=1/(2π√(0.05×1×10⁻⁴)).
Step 4: Calculate the product inside the square root to simplify the expression: 0.05×1×10⁻⁴=5×10⁻⁶.
Step 5: Calculate the square root of the product: √(5×10⁻⁶)≈0.002236.
Step 6: Calculate the denominator of the frequency expression: 2π×0.002236≈0.01405.
Step 7: Calculate the resonant frequency: f₀=1/0.01405≈71.2 Hz.
Step 8: Compare the calculated resonant frequency with the given operating frequency: 71.2 Hz≠225 Hz.
Step 9: Resonance does not occur at 225 Hz.",No,-
CH368,"A series RLC circuit is in resonance with a source voltage U = 100 V, resistance R = 25 Ω, inductance L = 0.08 H, and capacitance C = 100 µF. Calculate the voltage across the inductor (UL).","Step 1: Calculate the RMS current (I)
When the circuit is at resonance, the total impedance Z = R. The current in the circuit is I = U / R = 100 / 25 = 4 A.
Step 2: Calculate the resonance angular frequency (ω₀)
The angular frequency is calculated using the formula ω₀ = 1 / √(LC) = 1 / √(0.08 × 100 × 10⁻⁶) = 1 / √(8 × 10⁻⁶) = 1 / (√8 × 10⁻³) = 1000 / √8 rad/s.
Step 3: Calculate the inductive reactance (Z_L)
At resonance, the inductive reactance of the coil is Z_L = ω₀ × L = (1000 / √8) × 0.08 = 80 / √8 = 80 / (2√2) = 40 / √2 = 20√2 Ω.
Step 4: Calculate the voltage across the inductor (U_L)
The RMS voltage across the inductor terminals is calculated using Ohm’s law: U_L = I × Z_L = 4 × 20√2 = 113.14 V.",113.14,V
CH032,"A 100 μF capacitor is connected in series with a 0.01 H inductor, what is the resonant frequency of the circuit?","Step 1: Identify the given capacitance (C) and inductance (L) values.
Step 2: C = 100 μF = 100 × 10⁻⁶ F and L = 0.01 H.
Step 3: Recall the formula for the resonant frequency (f) of a series LC circuit: f = 1 / (2π√(LC)).
Step 4: Substitute the values into the formula: f = 1 / (2π√(0.01 × 100 × 10⁻⁶)) = 159.15 Hz.",159.15,Hz
CH191,"Consider an RLC series circuit with fixed components. When the angular frequency is ω0, the inductive reactance XL = 50 Ω and the capacitive reactance XC = 200 Ω. By what factor must the angular frequency be adjusted (relative to ω0) for the circuit to resonate?","Step 1: The inductive reactance (XL) is given by XL = ωL, and the capacitive reactance (XC) is given by XC = 1/(ωC).
Step 2: At the initial angular frequency ω₀, we are given XL = 50 Ω and XC = 200 Ω. Therefore, ω₀L = 50 Ω and 1/(ω₀C) = 200 Ω.
Step 3: Divide the eXpression for ω₀L by the eXpression for 1/(ω₀C): (ω₀L) / (1/(ω₀C)) = 50 / 200. This simplifies to ω₀²LC = 1/4.
Step 4: For resonance in a series RLC circuit, the inductive reactance must equal the capacitive reactance. If the resonant angular frequency is ω_res, then ω_res L = 1/(ω_res C). This condition implies ω_res²LC = 1. Then, angular frequency must be multiplied by 2.",2.0,-
CH030,An inductor L=0.02 H and a capacitor 50 μF are connected in series. What is the resonant frequency?,"Step 1: Identify the given values for inductance (L) and capacitance (C).
Step 2: Convert the capacitance from 50 microfarads (μF) to 50 × 10⁻⁶ farads (F).
Step 3: State the formula for the resonant frequency (f) of a series LC circuit: f = 1 / (2π√(LC)).
Step 4: Substitute the converted values of L and C into the resonant frequency formula: f = 1 / (2π√(0.02 × 50 × 10⁻⁶)) = 159.15 Hz.",159.15,Hz
CH026,A series RLC circuit consists of an inductor L = 0.3 H and a capacitor C = 30 μF. Determine the resonant frequency.,"Step 1: Identify the given values for inductance (L) and capacitance (C) from the question.
Step 2: Convert the capacitance from 30 microfarads (μF) to 30 × 10⁻⁶ farads (F).
Step 3: Recall the formula for the resonant frequency (f) of a series RLC circuit: f = 1 / (2π√(LC)).
Step 4: Substitute the given values of L = 0.3 H and C = 30 × 10⁻⁶ F into the formula: f = 1 / (2π√(0.3 × 30 × 10⁻⁶)) = 53.05 Hz.",53.05,Hz
CH275,"An AC circuit has XL = 25 Ω, XC = 100 Ω, R = 40 Ω, and U = 120 V. If the frequency is doubled, what is the power consumed by resistor R?","Step 1: Identify the initial resistance (R), inductive reactance (XL), capacitive reactance (XC), and voltage (U).
Step 2: Determine how doubling the frequency affects the inductive reactance (XL') and capacitive reactance (XC').
Step 3: Calculate the new inductive reactance (XL') after the frequency is doubled.
Step 4: Calculate the new capacitive reactance (XC') after the frequency is doubled. Then, P = I²R = 360 W.",360,W
CH348,What is the resonant frequency of a circuit with L = 0.02 H and C = 150 µF?,"Step 1: Identify the given inductance (L) and capacitance (C) values from the question.
Step 2: Note the formula for the resonant frequency (f) of an LC circuit: f = 1 / (2π√(LC)).
Step 3: Convert the capacitance from microfarads (µF) to farads (F): C = 150 µF = 150 × 10⁻⁶ F.
Step 4: Substitute the given values L = 0.02 H and C = 150 × 10⁻⁶ F into the formula. Then, f = 91.89 Hz.",91.89,Hz
CH362,"At resonance, a 90 V source is connected to R = 15 Ω. Calculate the current I.","Step 1: Identify the given voltage of the source, V = 90 V.
Step 2: Identify the given resistance, R = 15 Ω.
Step 3: Since the circuit is at resonance, the total impedance is equal to the resistance, so Z = R = 15 Ω.
Step 4: Use Ohm's Law, I = V / Z, to calculate the current. Then, I = 6 A.",6.00,A
CH081,"Given a 4 μF capacitor, what inductance (L) is needed for resonance at 100 Hz?","Step 1: Identify the given values from the question: Capacitance (C) = 4 μF and resonant frequency (f) = 100 Hz.
Step 2: Convert the capacitance to Farads: C = 4 × 10⁻⁶ F.
Step 3: Use the formula for resonant frequency in an LC circuit: f = 1 / (2π√(LC)).
Step 4: Rearrange the formula to solve for inductance (L): L = 1 / ((2πf)²C) = 1 / ( (2π × 100)² × 4.0 × 10⁻⁶) = 633.26 mH.",633.26,mH
CH351,What capacitance C is needed for a 0.05 H inductor to resonate at 100 Hz?,"Step 1: Identify the given values from the question: Inductance (L) = 0.05 H and Resonance frequency (f) = 100 Hz.
Step 2: Recall the formula for the resonance frequency (f) in an LC circuit: f = 1 / (2 × π × √(L × C)).
Step 3: Rearrange the formula to solve for the capacitance (C): C = 1 / ( (2 × π × f)² × L ).
Step 4: Substitute the given values into the rearranged formula: C = 1 / ( (2 × π × 100 Hz)² × 0.05 H ) = 50.66 µF.",50.66,µF
CH042,A resonant circuit has a voltage U = 120 V and a resistance R = 30 Ω. Calculate the power.,"Step 1: Identify the given voltage U = 120 V and resistance R = 30 Ω.
Step 2: In a resonant circuit, the impedance is purely resistive, meaning the power can be calculated using the formula P = U² / R.
Step 3: Substitute the values: P = 120² / 30 = 480 W.
Step 4: The power of the resonant circuit is 480 W.",480,W
CH096,An LC circuit has an inductance L = 0.02 H and resonates at a frequency f = 1200 Hz. What is the capacitance C?,"Step 1: Identify the given values: inductance L = 0.02 H and resonance frequency f = 1200 Hz.
Step 2: Recall the formula for the resonance frequency of an LC circuit: f = 1 / (2π√(LC)).
Step 3: Rearrange the formula to solve for capacitance C: C = 1 / (4π²f²L).
Step 4: Substitute the given values into the rearranged formula: C = 1 / (4π² × 1200² × 0.02) = 0.88 μF.",0.88,μF
CH036,"An inductor L=0.8 H is connected in series with a capacitor C=2 μF. What is the resonant frequency?""","Step 1: Identify the given inductance L = 0.8 H and capacitance C = 2 μF from the question.
Step 2: Convert the capacitance from microfarads (μF) to farads (F): C = 2 × 10⁻⁶ F.
Step 3: Recall the formula for the resonant frequency (f) of an LC series circuit: f = 1 / (2π√(LC)).
Step 4: Substitute the values of L and C into the formula: f = 1 / (2π√(0.8 × 2 × 10⁻⁶ )) = 125.82 Hz.",125.82,Hz
CH035,What is the resonant frequency for a circuit with L=0.1 H and C=10 μF?,"Step 1: Identify the given values for inductance (L) and capacitance (C).
Step 2: The inductance L is given as 0.1 H.
Step 3: The capacitance C is given as 10 μF, which needs to be converted to Farads: 10 × 10⁻⁶ F.
Step 4: Recall the formula for resonant frequency (f) in an LC circuit: f = 1 / (2π√(LC)) = 159.15 Hz.",159.15,Hz
CH151,"A voltage u = 200√2 cos 100πt (V) is applied to a series RLC circuit with R = 100 Ω, L = 1/π H, C = 10⁻⁴/(2π) F. Calculate the RMS (or effective) current I in the circuit.","Step 1: Identify the peak voltage (U_max) and angular frequency (ω) from the given voltage equation u = 200√2 cos 100πt.We have U_rms = 200
Step 2: Calculate the inductive reactance Z_L using Z_L = ωL = 100 Ω.
Step 3: Calculate the capacitive reactance Z_C using Z_C = 1/(ωC) = 200 Ω.
Step 4: Calculate the total impedance Z of the series RLC circuit using Z = √(R² + (Z_L - Z_C)²) = 100√2. Solve I = U_rms / Z = 1.41 A.",1.414,A
CH237,"A circuit AB is formed by two series segments. Segment AM consists of a resistor R1 = 40 Ω in series with a capacitor C. Segment MB consists of a resistor R2 = 20 Ω in series with an inductor L. The entire circuit AB has the condition LCω² = 1. An RMS voltage U = 90 V is applied across AB. Given that the voltage u_AM is 90 degrees out of phase with the voltage u_MB, what is the RMS voltage across segment MB?","Step 1: Analyze resonance and phase conditions
From LCω² = 1 we obtain Z_L = Z_C. Since u_AM is perpendicular to u_MB (90° phase difference), we have the relationship Z_L × Z_C = R₁ × R₂ and therefore Z_L² = Z_C² = 40 × 20 = 800. Thus the inductive reactance Z_L = √800 = 20√2 ≈ 28.28 Ω.
Step 2: Determine the total circuit current
Because Z_L = Z_C the circuit experiences full resonance. The total impedance of AB is Z_AB = R₁ + R₂ = 40 + 20 = 60 Ω. The RMS current in the circuit is I = U / (R₁ + R₂) = 90 / 60 = 1.5 A.
Step 3: Calculate the impedance of segment MB
Segment MB consists of R₂ and L in series, so its impedance Z_MB is calculated as Z_MB = √(R₂² + Z_L²) = √(20² + 800) = √(400 + 800) = √1200 = 20√3 ≈ 34.64 Ω.
Step 4: Calculate the RMS voltage U_MB
Substitute the obtained values into the formula U_MB = I × Z_MB: U_MB = 1.5 × 20√3 = 30√3 ≈ 51.96 V.",51.96,V
CH062,What capacitance must the capacitor have for an L-C circuit with L = 0.2 H to resonate at 100 Hz?,"Step 1: The problem asks for the capacitance (C) of an L-C circuit given the inductance (L) and the resonance frequency (f).
Step 2: The given values are L = 0.2 H and f = 100 Hz.
Step 3: The formula for the resonance frequency of an L-C circuit is f = 1 / (2π√(LC)).
Step 4: To solve for C, we rearrange the formula: C = 1 / (4π²f²L) = 1 / (4π² × 100² × 0.2) = 12.67 μF.",12.67,μF
CH157,"An RMS voltage U = 75 V is applied to a series RLC circuit with R = 50 Ω, which is in resonance. Calculate the maximum effective current Imax.","Step 1: Identify the given RMS voltage U = 75 V.
Step 2: Identify the given resistance R = 50 Ω.
Step 3: Recognize that the circuit is in resonance.
Step 4: In a series RLC circuit at resonance, the impedance Z is equal to the resistance R. So, Z = R = 50 Ω. Then, I = U / R = 1.5 A",1.5,A
CH021,Given an RLC series circuit with an inductance L = 0.4 H and a capacitance C = 40 μF. Determine the resonant frequency of the circuit.,"Step 1: Identify the given inductance (L) and capacitance (C) from the question.
Step 2: Convert the capacitance from 40 microfarads (μF) to 40 × 10⁻⁶ farads (F).
Step 3: Recall the formula for the resonant frequency (f) of an RLC series circuit is f = 1 / (2π√(LC)).
Step 4: Substitute the given values of L and C into the formula: f = 1 / (2π√(0.4 × 40 × 10⁻⁶)) = 39.79 Hz.",39.79,Hz
CH245,"Consider a circuit AB with R1 = 60 Ω, R2 = 30 Ω, satisfying LCω² = 1, and uAM is in quadrature (90° out of phase) with uMB. The total power consumed by the circuit when U = 80 V is applied across AB is 64.0 W. If this same voltage is applied to the MB segment (containing R2 and L), what is the power consumed by MB?","Step 1: Analyze resonance and 90° phase conditions
From LCω² = 1 we obtain Z_L = Z_C. Since u_AM is perpendicular to u_MB (90° phase difference), we have the characteristic relationship Z_L² = Z_C² = R₁ × R₂.
Step 2: Set up the total circuit power P_AB
When the circuit is at resonance, the total impedance becomes purely resistive and equals R₁ + R₂. The power consumed by the entire circuit is therefore P_AB = U² / (R₁ + R₂) = 64.0 W.
Step 3: Transform the power of segment MB (P_MB)
When the voltage U is applied directly across segment MB (consisting of R₂ and L), the power consumed by this segment is P_MB = (U² × R₂) / (R₂² + Z_L²). Substituting Z_L² = R₁ × R₂ into the denominator gives P_MB = (U² × R₂) / (R₂² + R₁ × R₂) = (U² × R₂) / [R₂(R₂ + R₁)] = U² / (R₁ + R₂).
Step 4: Conclusion
From the expressions above, we see that P_MB is always equal to P_AB under these conditions. Therefore P_MB = P_AB = 64.0 W.",64.0,W
CH380,"A circuit has R = 30 Ω, XL = 40 Ω, XC = 70 Ω. What is the total impedance Z?","Step 1: Identify the given values: resistance R = 30 Ω, inductive reactance XL = 40 Ω, and capacitive reactance XC = 70 Ω.
Step 2: Recall the formula for the total impedance Z in a series RLC circuit: Z = √(R² + (XL - XC)²).
Step 3: Calculate the net reactance (XL - XC): 40 Ω - 70 Ω = -30 Ω.
Step 4: Substitute the values into the impedance formula: Z = √((30 Ω)² + (-30 Ω)²) = 42.43 Ω .",42.43,Ω
CH358,"Given U = 150 V, R = 50 Ω at resonance. Calculate I.","Step 1: Identify the given voltage (U) and resistance (R).
Step 2: At resonance, the total impedance (Z) of the circuit is equal to the resistance (R).
Step 3: Use Ohm's Law for the circuit, I = U / Z.
Step 4: Substitute the values: I = 150 V / 50 Ω = 3 A.",3.00,A
CH192,"In a series RLC circuit, at ω₀, the inductor has an inductive reactance of 60 Ω and the capacitor has a capacitive reactance of 135 Ω. To what multiple of ω₀ must the angular frequency be changed to achieve resonance?","Step 1: Identify the given inductive reactance (XL₀) and capacitive reactance (XC₀) at angular frequency ω₀.
Step 2: Recall that for an inductor, XL = ωL, and for a capacitor, XC = 1/(ωC).
Step 3: Define the resonance condition as XL = XC. Let the angular frequency at resonance be ω_res.
Step 4: Express the relationship between reactances at ω₀ and at ω_res. If ω_res = kω₀, then XL_res = k × XL₀ and XC_res = (1/k) × XC₀. Then, angular frequency must be multiplied by 1.5.",1.5,-
CH164,"Apply an RMS voltage U = 225 V to a series RLC circuit with R = 150 Ω, which is currently at resonance. Calculate the maximum effective current Imax.","Step 1: Identify the given RMS voltage U and resistance R.
Step 2: Note that the series RLC circuit is at resonance.
Step 3: At resonance in a series RLC circuit, the total impedance Z is equal to the resistance R.
Step 4: Calculate the RMS current (I_rms) using Ohm's Law: I_rms = U / Z = U / R = 1.5 A.",1.5,A
CH105,"A circuit has a resistance R = 50Ω. At resonance (40Hz), the current I = 3A. When the frequency increases to 80Hz, the current becomes I = 1.5A. What is the inductive reactance (ZL) at 80Hz?","Step 1: Determine the source voltage (U) using the resonance condition. At the resonant frequency (f₁ = 40 Hz), the circuit is purely resistive because the inductive reactance and capacitive reactance are equal (Z_L1 = Z_C1). U = I × R = 3 × 50 = 150 V
Step 2: Calculate the total impedance (Z) and the net reactance at the increased frequency (f₂ = 80 Hz). When the frequency increases to 80 Hz, the current is I' = 1.5 A. The new total impedance Z is: Z = U / I' = 150 / 1.5 = 100 Ω. Using the impedance formula Z² = R² + (Z_L - Z_C)², where Z_L and Z_C are the reactances at 80 Hz: (Z_L - Z_C)² = Z² - R² = 100² - 50² = 10000 - 2500 = 7500. Therefore, |Z_L - Z_C| = √7500 = 50√3 = 86.6 Ω
Step 3: Relate the reactances at 80 Hz to the reactances at resonance (40 Hz). Let Z_L1 be the inductive reactance at 40 Hz. At this frequency, Z_L1 = Z_C1. Since the frequency has doubled (80 Hz = 2 × 40 Hz): The inductive reactance at 80 Hz is Z_L = 2Z_L1 and The capacitive reactance at 80 Hz is Z_C = Z_C1 / 2 = Z_L1 / 2. The net reactance at 80 Hz is: |Z_L - Z_C| = 2Z_L1 - Z_L1 / 2 = (3×Z_L1) / 2
Step 4: Solve for Z_L1 and calculate the final inductive reactance Z_L at 80 Hz. From Step 2 and Step 3: Z_L1 = (50√3 × 2) / 3 ≈ 57.74 Ω. The inductive reactance at the required frequency of 80 Hz (Z_L) is: Z_L = 2Z_L1 = 2 × (100√3)/3 = (200√3)/3 = 115.47 Ω",115.47,Ω
CH153,"A voltage u = 200√2 cos 100πt (V) is applied to a series RLC circuit with R = 100 Ω, L = 1/π H, and C = 10⁻⁴/(2π) F. Calculate the average power P consumed by the circuit.","Step 1: Identify the peak voltage (U₀) and angular frequency (ω) from the applied voltage equation u = 200√2 cos 100πt (V).
Step 2: Calculate the RMS voltage (U) using U = U₀ / √2.
Step 3: Calculate the inductive reactance (Z_L) using Z_L = ωL. Calculate the capacitive reactance (Z_C) using Z_C = 1 / (ωC).
Step 4: Calculate P = U² × R / Z² = (200)² × 100 / (100√2)² = 200 W",200,W
CH166,"An RMS voltage U = 60 V is applied to a series RLC circuit with R = 40 Ω, operating at resonance. Calculate the maximum power dissipated Pmax.","Step 1: In a series RLC circuit operating at resonance, the total impedance (Z) is equal to the resistance (R) and the power factor (cos φ) is 1.
Step 2: The maximum power dissipated (Pmax) in an RLC circuit occurs at resonance and can be calculated using the formula Pmax = U_RMS² / R.
Step 3: Substitute the given values: U_RMS = 60 V and R = 40 Ω.
Step 4: Calculate Pmax = 60² / 40 = 90 W.",90,W
CH233,"The circuit AB consists of segment MB, where R2 = 90 Ω is connected in series with an inductor L. We are given LCω² = 1, and the voltage U_AM is 90 degrees out of phase with U_MB. When a voltage U = 120 V is applied across AB, the total power dissipated is 96.0 W. Determine R1.","Step 1: Analyze resonance and phase conditions
From LCω² = 1 we obtain Z_L = Z_C. Since u_AM is perpendicular to u_MB (90° phase difference), we have the relationship linking resistance and reactance: Z_L × Z_C = R₁ × R₂ and therefore Z_L² = Z_C² = R₁ × R₂.
Step 2: Determine total circuit impedance
Because Z_L = Z_C the circuit experiences full electrical resonance. The reactive components completely cancel each other, so the total impedance of the entire AB circuit is purely resistive and equals Z_AB = R₁ + R₂.
Step 3: Set up the power equation
Using the formula for power consumption under resonance conditions P = U² / (R₁ + R₂) and substituting the given values P = 96.0 W, U = 120 V, and R₂ = 90 Ω we get 96.0 = 120² / (R₁ + 90).
Step 4: Calculate the final result
Solve the equation for R₁: R₁ + 90 = 14400 / 96 = 150 and therefore R₁ = 150 − 90 = 60 Ω.",60.0,Ω
CH068,What L is needed for a circuit with C = 20 μF to resonate at 60 Hz?,"Step 1: Identify the given values from the question: Capacitance C = 20 μF and resonance frequency f = 60 Hz.
Step 2: Convert the capacitance from microfarads to farads: C = 20 × 10⁻⁶ F.
Step 3: Recall the formula for the resonance frequency (f) of an LC circuit: f = 1 / (2π√(LC)).
Step 4: Rearrange the formula to solve for the inductance L: L = 1 / (4π²f²C) = 1 / (4π² × 60² × 20 × 10⁻⁶) = 351.8 mH.",351.8,mH
CH184,What is the total impedance Z of a series RLC circuit with R = 80 Ω at resonance?,"Step 1: The circuit described is a series RLC circuit operating at resonance.
Step 2: In a series RLC circuit, the total impedance Z is given by Z = √(R² + (ZL - ZC)²), where R is resistance, ZL is inductive reactance, and ZC is capacitive reactance.
Step 3: At resonance, the inductive reactance (ZL) is equal to the capacitive reactance (ZC), meaning (ZL - ZC) = 0.
Step 4: Substituting this condition into the impedance formula simplifies it to Z = √(R² + 0²) = √(R²) = R = 80 Ω.",80,Ω
CH265,"A circuit consists of XL = 25 Ω, XC = 100 Ω, R = 40 Ω, U = 120 V. If the frequency is increased by 2 times, what is the effective current in the circuit?","Step 1: Identify the initial given values: Inductive reactance XL = 25 Ω, Capacitive reactance XC = 100 Ω, Resistance R = 40 Ω, and RMS voltage U = 120 V.
Step 2: When the frequency is doubled, inductive reactance (XL) doubles because XL is directly proportional to frequency (XL = 2πfL).
Step 3: Calculate the new inductive reactance: XL' = 2 × XL = 2 × 25 Ω = 50 Ω.
Step 4: When the frequency is doubled, capacitive reactance (XC) halves because XC is inversely proportional to frequency (XC = 1/(2πfC)). Then, I = U / R = 3 A.",3,A
CH038,A circuit consists of L=3 H and C=3 μF in series. Find the resonant frequency?,"Step 1: Identify the given inductance L and capacitance C from the question.
Step 2: L = 3 H and C = 3 μF.
Step 3: Convert the capacitance from microfarads (μF) to farads (F): C = 3 × 10⁻⁶ F.
Step 4: The formula for the resonant frequency (f) of a series LC circuit is f = 1 / (2π√(LC)) = 1 / (2π √(3 × 3 × 10⁻⁶)) = 53.05 Hz.",53.05,Hz
CH005,"Determine the resistance R of an RLC circuit at resonance, if the measured impedance is 25 Ω?","Step 1: Identify the given information: the circuit is an RLC circuit operating at resonance and the measured impedance is Z=25 Ω.
Step 2: Recall the resonance condition in a series RLC circuit: X_L=X_C.
Step 3: State the consequence of the resonance condition: the net reactance becomes X_L−X_C=0.
Step 4: Recall the formula for the total impedance of a series RLC circuit: Z=√(R²+(X_L−X_C)²).
Step 5: Simplify the impedance expression using the resonance condition: Z=√(R²+0²).
Step 6: Determine the relationship between impedance and resistance at resonance: Z=R.
Step 7: Substitute the given impedance value to determine the resistance: R=25 Ω.",25,Ω
CH379,"A circuit has R = 50 Ω, XL = 60 Ω, XC = 30 Ω (not in resonance). Calculate the total impedance Z.","Step 1: Identify the given resistance R and reactances XL and XC from the question.
Step 2: Recall the formula for the total impedance Z of a series RLC circuit: Z = √[R² + (XL - XC)²].
Step 3: Calculate the difference between the inductive reactance XL and the capacitive reactance XC.
Step 4: Substitute the values of R and (XL - XC) into the impedance formula. Then, Z = 58.31 Ω.",58.31,Ω
CH052,What is the power consumed by a resonant circuit with U=90 V and R=45 Ω?,"Step 1: Identify the given values: the voltage (U) is 90 V and the resistance (R) is 45 Ω.
Step 2: Recall that in an RLC resonant circuit, the impedance (Z) of the circuit is equal to the resistance (R).
Step 3: Use the formula for power (P) consumed in a resistive AC circuit, which is P = U² / R.
Step 4: Substitute the given values into the formula: P = 90² / 45 = 180 W.",180,W
CH366,"Given: U = 150 V, R = 50 Ω, L = 0.20 H, C = 80 µF (at resonance). What is the value of U_L?","Step 1: Calculate the maximum current
When the circuit reaches resonance (Z_L = Z_C), the total impedance equals the resistance R. The RMS current in the circuit is I = U / R = 150 / 50 = 3 A.
Step 2: Calculate the resonance angular frequency (ω₀)
The angular frequency at resonance is determined by the formula ω₀ = 1 / √(LC) = 1 / √(0.20 × 80 × 10⁻⁶) = 1 / √(16 × 10⁻⁶) = 250 rad/s.
Step 3: Calculate the inductive reactance (Z_L)
At this frequency, the inductive reactance of the coil is Z_L = ω₀ × L = 250 × 0.20 = 50 Ω.
Step 4: Calculate the voltage across the inductor (U_L)
The RMS voltage across the inductor terminals is calculated using Ohm’s law: U_L = I × Z_L = 3 × 50 = 150 V.",150,V
CH110,"In an RLC circuit: The resistance R = 80Ω. At resonance, the current is I = 2A, and this occurs at a frequency f = 100Hz. When the frequency is f = 200Hz, the current is I = 1.6A. What is the inductive reactance (ZL)?","Step 1: Determine the source voltage (U) from the resonance condition. At the resonant frequency (f = 100 Hz), the circuit's total impedance is equal to the resistance R because the inductive and capacitive reactances cancel each other out (Z_L = Z_C). U = I × R = 2 × 80 = 160 V
Step 2: Calculate the total impedance (Z') and net reactance at the new frequency (200 Hz). When the frequency is changed to 200 Hz, the current is I' = 1.6 A. The new total impedance Z' is: Z' = U / I' = 160 V / 1.6 A = 100 Ω. Using the impedance formula (Z')² = R² + (Z_L' - Z_C')², where Z_L' and Z_C' are the reactances at 200 Hz: (Z_L' - Z_C')² = (Z')² - R² = 100² - 80² = 10000 - 6400 = 3600 ⇒ |Z_L' - Z_C'| = √3600 = 60 Ω
Step 3: Relate the reactances at 200 Hz to the initial inductive reactance (Z_L). Let Z_L be the inductive reactance at 100 Hz (where Z_L = Z_C). Since the frequency has doubled (200 Hz = 2 × 100 Hz): The new inductive reactance is Z_L' = 2 × Z_L (proportional to f) and The new capacitive reactance is Z_C' = Z_C / 2 = Z_L / 2 (inversely proportional to f). The net reactance at 200 Hz is: |Z_L' - Z_C'| = 2 × Z_L - Z_L / 2 = (3 × Z_L)/2
Step 4: Solve for the initial inductive reactance (Z_L) at 100 Hz. Substitute the expression from Step 3 into the result from Step 2: Z_L = 40 Ω",40,Ω
CH350,Calculate C for a 0.20 H inductor to resonate at 50 Hz.,"Step 1: Identify the given values: inductance (L) = 0.20 H and resonant frequency (f) = 50 Hz. The quantity to find is capacitance (C).
Step 2: Recall the formula for the resonant frequency of an LC circuit: f = 1 / (2π√(LC)).
Step 3: Rearrange the formula to solve for C: C = 1 / (L × (2πf)²).
Step 4: Substitute the given values into the rearranged formula: C = 1 / (0.20 H × (2 × π × 50 Hz)²) = 50.66 µF.",50.66,µF
CH209,"A series RLC circuit has constant component values. At angular frequency ω0, the inductive reactance of the inductor is 85 Ω, and the capacitive reactance of the capacitor is 425 Ω. By what factor must ω be changed from ω0 for the circuit to be in resonance?","Step 1: At angular frequency ω₀, the inductive reactance X_L0 = 85 Ω and the capacitive reactance X_C0 = 425 Ω.
Step 2: The condition for resonance in a series RLC circuit is when the inductive reactance equals the capacitive reactance, i.e., X_L = X_C.
Step 3: We know X_L = ω L and X_C = 1 / (ω C). At resonance, let the angular frequency be ω_res. So:
ω_res L = 1 / (ω_res C)
Step 4: We are looking for a factor k such that ω_res = k ω₀. Substitute this into the resonance condition: (k ω₀) L = 1 / (k ω₀ C). Then, angular frequency must be multiplied by 2.236.",2.236,-
CH156,An RMS voltage U = 60 V is applied to a series RLC circuit with R = 40 Ω and currently in a state of resonance. Calculate the maximum RMS current Imax.,"Step 1: Identify the given RMS voltage U and resistance R.
Step 2: Recognize that for a series RLC circuit in a state of resonance, the total impedance Z is equal to the resistance R.
Step 3: State the formula for RMS current (I_RMS) in an AC circuit, which is Ohm's law: I_RMS = U / Z.
Step 4: Substitute Z = R into the formula for the RMS current at resonance: I_RMS = U / R = 1.5 A.",1.5,A
CH220,"Circuit AB consists of segment AM, which has resistor R1 = 10 Ω in series with capacitor C, and segment MB, which has resistor R2 = 90 Ω in series with inductor L. Given that LCω² = 1 and uAM is 90° out of phase with uMB. An RMS voltage U = 100 V is applied across AB. What is the total power consumed by circuit AB?","Step 1: Identify the components and their impedances for segments AM and MB.
Step 2: From the condition LCω² = 1, deduce that the inductive reactance (X_L = ωL) is equal to the capacitive reactance (X_C = 1/(ωC)), so X_L = X_C.
Step 3: Use the condition that uAM is 90° out of phase with uMB, which implies that the product of the tangents of their phase angles is -1: (-X_C/R1) × (X_L/R2) = -1. This simplifies to X_C × X_L = R1 × R2.
Step 4: Substitute X_L = X_C into the equation from Step 3: X_L² = R1 × R2. P = I² (R₁ + R₂) = U² / (R₁ + R₂). Substitute the values: P = 100² / (10 + 90) = 100 W",100.0,W
CH176,What is the power factor (cosφ) of a series RLC circuit at resonance?,"Step 1: Identify the condition for a series RLC circuit at resonance.
Step 2: At resonance, the inductive reactance (Z_L) equals the capacitive reactance (Z_C).
Step 3: This equality means the net reactive impedance (Z_L - Z_C) is zero.
Step 4: The total impedance (Z) of the circuit becomes purely resistive, equal to R (Z = R). Then, cosφ = R/R = 1.",1,-
CH255,"A circuit has XL = 15 Ω, XC = 135 Ω, and a source voltage U = 90 V. If the frequency is tripled, what is the RMS voltage across the resistor R?","Step 1: Change in parameters when frequency is tripled (f' = 3f)
Inductive reactance Z_L is directly proportional to frequency so Z_L' = 3 × 15 = 45 Ω. Capacitive reactance Z_C is inversely proportional to frequency so Z_C' = 135 / 3 = 45 Ω.
Step 2: Determine the circuit state
Because Z_L' = Z_C' = 45 Ω the circuit reaches electrical resonance.
Step 3: Calculate the voltage across the resistor R
At the resonance state, the voltages across the inductor and capacitor cancel each other out completely (U_L = U_C), so the RMS voltage across the resistor (U_R) is exactly equal to the source voltage U. Therefore U_R = U = 90 V.
Step 4: Conclusion
Regardless of the value of the resistor R, when the frequency changes and causes the circuit to resonate, the entire source voltage is concentrated across the resistor. Therefore U_R = 90 V.",90,V
CH369,"U = 180 V, R = 30 Ω, L = 0.12 H, C = 30 µF, resonance. UL?","Step 1: Calculate the RMS current (I)
When the circuit reaches resonance (Z_L = Z_C), the total impedance reaches its minimum value and equals exactly the resistance R. The RMS current is I = U / R = 180 / 30 = 6 A.
Step 2: Calculate the resonance angular frequency (ω₀)
The angular frequency at resonance is determined by the formula ω₀ = 1 / √(LC) = 1 / √(0.12 × 30 × 10⁻⁶) = 1 / √(3.6 × 10⁻⁶) = 1 / √(36 × 10⁻⁷) rad/s.
For easier calculation: ω₀ = 10³ / √3.6 = 1000 / (6 / √10) = (1000√10) / 6 = (500√10) / 3 rad/s.
Step 3: Calculate the inductive reactance (Z_L)
At this frequency, the inductive reactance of the coil is Z_L = ω₀ × L = (500√10 / 3) × 0.12 = 500√10 × 0.04 = 20√10 Ω.
Step 4: Calculate the voltage across the inductor (U_L)
The RMS voltage across the inductor terminals is calculated using Ohm’s law: U_L = I × Z_L = 6 × 20√10 = 379.47 V.",379.47,V
CH185,"At resonance, what is the total impedance Z of a series RLC circuit with R = 100 Ω?","Step 1: The circuit described is a series RLC circuit operating at resonance.
Step 2: At resonance in a series RLC circuit, the inductive reactance (ZL) is equal to the capacitive reactance (ZC).
Step 3: This means that the difference between the reactances, (ZL - ZC), becomes zero.
Step 4: The general formula for the total impedance (Z) of a series RLC circuit is Z = √(R² + (ZL - ZC)²) = 100 Ω.",100,Ω
CH361,"Given U = 180 V, R = 30 Ω, and the circuit is at resonance. Calculate I.","Step 1: Identify the given values: Voltage (U) = 180 V and Resistance (R) = 30 Ω.
Step 2: Note that the problem states the circuit is at resonance.
Step 3: At resonance, for a simple AC circuit with resistance, the total impedance (Z) of the circuit is equal to its resistance (R).
Step 4: Therefore, Z = 30 Ω. Then, I = 6 A.",6.00,A
CH374,"For a circuit with L = 0.12 H, C = 30 µF, and R = 30 Ω, calculate the quality factor (Q).","Step 1: Identify the given values for inductance (L), capacitance (C), and resistance (R).
Step 2: Convert the capacitance from microfarads (µF) to farads (F).
Step 3: State the formula for the quality factor (Q) of an RLC circuit: Q = (1/R) × √(L/C).
Step 4: Substitute the given values into the formula. Then, Q = 2.11",2.11,
CH054,A resonant circuit has a voltage (U) of 300 V and a resistance (R) of 100 Ω. What is the power consumed?,"Step 1: Identify the given voltage (U) is 300 V and resistance (R) is 100 Ω.
Step 2: Recall that in an RLC resonant circuit, the impedance (Z) of the circuit is equal to the resistance (R).
Step 3: For a resonant circuit, the power consumed (P) can be calculated using the formula P = U² / R.
Step 4: Substitute the given values into the formula: P = 300² / 100 = 900 W.",900,W
CH069,A circuit has a capacitor C = 25 μF. What inductance L is required for it to resonate at 100 Hz?,"Step 1: The given capacitance C is 25 μF, which is 25 × 10⁻⁶ F.
Step 2: The desired resonant frequency f is 100 Hz.
Step 3: The formula for the resonant frequency of an LC circuit is f = 1 / (2π√(LC)).
Step 4: To solve for L, rearrange the formula: L = 1 / (4π² × f² × C) = 1 / (4π² × 100² × 25 × 10⁻⁶) = 101.32 mH.",101.32,mH
CH060,A resonant RLC circuit has a resistance R = 5 Ω and an RMS voltage of 20 V. Calculate the power.,"Step 1: Identify the given values: Resistance R = 5 Ω and RMS voltage U = 20 V. The circuit is a resonant RLC circuit.
Step 2: At resonance, the impedance (Z) of an RLC circuit is equal to its resistance (R), because the inductive and capacitive reactances cancel out. So, Z = R = 5 Ω.
Step 3: The power (P) in a resonant RLC circuit can be calculated using the formula P = U² / R, as the power factor (cos φ) is 1 at resonance.
Step 4: Substitute the given values into the formula: P = 20² / 5 = 80 W.",80,W
