id,question,cot,answer,unit
LD001,"Two charges, q1 = 6 × 10^-8 C and q2 = -6 × 10^-8 C, are placed at points A and B in air, 8 cm apart. A third charge, q3 = 6 × 10^-8 C, is placed at point C, with CA = 5 cm and CB = 3 cm. Determine the force acting on q3.","Step 1: Identify the given charges and distances.
Step 2: Determine the geometric arrangement of points A, B, and C.
Step 3: Calculate the magnitude of the electrostatic force exerted by q1 on q3 (F13) using Coulomb's Law (F = k × |q1×q2| / r^2), where k = 9 × 10^9 N m^2/C^2.
Step 4: Determine the direction of F13.",0.05,N
LD002,"Three electric charges are placed at three fixed points, forming a right-angled triangle ABC (right-angled at A), where AB = 4 m and BC = 5 m. The charges are qA = 5.0 μC, qB = -5.0 μC, and qC = 4.0 μC, respectively. Find the net electric force acting on the charge at A.","Step 1: Identify the charges and distances given in the problem.
Step 2: The charges are qA = 5.0 μC, qB = -5.0 μC, and qC = 4.0 μC.
Step 3: The known side lengths of the right-angled triangle are AB = 4 m and BC = 5 m.
Step 4: To find the net electric force on charge A, we need to calculate the force exerted by B on A (F_BA) and the force exerted by C on A (F_CA) using Coulomb's Law.",24.45 × 10^-3,N
LD003,"Points A and B are separated by 20 cm in air. Charges q1 = -3 × 10^-6 C and q2 = 8 × 10^-6 C are placed at A and B, respectively. A test charge q3 = 2 × 10^-6 C is placed at point C such that AC = 12 cm and BC = 16 cm. Calculate the magnitude of the electric force acting on q3.","Step 1: Identify the given charges and distances.
Step 2: Convert the given distances from centimeters to meters: AC = 0.12 m, BC = 0.16 m, AB = 0.20 m.
Step 3: Verify the geometry of points A, B, and C. Since AC² + BC² = (0.12 m)² + (0.16 m)² = 0.0144 m² + 0.0256 m² = 0.0400 m², and AB² = (0.20 m)² = 0.0400 m², it implies that AC² + BC² = AB². Therefore, the points form a right-angled triangle at C, meaning angle ACB is 90 degrees.
Step 4: The formula for the magnitude of the electric force between two point charges is F = k |q1 q2| / r², where k is Coulomb's constant.",6.76,N
LD004,"Two point charges q1 = 3 × 10^-8 C and q2 = 2 × 10^-8 C are placed at points A and B in a vacuum, with AB = 5 cm. A charge q0 = -2 × 10^-8 C is placed at M, where MA = 4 cm and MB = 3 cm. Calculate the net electric force acting on q0.","Step 1: Identify the given charges q1 = 3 × 10^-8 C, q2 = 2 × 10^-8 C, and q0 = -2 × 10^-8 C. The distances are MA = 4 cm (0.04 m), MB = 3 cm (0.03 m), and AB = 5 cm (0.05 m). Use Coulomb's constant k = 9 × 10^9 N m^2/C^2.
Step 2: Verify the geometry of points A, M, and B. Since MA^2 + MB^2 = (4 cm)^2 + (3 cm)^2 = 16 cm^2 + 9 cm^2 = 25 cm^2, and AB^2 = (5 cm)^2 = 25 cm^2, it follows that MA^2 + MB^2 = AB^2. Therefore, triangle AMB is a right-angled triangle with the right angle at M.
Step 3: Calculate the magnitude of the electric force F10 exerted by q1 on q0 using Coulomb's Law (F = k|q1q0|/r^2).
Step 4: Determine the direction of F10. Since q1 is positive and q0 is negative, the force F10 is attractive, directed from M towards A.",5.234 × 10^-3,N
LD005,"Three electric charges, q1 = q2 = q3 = 1.6 × 10^-19 C, are placed at the three vertices of an equilateral triangle ABC with side length 16 cm in air. Determine the net electric force vector acting on q3.","Step 1: Identify the given values: charges q1 = q2 = q3 = 1.6 × 10^-19 C, and the side length of the equilateral triangle, r = 16 cm.
Step 2: Convert the side length from centimeters to meters: r = 16 cm = 0.16 m.
Step 3: State Coulomb's Law, F = k × |q_a × q_b| / r^2, and the value of Coulomb's constant for air, k = 8.9875 × 10^9 N m^2/C^2.
Step 4: Calculate the magnitude of the individual electrostatic forces. The force exerted by q1 on q3 (F13) and by q2 on q3 (F23) will have the same magnitude since q1=q2 and the distances are equal: F = (8.9875 × 10^9 N m^2/C^2) × (1.6 × 10^-19 C)^2 / (0.16 m)^2 = 8.9875 × 10^-27 N.",9\sqrt{3} × 10^-27,N
LD006,"Two point charges q1 = 10^-8 C and q2 = -3×10^-8 C are placed in air at two points A and B, 8 cm apart. A point charge q = 10^-8 C is placed at point M, which is on the perpendicular bisector of the line segment AB and 3 cm away from AB. Given k = 9×10^9 N.m^2/C^2. What is the magnitude of the net electric force exerted by q1 and q2 on q?","Step 1: Convert all given distances to meters and set up a coordinate system. Let the midpoint of AB be the origin (0,0). Then point A is at (-0.04 m, 0) and point B is at (0.04 m, 0). Point M is on the perpendicular bisector, 3 cm away from AB, so M is at (0, 0.03 m).
Step 2: Calculate the distances from q1 to q (r1) and from q2 to q (r2).
Step 3: Calculate the magnitude of the electric force F1 exerted by q1 on q using Coulomb's Law, F = k|q1q|/r1^2.
Step 4: Calculate the magnitude of the electric force F2 exerted by q2 on q using Coulomb's Law, F = k|q2q|/r2^2.",1.23 × 10^-3,N
LD007,"Two charges, q1 = +2×10^-6 C and q2 = -2×10^-6 C, are placed at points A and B in a vacuum, 6 cm apart. A third charge, q3 = +2×10^-6 C, is placed on the perpendicular bisector of the line segment AB, 4 cm away from AB. What is the magnitude of the net electric force exerted by q1 and q2 on q3?","Step 1: Identify the given charges and their values: q1 = +2×10^-6 C, q2 = -2×10^-6 C, q3 = +2×10^-6 C.
Step 2: Determine the positions. The distance between q1 and q2 is 6 cm. q3 is on the perpendicular bisector, 4 cm from the line AB. This forms two right-angled triangles with legs 3 cm (half of 6 cm) and 4 cm.
Step 3: Calculate the distance from q1 to q3 (r13) and q2 to q3 (r23). Using the Pythagorean theorem, r = sqrt((3 cm)^2 + (4 cm)^2) = sqrt(9 + 16) = sqrt(25) = 5 cm = 0.05 m. So, r13 = r23 = 0.05 m.
Step 4: Calculate the magnitude of the electric force F13 exerted by q1 on q3 using Coulomb's Law (F = k × |q1 × q3| / r^2, where k = 9×10^9 N m^2/C^2). F13 = (9×10^9 N m^2/C^2) × |(+2×10^-6 C) × (+2×10^-6 C)| / (0.05 m)^2 = (9×10^9 × 4×10^-12) / 0.0025 = (36×10^-3) / (2.5×10^-3) = 14.4 N.",17.28,N
LD008,"Two electric forces are acting in the same direction, with magnitudes of 3 N and 4 N respectively. What is the resultant force?","Step 1: Identify the magnitudes of the two forces given in the problem.
Step 2: Note that the problem states both forces are acting in the same direction.
Step 3: To find the resultant force of multiple forces acting in the same direction, add their magnitudes.
Step 4: Calculate the resultant force by adding the given magnitudes: 3 N + 4 N.",7,N
LD009,"Two electric forces, each with a magnitude of 5 N, act at an angle of 60° to each other. What is the resultant force?","Step 1: The magnitudes of the two electric forces are F1 = 5 N and F2 = 5 N.
Step 2: The angle between the two forces is θ = 60°.
Step 3: The formula for the resultant force (R) of two forces F1 and F2 with an angle θ between them is R = √(F1² + F2² + 2F1F2cosθ).
Step 4: Substitute the given values into the formula: R = √(5² + 5² + 2 × 5 × 5 × cos(60°)).",8.66,N
LD010,"Three charges q1 = +2 μC, q2 = +2 μC, and q3 = -2 μC are placed at the three vertices of an equilateral triangle with a side length of 10 cm. Calculate the magnitude of the net electric force acting on q3.","Step 1: Identify the given charges and the side length of the equilateral triangle.
Step 2: State Coulomb's Law, F = k × |q1 × q2| / r^2, where k is Coulomb's constant (approximately 8.9875 × 10^9 N m^2/C^2).
Step 3: Calculate the magnitude of the attractive force F31 exerted by q1 on q3: F31 = (8.9875 × 10^9 N m^2/C^2) × |(2 × 10^-6 C) × (-2 × 10^-6 C)| / (0.10 m)^2 = 35.95 N.
Step 4: Calculate the magnitude of the attractive force F32 exerted by q2 on q3: F32 = (8.9875 × 10^9 N m^2/C^2) × |(2 × 10^-6 C) × (-2 × 10^-6 C)| / (0.10 m)^2 = 35.95 N.",6.24,N
LD011,"An electric charge is subjected to two electric forces with magnitudes of 4 N and 3 N, acting at an angle of 90° to each other. Calculate the resultant force. (This is a very direct and clear translation.)","Step 1: Identify the magnitudes of the two electric forces and the angle between them.
Step 2: Force 1 (F1) has a magnitude of 4 N.
Step 3: Force 2 (F2) has a magnitude of 3 N.
Step 4: The forces act at an angle of 90° to each other, meaning they are perpendicular.",5,N
LD012,"Three charges q1 = +1 μC, q2 = +1 μC, and q3 = -1 μC are placed at the vertices of an equilateral triangle with side a = 20 cm. Calculate the magnitude of the net force acting on q3.","Step 1: Identify the given charges and the side length of the equilateral triangle.
Step 2: Convert the given values into SI units: q1 = +1 × 10⁻⁶ C, q2 = +1 × 10⁻⁶ C, q3 = -1 × 10⁻⁶ C, and a = 0.20 m.
Step 3: Calculate the magnitude of the electrostatic force exerted by q1 on q3 (F13) using Coulomb's Law, F = k |q1q3|/r², where k = 9 × 10⁹ N m²/C².
Step 4: F13 = (9 × 10⁹ N m²/C²) × (1 × 10⁻⁶ C) × (1 × 10⁻⁶ C) / (0.20 m)² = 0.225 N.",0.39,N
LD013,"Two charges are placed equidistant from point O. The electric forces exerted by these two charges on point O are 6 N and 8 N, respectively, and are perpendicular to each other. Calculate the resultant force at O.","Step 1: Identify the magnitudes of the two electric forces acting on point O.
Step 2: The first force is 6 N and the second force is 8 N.
Step 3: Identify that the two forces are perpendicular to each other.
Step 4: To find the resultant force of two perpendicular forces, use the Pythagorean theorem: Resultant Force = $\sqrt{(\text{Force 1})^2 + (\text{Force 2})^2}$.",10,N
LD014,"Two charges separated by 15 cm exert a force of 4.8 N. Given that q1 = q2 = q, find q.","Step 1: Identify the given values from the question: The force (F) between the charges is 4.8 N, the separation distance (r) is 15 cm, and the magnitudes of the charges are equal (q1 = q2 = q).
Step 2: State Coulomb's Law, which describes the magnitude of the electrostatic force between two point charges: F = k × |q1 × q2| / r^2, where k is Coulomb's constant (approximately 9 x 10^9 N m^2/C^2).
Step 3: Convert the separation distance from centimeters to meters: r = 15 cm = 0.15 m.
Step 4: Substitute the given values (F = 4.8 N, r = 0.15 m, k = 9 x 10^9 N m^2/C^2) and the condition q1 = q2 = q into Coulomb's Law: 4.8 = (9 x 10^9) × q^2 / (0.15)^2.",3.46,μC
LD015,Two electric forces with magnitudes of 5 N and 12 N act at an angle of 60° to each other. Calculate the resultant force.,"Step 1: Identify the magnitudes of the two electric forces as 5 N and 12 N.
Step 2: Identify the angle between the two forces as 60°.
Step 3: Use the formula for the resultant force: R = sqrt(F1^2 + F2^2 + 2 × F1 × F2 × cos(theta)).
Step 4: Substitute the given values: R = sqrt(5^2 + 12^2 + 2 × 5 × 12 × cos(60°)).",15.13,N
LD016,"Three identical charges q = +1 μC are placed at the three vertices of an isosceles right triangle, with sides of length a = 10 cm. Calculate the net force acting on the charge at the right angle vertex.","Step 1: Identify the given values: charges q = +1 x 10^-6 C, leg length a = 0.10 m, and Coulomb's constant k = 8.9875 x 10^9 N m^2/C^2.
Step 2: Recognize that the charge at the right angle vertex (let's call it C) experiences two forces: one from each of the other two charges (let's call them A and B).
Step 3: Calculate the magnitude of the force F_AC exerted by charge A on charge C using Coulomb's Law: F = k × q^2 / r^2.
Step 4: Since charges A and B are identical and equidistant from C (r=a), the force F_BC exerted by charge B on charge C has the same magnitude: F_BC = 0.89875 N.",1.27,N
LD017,"Three charges: q1 = +3 μC, q2 = -2 μC, and q3 = +1 μC are placed 10 cm apart on a straight line. Calculate the force acting on q2.","Step 1: Identify the given values for charges and distances.
Step 2: Calculate the force exerted by q1 on q2 (F12).
Step 3: Determine the magnitude of F12.
Step 4: Calculate the force exerted by q3 on q2 (F32).",3.6,N
LD018,Two identical charges q = +2 μC are placed at two vertices of an equilateral triangle with side length a = 0.1 m. A charge q′ = -1 μC is placed at the remaining vertex. Calculate the net electric force acting on q′.,"Step 1: Identify the given values for charges, side length, and Coulomb's constant.
Step 2: Calculate the magnitude of the electric force (F) exerted by one of the charges 'q' on 'q'' using Coulomb's Law: F = k × |q × q'| / a^2.
Step 3: Substitute the given values (k = 8.9875 x 10^9 N m^2/C^2, q = 2 x 10^-6 C, q' = -1 x 10^-6 C, a = 0.1 m) into the formula.
Step 4: Determine the directions of the two forces acting on q'. Since q is positive and q' is negative, both forces are attractive, pointing from q' towards each of the 'q' charges.",3.12,N
LD019,"Two electric forces have magnitudes of 6 N and 8 N, acting at an angle of 120° to each other. Calculate the resultant force of these two forces.","Step 1: Identify the given magnitudes of the two electric forces and the angle between them.
Step 2: The formula for the resultant force (R) of two forces (F1 and F2) acting at an angle (θ) is R² = F1² + F2² + 2F1F2 cos(θ).
Step 3: Substitute the given values: F1 = 6 N, F2 = 8 N, and θ = 120° into the formula.
Step 4: Calculate R² = (6 N)² + (8 N)² + 2(6 N)(8 N) cos(120°).",7.21,N
LD020,"A charge is acted upon by two forces, each of magnitude 10 N. Find the angle between the two forces if the resultant force is also 10 N.","Step 1: Identify the magnitudes of the two forces (F1, F2) and the resultant force (R).
Step 2: F1 = 10 N, F2 = 10 N, R = 10 N.
Step 3: Use the formula for the resultant of two forces: R² = F₁² + F₂² + 2F₁F₂cosθ.
Step 4: Substitute the given values into the formula: 10² = 10² + 10² + 2(10)(10)cosθ.",120,degree
LD021,"A charge q = -1 μC is attracted by two +1 μC charges. These two positive charges are located on opposite sides of q, along the same straight line passing through q, at distances of 5 cm and 12 cm respectively from q. Calculate the magnitude of the net electric force acting on q.","Step 1: Identify the charges: A central charge q = -1 μC, and two positive charges, Q1 = +1 μC and Q2 = +1 μC.
Step 2: Note their arrangement: The two positive charges are on opposite sides of q, along a straight line.
Step 3: Identify the distances: The distance from q to one positive charge is r1 = 5 cm, and to the other is r2 = 12 cm.
Step 4: The problem statement describes a physical setup but does not explicitly ask a question to be solved (e.g., Calculate the net force on q, or Find the electric potential at q).",2.98,N
LD022,"Two electric charges, q1 = +2 μC and q2 = -2 μC, are placed 10 cm apart. A charge q3 = +1 μC is placed at the midpoint of the line segment connecting q1 and q2. Calculate the net force acting on q3.","Step 1: Identify the given charges and the total distance between q1 and q2.
Step 2: Determine the distance from q1 to q3 (r13) and from q2 to q3 (r23), since q3 is at the midpoint.
Step 3: Calculate the magnitude of the force F13 exerted by q1 on q3 using Coulomb's Law (F = k × |q1×q3| / r13^2), where k = 9 × 10^9 N m^2/C^2.
Step 4: Determine the direction of F13. Since q1 (+2 μC) and q3 (+1 μC) are both positive, the force is repulsive, directed away from q1 towards q2.",14.4,N
LD023,"Two forces act on a charge. They are collinear and act in opposite directions, with magnitudes of 15 N and 9 N. Calculate the magnitude and direction of the resultant force.","Step 1: The problem states two forces are collinear and act in opposite directions.
Step 2: To find the magnitude of the resultant force when two forces act in opposite directions, subtract the smaller magnitude from the larger magnitude.
Step 3: Calculate the magnitude: 15 N9 N = 6 N.
Step 4: The direction of the resultant force is the same as the direction of the force with the larger magnitude.",6,N
LD024,"Three charges q1 = +1 μC, q2 = -2 μC, q3 = +3 μC are placed at the vertices of an isosceles right triangle with legs of 0.1 m. Calculate the net force acting on q3.","Step 1: Identify the given charges and their values: q1 = +1 μC, q2 = -2 μC, q3 = +3 μC.
Step 2: Identify the geometric shape as an isosceles right triangle with legs of 0.1 m.
Step 3: Recognize that the question does not specify the placement of q1, q2, and q3 at the vertices of the triangle.
Step 4: To calculate the net force on q3, the specific positions of q1 and q2 relative to q3 are required. This determines the distances and angles between the charges.",06.04,N
LD025,"Two charges, q1 = +2 μC and q2 = +2 μC, are placed at the ends of a 10 cm long line segment. A third charge, q3 = -1 μC, is positioned along the line connecting q1 and q2. Calculate the net force acting on q3 when it is 4 cm away from q1.","Step 1: Identify the given charges and distances, converting them to SI units, and state Coulomb's constant (k).
Step 2: Determine the distance between charge q3 and charge q2.
Step 3: Calculate the magnitude of the electrostatic force exerted by q1 on q3 (F13) using Coulomb's Law (F = k × |q1×q3| / r^2).
Step 4: Determine the direction of the force F13.",6.25,N
LD026,"Two electric charges, q1 = 8 × 10^-8 C and q2 = -8 × 10^-8 C, are placed at points A and B respectively, in air (AB = 6 cm). Determine the force acting on a third charge q3 = 8 × 10^-8 C, given that: CA = 4 cm and CB = 2 cm.","Step 1: Identify the given charges (q1 = 8 × 10^-8 C, q2 = -8 × 10^-8 C, q3 = 8 × 10^-8 C) and distances (CA = 4 cm = 0.04 m, CB = 2 cm = 0.02 m). The Coulomb's constant for air is k = 9 × 10^9 N m²/C².
Step 2: Determine the geometric arrangement: Since CA + CB = 4 cm + 2 cm = 6 cm, which equals the distance AB = 6 cm, point C lies directly between points A and B.
Step 3: Calculate the magnitude of the force F13 exerted by q1 on q3 using Coulomb's Law: F13 = k × |q1 × q3| / CA² = (9 × 10^9 N m²/C²) × (8 × 10^-8 C × 8 × 10^-8 C) / (0.04 m)² = 0.036 N.
Step 4: Determine the direction of F13: Since q1 and q3 are both positive, F13 is repulsive, meaning it pushes q3 away from q1 (point A). As C is between A and B, F13 points towards B.",0.18,N
LD027,"Two charges, q1 = 8×10^-8 C and q2 = -8×10^-8 C, are placed at points A and B in the air (AB = 6 cm). Determine the force acting on a third charge q3 = 8×10^-8 C, if CA = 4 cm and CB = 10 cm.","Step 1: Establish the relative positions of points A, B, and C based on the given distances.
Step 2: Calculate the magnitude and direction of the force F13 exerted by q1 on q3.
Step 3: Calculate the magnitude and direction of the force F23 exerted by q2 on q3.
Step 4: Determine the net force on q3 by vectorially adding F13 and F23.",30.24 × 10^-3,N
LD028,"Two point charges, q1 = 8 × 10⁻⁸ C and q2 = -8 × 10⁻⁸ C, are placed at points A and B, respectively, in air (AB = 6 cm). Determine the force acting on a third charge q3 = 8 × 10⁻⁸ C if it is placed at point C such that CA = CB = 5 cm.","Step 1: Convert all given distances to meters.
Step 2: Identify the two electrostatic forces acting on charge q3: F13 due to q1, and F23 due to q2.
Step 3: Calculate the magnitude of force F13 using Coulomb's Law, F = k |q1 q3| / r².
Step 4: Calculate the magnitude of force F23 using Coulomb's Law, F = k |q2 q3| / r².",27.65 × 10^-3,N
LD029,"Three point charges q1 = 4×10^-8 C, q2 = -4×10^-8 C, and q3 = 5×10^-8 C are placed in air at the three vertices A, B, C of an equilateral triangle with side a = 2 cm. Determine the magnitude of the force vector acting on q3.","Step 1: State Coulomb's constant (k) for charges in air.
Step 2: Identify the given charges and the side length of the equilateral triangle, converting units to meters.
Step 3: Calculate the magnitude of the force F13 exerted by charge q1 on charge q3 using Coulomb's Law, F = k × |q1×q3| / r^2.
Step 4: Determine the direction of F13. Since q1 and q3 are both positive, F13 is repulsive, directed along the line segment CA, away from q1.",45 × 10^-3,N
LD030,"Three charges, q1 = 8×10^-9 C, q2 = q3 = -8×10^-9 C, are placed at the three vertices of an equilateral triangle ABC with side length a = 6 cm, in air. Determine the net force acting on a charge q0 = 6×10^-9 C placed at the center O of the triangle.","Step 1: Identify the given charges: q1 = 8×10^-9 C, q2 = -8×10^-9 C, q3 = -8×10^-9 C, and q0 = 6×10^-9 C. The side length of the equilateral triangle is a = 6 cm = 0.06 m.
Step 2: State Coulomb's constant for air, k = 9×10^9 N m^2/C^2.
Step 3: Calculate the distance R from the center O to each vertex (A, B, C) using the formula for an equilateral triangle: R = a / sqrt(3) = 0.06 m / sqrt(3).
Step 4: Calculate the magnitude F of the electrostatic force exerted by each vertex charge (q_i) on q0 using Coulomb's Law, F = k × (|q_i| × |q0|) / R^2. Since |q1| = |q2| = |q3| = 8×10^-9 C, the magnitude of force from each vertex is the same: F = (9×10^9 N m^2/C^2) × (8×10^-9 C) × (6×10^-9 C) / ( (0.06 m / sqrt(3))^2 ) = 3.6 × 10^-4 N.",7.2 × 10^-4,N
LD031,"In a vacuum, consider two electric charges q1 = -q2 = 10^-7 C placed at points A and B, separated by 8 cm. Determine the resultant force acting on electric charge q0 = 10^-7 C when q0 is placed at H, which is the midpoint of AB.","Step 1: Identify the given charges and their positions.
Step 2: Determine the distances involved.
Step 3: Analyze the direction of forces acting on q0.
Step 4: State the formula for the magnitude of the electrostatic force.",1.125 × 10^-1,N
LD032,"In a vacuum, two charges q1 = 10^-7 C and q2 = -10^-7 C are placed at points A and B, separated by 8 cm. Determine the resultant force acting on a third charge q0 = 10^-7 C when q0 is placed at point M, 4 cm from A and 12 cm from B.","Step 1: Identify the given charges and their locations.
Step 2: Convert all distances from cm to meters: AB = 0.08 m, AM = 0.04 m, BM = 0.12 m.
Step 3: Determine the relative arrangement of points M, A, and B. Since AM + AB = 0.04 m + 0.08 m = 0.12 m, which equals BM, point A lies on the line segment MB. Thus, M, A, and B are collinear in that order.
Step 4: Recall Coulomb's Law, F = k × |q1×q2| / r^2, where k (electrostatic constant in vacuum) = 9 x 10^9 N m^2/C^2.",0.05,N
LD033,"Three charges are placed at the three vertices of an equilateral triangle with side length a = 6 cm, in air: q1 = 6×10^-9 C, q2 = q3 = -8×10^-9 C. Determine the net force acting on a charge q0 = 8×10^-9 C placed at the center of the triangle.","Step 1: Identify the given values and constants: side length a = 0.06 m, charges q1 = 6×10^-9 C, q2 = -8×10^-9 C, q3 = -8×10^-9 C, q0 = 8×10^-9 C, and Coulomb's constant for air k = 9×10^9 N m^2/C^2.
Step 2: Calculate the distance 'r' from each vertex to the center of the equilateral triangle: r = a / √3 = 0.06 m / √3 ≈ 0.03464 m.
Step 3: Calculate the magnitude of the force F10 exerted by q1 on q0 using Coulomb's Law (F = k × |q1 × q0| / r^2): F10 = (9×10^9 N m^2/C^2) × (6×10^-9 C) × (8×10^-9 C) / (0.06/√3 m)^2 = 3.6 × 10^-4 N.
Step 4: Calculate the magnitude of the force F20 exerted by q2 on q0: F20 = (9×10^9 N m^2/C^2) × |-8×10^-9 C| × (8×10^-9 C) / (0.06/√3 m)^2 = 4.8 × 10^-4 N.",8.4 × 10^-4,N
LD034,"Two point charges q1 = 2×10⁻² µC and q2 = -2×10⁻² µC are placed at points A and B, separated by a distance a = 30 cm in air. What is the magnitude of the electric force exerted on a charge qo = 2×10⁻⁹ C placed at point M, which is equidistant from A and B by a distance equal to 'a'?","Step 1: Convert the given charge values and distances to standard SI units (Coulombs and meters).
Step 2: Calculate the magnitude of the electric force F1_M exerted by charge q1 on charge qo using Coulomb's Law, given the distance MA = a.
Step 3: Calculate the magnitude of the electric force F2_M exerted by charge q2 on charge qo using Coulomb's Law, given the distance MB = a.
Step 4: Determine the angle between the two force vectors, F1_M and F2_M, acting on qo. Since A, B, and M form an equilateral triangle, the angle AMB is 60 degrees. F1_M is repulsive (away from A) and F2_M is attractive (towards B), so the angle between their directions at M is 60 degrees.",4 × 10^-6,N
LD035,"Two point charges q1 = 4×10^-8 C and q2 = -4×10^-8 C are placed at points A and B, separated by a distance of 4 cm in air. What is the force acting on a charge q = 2×10^-7 C placed at the midpoint O of AB?","Step 1: Identify the given charges and distances.
Step 2: Calculate the magnitude of the force F1 exerted by q1 on q using Coulomb's Law, F = k × |q1 × q| / r^2.
Step 3: Determine the direction of F1.
Step 4: Calculate the magnitude of the force F2 exerted by q2 on q using Coulomb's Law.",0.36,N
LD036,"Two point charges, q1 and q2, of equal magnitude and the same sign, are placed in air a distance r apart. A third point charge, q3, is placed at the midpoint of the line segment connecting q1 and q2. What is the net force acting on charge q3?","Step 1: The charge q3 is placed at the midpoint between q1 and q2.
Step 2: The distance from q1 to q3 is r/2, and the distance from q2 to q3 is also r/2.
Step 3: Coulomb's Law states that the magnitude of the force between two point charges is F = k × |q_a × q_b| / d^2, where k is Coulomb's constant, q_a and q_b are the magnitudes of the charges, and d is the distance between them.
Step 4: The magnitude of the force exerted by q1 on q3 is F_13 = k × |q1 × q3| / (r/2)^2.",0,N
LD037,"There are two charges, q1 = 2×10^-6 C and q2 = -2×10^-6 C, placed at points A and B respectively in a vacuum, separated by a distance of 6 cm. A third charge, q3 = 4×10^-6 C, is placed on the perpendicular bisector of AB, at a distance of 4 cm from the line segment AB. What is the magnitude of the net electric force exerted by charges q1 and q2 on charge q3?","Step 1: Identify the given charges and their values.
Step 2: Determine the distances between the charges.
Step 3: Calculate the magnitude of the electric force F13 exerted by q1 on q3 using Coulomb's Law.
Step 4: Calculate the magnitude of the electric force F23 exerted by q2 on q3.",34.56,N
LD038,"At the three vertices of right-angled triangle ABC (right-angled at A), with AB = 30 cm, AC = 40 cm, and BC = 50 cm, charges q1 = q2 = q3 = 10^-9 C are placed. Determine the magnitude of the net electric force acting on a charge q = 10^-9 C placed at point H, which is the foot of the altitude from A.","Step 1: Identify the given information regarding the triangle ABC, its dimensions, and the charges placed at its vertices.
Step 2: Calculate the length of the altitude AH from vertex A to the hypotenuse BC using the area formula for a right-angled triangle.
Step 3: Calculate the lengths of the segments BH and CH on the hypotenuse BC using the properties of a right-angled triangle with an altitude.
Step 4: Establish a coordinate system by placing point H at the origin (0,0) and aligning the hypotenuse BC with the x-axis, with A along the y-axis.",2.45 × 10^-7,N
LD039,"Four identical charges q1, q2, q3, q4 are placed at the four vertices of a square ABCD, with a side length of 4 cm, respectively. Find the electric force acting on a charge q0 = 2×10^-8 C placed at the center of the square.","Step 1: Identify the four identical charges q1, q2, q3, q4 placed at the vertices A, B, C, D of a square.
Step 2: Identify the charge q0 = 2×10^-8 C placed at the center of the square.
Step 3: Note that all four charges q1, q2, q3, q4 are identical, meaning they have the same magnitude and the same sign.
Step 4: The distance from each vertex (A, B, C, D) to the center of the square is equal.",0,N
LD040,"Two point charges q1 = 3 μC and q2 = -2 μC are placed at points A and B, separated by 6 cm. Find the magnitude of the electric force acting on q1 by q2? (Take k = 9×10^9 N×m²/C²)","Step 1: Identify the given values from the question and convert them to SI units.
Step 2: State Coulomb's Law for the magnitude of the electric force between two point charges.
Step 3: Substitute the given values into Coulomb's Law formula.
Step 4: Calculate the magnitude of the electric force.",15,N
LD041,"Two charges of the same magnitude q are placed at two adjacent vertices of an isosceles right triangle with side length a = 10 cm. Find the magnitude of the total electric force acting on a test charge q0 placed at the remaining vertex, given F0 = kqq0/a^2.","Step 1: An isosceles right triangle has two equal sides and a 90-degree angle between them. Let the vertex with the right angle be P_right, and the other two vertices be P1 and P2. The lengths of the sides P_right-P1 and P_right-P2 are both 'a'.
Step 2: The problem states two charges 'q' are placed at two adjacent vertices, and a test charge 'q0' is placed at the remaining vertex. For the simplest geometry leading to a well-defined `F0` in the final result, the two charges 'q' are placed at P1 and P2, and the test charge 'q0' is placed at P_right.
Step 3: The distance from charge 'q' at P1 to 'q0' at P_right is 'a'. The magnitude of the force (let's call it F1) is `kqq0/a^2`.
Step 4: The distance from charge 'q' at P2 to 'q0' at P_right is also 'a'. The magnitude of the force (let's call it F2) is `kqq0/a^2`.",\sqrt{2} × F₀,N
LD042,"Two charges, q1 = +1 μC and q2 = +1 μC, are placed at points A and B, separated by 4 cm. Find the net force acting on a test charge q0 = +2 μC placed at point M, which is located precisely at the midpoint between A and B.","Step 1: Identify the given charges and their values: q1 = +1 μC, q2 = +1 μC, and test charge q0 = +2 μC.
Step 2: Determine the positions and distances: Charges q1 and q2 are separated by 4 cm. Point M is the midpoint between A and B, so the distance from q1 to q0 (AM) is 4 cm / 2 = 2 cm, and the distance from q2 to q0 (BM) is 4 cm / 2 = 2 cm.
Step 3: Convert units to SI: q1 = 1 x 10^-6 C, q2 = 1 x 10^-6 C, q0 = 2 x 10^-6 C, and distance r = 0.02 m. Use Coulomb's constant k = 9 x 10^9 N×m^2/C^2.
Step 4: Calculate the magnitude of the force F10 exerted by q1 on q0 using Coulomb's Law (F = k|q1q0|/r^2). F10 = (9 x 10^9 N×m^2/C^2) × |(1 x 10^-6 C) × (2 x 10^-6 C)| / (0.02 m)^2 = 45 N.",0,N
LD043,Three identical charges 'q' are placed at the three vertices of an equilateral triangle with side length 'a'. Find the net electric force acting on a test charge placed at the center of the triangle?,"Step 1: Identify the charges and their positions: Three identical charges 'q' are placed at the vertices of an equilateral triangle, and a test charge is placed at the center.
Step 2: Each of the three identical charges 'q' exerts an electric force on the test charge at the center, according to Coulomb's Law.
Step 3: Due to the properties of an equilateral triangle, the distance from each vertex to the center is exactly the same.
Step 4: Since the charges 'q' are identical (same magnitude and sign) and the distance to the center from each is the same, the magnitude of the electric force exerted by each vertex charge on the test charge is identical.",0,N
LD044,"Two point charges q1 = +2 μC and q2 = -2 μC are placed at two points A and B, separated by 6 cm. A test charge q0 = +1 μC is placed at point M, located on the extension of line AB, 4 cm from A and 10 cm from B. Calculate the magnitude of the net force acting on q0?","Step 1: Identify the given charges and distances. q1 = +2 μC = +2 × 10⁻⁶ C, q2 = -2 μC = -2 × 10⁻⁶ C, q0 = +1 μC = +1 × 10⁻⁶ C. The distance between A and B is 6 cm. Point M is 4 cm from A and 10 cm from B, located on the extension of line AB. This implies the order of points is MAB.
Step 2: Determine the distances from the test charge q0 to q1 and q2. The distance from q0 (at M) to q1 (at A) is r₁₀ = AM = 4 cm = 0.04 m. The distance from q0 (at M) to q2 (at B) is r₂₀ = BM = 10 cm = 0.10 m.
Step 3: Calculate the magnitude of the electrostatic force F₁₀ exerted by q1 on q0 using Coulomb's Law (F = k|q₁q₂|/r²), where k = 9 × 10⁹ N×m²/C². F₁₀ = (9 × 10⁹ N×m²/C²) × |(+2 × 10⁻⁶ C) × (+1 × 10⁻⁶ C)| / (0.04 m)² = (9 × 10⁹ × 2 × 10⁻¹² N×m²) / (0.0016 m²) = 0.018 N×m² / 0.0016 m² = 11.25 N.
Step 4: Determine the direction of F₁₀. Since q1 (+2 μC) and q0 (+1 μC) are both positive charges, they repel each other. Therefore, F₁₀ acts on q0 in the direction away from q1 (i.e., from A towards M, or to the left along the line M-A-B).",9.45,N
LD045,"Two point charges, q1 = +1 μC and q2 = -4 μC, are placed 6 cm apart. Point M is located on the line segment connecting the two charges, 2 cm away from qCalculate the magnitude of the net force acting on a test charge placed at M, if q0 = +1 μC.","Step 1: Identify the given charges and distances, and convert units to SI.
Step 2: Calculate the distance from charge q2 to point M (r2M).
Step 3: Calculate the magnitude of the force F10 exerted by q1 on q0 using Coulomb's Law (F = k × |q1×q0| / r^2).
Step 4: Determine the direction of force F10; since q1 and q0 are both positive, F10 is repulsive, acting away from q1 towards q2.",45,N
LD046,Two electric charges q1 = +2 μC and q2 = +3 μC are placed at two points 5 cm apart. A test charge q0 = +1 μC is placed at a point 3 cm from q1 and 4 cm from q2. What is the net electric force acting on q0? (Use k = 9×10^9),"Step 1: Convert all given charge values to Coulombs and distances to meters.
Step 2: Calculate the magnitude of the electric force F10 exerted by q1 on q0 using Coulomb's Law.
Step 3: Determine the direction of F10.
Step 4: Calculate the magnitude of the electric force F20 exerted by q2 on q0 using Coulomb's Law.",26.2,N
LD047,"A test charge is placed at a point whose distances to the two charges q1 = +2 μC and q2 = -3 μC are 3 cm and 4 cm, respectively. The two charges are fixed and separated by 7 cm. What is the direction of the net electric force acting on the test charge?","Step 1: Identify the given charges and their positions relative to the test charge.
Step 2: Note that the distance from q1 to the test charge (3 cm) plus the distance from q2 to the test charge (4 cm) equals the separation between q1 and q2 (7 cm).
Step 3: This indicates that the test charge is placed on the straight line connecting q1 and q2, specifically between them.
Step 4: Determine the direction of the force exerted by q1 (+2 μC) on the positive test charge. Since both are positive, this force is repulsive, pushing the test charge away from q1, which means towards q2.",Hướng về phía q₂,-
LD048,"A charge q1 = +2 μC is at A and q2 = -2 μC is at B, separated by 10 cm. A test charge is placed at the midpoint of AB. Calculate the net force acting on the test charge? If q0 = +1 μC.","Step 1: Identify the given charges and their values: q1 = +2 μC = +2 x 10^-6 C, q2 = -2 μC = -2 x 10^-6 C, and the test charge q0 = +1 μC = +1 x 10^-6 C.
Step 2: Identify the total separation between q1 and q2 as 10 cm = 0.10 m. Since the test charge q0 is at the midpoint, its distance from q1 (r1) and from q2 (r2) is 0.10 m / 2 = 0.05 m.
Step 3: Recall Coulomb's Law, F = k × |q_a × q_b| / r^2, where k is Coulomb's constant (approximately 8.9875 x 10^9 N m^2/C^2).
Step 4: Calculate the magnitude of the force F1 exerted by q1 on q0: F1 = (8.9875 x 10^9 N m^2/C^2) × |(+2 x 10^-6 C) × (+1 x 10^-6 C)| / (0.05 m)^2 = 7.19 N. Since q1 and q0 are both positive, F1 is repulsive, acting away from q1 (towards q2).",14.4,N
LD049,"Two charges, q1 = +5 μC and q2 = +5 μC, are placed at points A and B, 10 cm apart. Calculate the magnitude of the force acting on a test charge q0 = +1 μC placed at a point 6 cm from A and 8 cm from B.","Step 1: Identify the given charges and distances.
Step 2: Determine the geometry of the charge placement.
Step 3: Calculate the magnitude of the force F10 exerted by q1 on q0.
Step 4: Calculate the magnitude of the force F20 exerted by q2 on q0.",14.34,N
LD050,"Two charges, q1 = +1 μC and q2 = -1 μC, are placed at two points 10 cm apart. A test charge q0 = +2 μC is placed at a point equidistant from the two charges and located on the line connecting q1 and q2. What is the magnitude of the net electric force acting on q0?","Step 1: Identify the given charges and the initial separation between q1 and q2.
Step 2: Determine the position of the test charge q0.
Step 3: Calculate the distance from q1 to q0 (r10) and from q2 to q0 (r20).
Step 4: Determine the direction of the electric force F10 exerted by q1 on q0.",14.4,N
LD051,"Two point charges, q1 = q2 = 16 × 10⁻⁸ C, are placed at points A and B, which are 10 cm apart in the air. Determine the electric field strength (or intensity) caused by these two point charges at point N, where NA = 5 cm and NB = 15 cm.","Step 1: Identify the given values and relevant constant.
Step 2: Determine the relative positions of points N, A, and B.
Step 3: Calculate the magnitude of the electric field E1 at point N due to charge q1 at A.
Step 4: Determine the direction of E1.",6.4 × 10^5,V/m
LD052,"Two point charges, q1 = q2 = 16 × 10⁻⁸ C, are placed at points A and B, which are 10 cm apart in air. Determine the electric field strength produced by these two point charges at point C, given that AC = BC = 8 cm.","Step 1: Identify the given values and relevant physical constants.
Step 2: Determine the geometry of the points A, B, and C.
Step 3: Calculate the magnitude of the electric field produced by each charge at point C.
Step 4: Determine the direction of the electric fields and their vector sum.",3.51 × 10^5,V/m
LD053,"At two points A and B, separated by 10 cm in the air, two charges q1 = -q2 = 6 × 10^-6 C are placed. Determine the electric field strength caused by these two point charges at point C, knowing that AC = BC = 12 cm.","Step 1: Identify the given values and the electrostatic constant.
Step 2: Determine the geometry of points A, B, and C.
Step 3: Calculate the magnitude of the electric field E1 at C due to charge q1.
Step 4: Calculate the magnitude of the electric field E2 at C due to charge q2.",3.125 × 10^6,V/m
LD054,"Two point charges, q1 = 6 × 10^-6 C and q2 = -6 × 10^-6 C, are placed in air at points A and B, separated by 10 cm.
 Calculate the electric force exerted on a charge q3 = -3 × 10^-8 C placed at C.","Step 1: Identify the given values and the constant for electric force in air (vacuum).
Step 2: Calculate the magnitude of the electric field produced by each charge at point C.
Step 3: Determine the direction of E1 and E2 and resolve their components.
Step 4: Calculate the total electric field strength E_C at point C.",0.094,N
LD055,"At two points A and B, separated by 10 cm in air, two electric charges q1 = q2 = 16 × 10^-8 C are placed. Determine the electrostatic force acting on charge q3 = 2 × 10^-6 C, which is placed at point C. Given that AC = BC = 8 cm.","Step 1: q1 = 16 × 10^-8 C, q2 = 16 × 10^-8 C, q3 = 2 × 10^-6 C. Coulomb's constant k = 9 × 10^9 N×m²/C².
Step 2: AC = 8 cm = 0.08 m, BC = 8 cm = 0.08 m, AB = 10 cm = 0.10 m.
Step 3: F13 = (9 × 10^9 N×m²/C²) × |(16 × 10^-8 C) × (2 × 10^-6 C)| / (0.08 m)^2 = 0.45 N.
Step 4: F23 = (9 × 10^9 N×m²/C²) × |(16 × 10^-8 C) × (2 × 10^-6 C)| / (0.08 m)^2 = 0.45 N.",0.7,N
LD056,"At two points A and B, separated by 20 cm in air, two point charges q1 = 4 × 10^-6 C and q2 = -6.4 × 10^-6 C are placed. Determine the electric field strength caused by these two point charges at point C, knowing that AC = 12 cm and BC = 16 cm. Determine the electric force acting on charge q3 = -5 × 10^-8 C placed at C.","Step 1: Given q1 = 4 × 10^-6 C, q2 = -6.4 × 10^-6 C, AC = 0.12 m, BC = 0.16 m, and AB = 0.20 m. Check triangle geometry: AC^2 + BC^2 = (0.12 m)^2 + (0.16 m)^2 = 0.0144 m^2 + 0.0256 m^2 = 0.0400 m^2. AB^2 = (0.20 m)^2 = 0.0400 m^2. Since AC^2 + BC^2 = AB^2, the triangle ABC is a right-angled triangle with the right angle at C.
Step 2: The electric field E1 due to q1 at C is E1 = (9 × 10^9 N m^2/C^2) × |4 × 10^-6 C| / (0.12 m)^2 = 2.5 × 10^6 N/C. This field points along the line CA, away from q1.
Step 3: The electric field E2 due to q2 at C is E2 = (9 × 10^9 N m^2/C^2) × |-6.4 × 10^-6 C| / (0.16 m)^2 = 2.25 × 10^6 N/C. This field points along the line CB, towards q2.
Step 4: Since E1 and E2 are perpendicular at C, the magnitude of the resultant electric field E_C is E_C = sqrt(E1^2 + E2^2) = sqrt((2.5 × 10^6 N/C)^2 + (2.25 × 10^6 N/C)^2) = sqrt(6.25 × 10^12 + 5.0625 × 10^12) N/C = sqrt(11.3125 × 10^12) N/C = 3.36 × 10^6 N/C.",33.6 × 10^5,V/m
LD057,"At two points A and B, 20 cm apart in the air, two charges q1 = 4 × 10^-6 C and q2 = -6.4 × 10^-6 C are placed. Determine the electric force acting on a charge q3 = -5 × 10^-8 C placed at C.","Step 1: Convert given distances from centimeters to meters.
Step 2: Verify the geometry of points A, B, and C by checking if they form a right-angled triangle.
Step 3: Calculate the magnitude of the electric field (E1) at point C due to charge q1 at A, using Coulomb's constant k = 9 × 10^9 N m^2/C^2.
Step 4: Calculate the magnitude of the electric field (E2) at point C due to charge q2 at B, using Coulomb's constant k = 9 × 10^9 N m^2/C^2.",0.17,N
LD058,"Two charges, q1 = -1.6 × 10^-6 C and q2 = -2.4 × 10^-6 C, are placed at points A and B, respectively, which are 10 cm apart in air. Determine the electric field strength at point C due to these two charges. Given that AC = 8 cm and BC = 6 cm.","Step 1: Identify the given charges and distances: charge q1 = -1.6 × 10^-6 C at A, charge q2 = -2.4 × 10^-6 C at B, distance AC = 8 cm, distance BC = 6 cm, and distance AB = 10 cm.
Step 2: Determine the geometry of the triangle formed by points A, B, and C. Since AC^2 + BC^2 = (8 cm)^2 + (6 cm)^2 = 64 cm^2 + 36 cm^2 = 100 cm^2, and AB^2 = (10 cm)^2 = 100 cm^2, it follows that AC^2 + BC^2 = AB^2. Therefore, triangle ABC is a right-angled triangle with the right angle at point C.
Step 3: State the value of Coulomb's constant (k) for air, which is k = 9 × 10^9 N m^2/C^2. Convert distances to meters: r1 = AC = 0.08 m and r2 = BC = 0.06 m.
Step 4: Calculate the magnitude of the electric field E1 at point C due to charge q1 using E1 = k × |q1| / r1^2. E1 = (9 × 10^9 N m^2/C^2) × (1.6 × 10^-6 C) / (0.08 m)^2 = 2.25 × 10^6 N/C. Since q1 is negative, E1 points towards A along the line CA.",64 × 10^5,V/m
LD059,"Four charges of the same magnitude q are placed at the four vertices of a square ABCD with side length a. Positive charges are located at A and C, while negative charges are located at B and D. Determine the resultant electric field strength at the intersection point of the square's diagonals.","Step 1: Identify the point of interest (P) as the center of the square, where the diagonals intersect.
Step 2: Calculate the distance from each vertex to the center. For a square with side length 'a', the diagonal length is a√2, so the distance from a vertex to the center is r = (a√2)/2 = a/√2.
Step 3: Determine the magnitude of the electric field produced by each charge at point P. Since all charges have the same magnitude q and are at the same distance r from P, the magnitude of the electric field due to each charge is E = kq/r² = kq/(a/√2)² = 2kq/a².
Step 4: Determine the direction of the electric field from each charge at point P:",0,V/m
LD060,"Two electric charges, q1 = 5 × 10^-9 C and q2 = –5 × 10^-9 C, are placed 10 cm apart in a vacuum. What is the magnitude of the electric field strength at the midpoint of the line connecting the two charges?","Step 1: Identify the given electric charges and their separation distance.
Step 2: Calculate the distance from each charge to the midpoint of the line connecting them. This distance is 10 cm / 2 = 5 cm = 0.05 m.
Step 3: Determine the direction of the electric field produced by each charge at the midpoint. Charge q1 (positive) creates an electric field pointing away from it. Charge q2 (negative) creates an electric field pointing towards it.
Step 4: Since the midpoint is between the charges, both electric fields (E1 due to q1 and E2 due to q2) will point in the same direction (from q1 towards q2). Therefore, their magnitudes add up.",36000,V/m
LD061,"Two electric charges, q1 = q2 = 5 × 10^-16 C, are placed at vertices B and C of an equilateral triangle ABC with a side length of 8 cm, in air. What is the magnitude of the electric field strength at vertex A?","Step 1: Convert the side length of the equilateral triangle from centimeters to meters.
Step 2: Identify Coulomb's constant (k) for air, which is approximately 9 × 10^9 N×m²/C².
Step 3: Calculate the magnitude of the electric field (E1) at vertex A due to charge q1 at vertex B using the formula E = k|q|/r².
Step 4: Calculate the magnitude of the electric field (E2) at vertex A due to charge q2 at vertex C. Since q1 = q2 and the distance from C to A is the same as from B to A (side length of the equilateral triangle), E2 will have the same magnitude as E1.",1.2178 × 10^-3,V/m
LD062,"Two electric charges q1 = 5 × 10^-9 C and q2 = –5 × 10^-9 C are placed at two points separated by 10 cm in a vacuum. Calculate the magnitude of the electric field strength at a point located on the straight line passing through the two charges, and which is 5 cm from q1 and 15 cm from q2.","Step 1: Identify the given values and convert units to SI units.
Step 2: Determine the position of point P relative to the charges.
Step 3: State the formula for the electric field due to a point charge and the Coulomb's constant.
Step 4: Calculate the electric field strength due to q1 at point P (E1).",20000,V/m
LD063,"Two electric charges, q1 = 5 × 10^-16 C and q2 = –5 × 10^-16 C, are placed at vertices B and C of an equilateral triangle ABC with sides of 8 cm in the air. What is the magnitude of the electric field strength at vertex A of triangle ABC?","Step 1: Given: q1 = 5 × 10^-16 C, q2 = -5 × 10^-16 C, side length r = 8 cm. For air, Coulomb's constant k = 9 × 10^9 N m^2/C^2.
Step 2: Convert side length to meters: r = 8 cm = 0.08 m.
Step 3: Calculate E1 = k × |q1| / r^2 = (9 × 10^9 N m^2/C^2) × (5 × 10^-16 C) / (0.08 m)^2 = (45 × 10^-7) / (0.0064) N/C = 7.03125 × 10^-4 N/C.
Step 4: Calculate E2 = k × |q2| / r^2 = (9 × 10^9 N m^2/C^2) × (5 × 10^-16 C) / (0.08 m)^2 = 7.03125 × 10^-4 N/C. So, E1 = E2.",0.7031 × 10^-3,V/m
LD064,"Two point charges, q1 = 0.5 nC and q2 = –0.5 nC, are placed at points A and B, 6 cm apart in air. What is the magnitude of the electric field strength at the midpoint of AB?","Step 1: Identify the given charges and distance. q1 = 0.5 nC = 0.5 x 10⁻⁹ C, q2 = -0.5 nC = -0.5 x 10⁻⁹ C, and the separation between A and B is 6 cm.
Step 2: Determine the distance from each charge to the midpoint. The midpoint is halfway between A and B, so the distance from q1 to the midpoint (r1) and from q2 to the midpoint (r2) is r = 6 cm / 2 = 3 cm = 0.03 m.
Step 3: Calculate the magnitude of the electric field (E1) due to q1 at the midpoint using the formula E = k|q|/r², where k ≈ 9 x 10⁹ N×m²/C². E1 = (9 x 10⁹ N×m²/C²) × (0.5 x 10⁻⁹ C) / (0.03 m)² = 5000 N/C.
Step 4: Determine the direction of E1.Since q1 is a positive charge, the electric field E1 at the midpoint points away from q1 (i.e., from A towards B).",10000,V/m
LD065,"Two point charges, q1 = 0.5 nC and q2 = –0.5 nC, are placed at two points A and B, separated by 6 cm in air. What is the magnitude of the electric field strength at point M, which is located on the perpendicular bisector of AB, at a distance ℓ = 4 cm from the midpoint of AB?","Step 1: Identify the given values and convert them to SI units.
Step 2: Determine the distances from each charge to point M.
Step 3: Calculate the magnitude of the electric field due to each charge at point M.
Step 4: Determine the directions of the electric field vectors.
Step 5: Apply the principle of superposition and calculate the resultant magnitude.
Step 6: The magnitude of the electric field strength at point M is 2160 V/m.",2160,V/m
LD066,"Two point charges q1 = 2 × 10⁻² μC and q2 = –2 × 10⁻² μC are placed at two points A and B, separated by a distance a = 30 cm, in air. What is the magnitude of the electric field strength at point M, which is equidistant from A and B by a distance a = 30 cm?","Step 1: Convert the given charge and distance values to standard SI units.
Step 2: Identify the Coulomb's constant for the medium (air).
Step 3: Calculate the magnitude of the electric field (E) at point M due to each charge individually.
Step 4: Determine the directions of the electric field vectors E1 and E2 at point M.
Step 5: Apply the principle of superposition. 
Step 6: The magnitude of the electric field strength at point M is 2000 V/m.",2000,V/m
LD067,"Determine the electric field vector produced by a system of two point charges, q1 = 2 × 10^-7 C and q2 = -4 × 10^-7 C, at the midpoint of the line segment connecting the two charges. The two charges are separated by 10 cm and are located in alcohol, which has a dielectric constant ε = 2.2.","Step 1: Identify the given values for the charges, their separation, and the dielectric constant of the medium.
Step 2: Convert the total separation distance to meters and determine the distance from each charge to the midpoint.
Step 3: The electric field (E) due to a point charge (q) in a medium with dielectric constant (ε_r) at a distance (r) is given by E = (k_0 / ε_r) × (|q| / r^2), where k_0 is Coulomb's constant (9 × 10^9 N×m²/C²).
Step 4: Calculate the magnitude and direction of the electric field (E1) produced by q1 at the midpoint.
Step 5: Calculate the magnitude and direction of the electric field (E2) produced by q2 at the midpoint.
Step 6: Apply the principle of superposition by vector addition to find the total electric field E = E1 + E_2.
Step 7: The magnitude of the electric field strength at the midpoint is approximately 9.8 × 10^5 N/C.",9.8 × 10^5,N/C
LD068,"Three equal positive point charges, q = 5 × 10^-9 C, are placed at three vertices of a square with side length a = 40 cm. What is the magnitude of the electric field at the fourth vertex of the square?","Step 1: Identify the given values: the magnitude of each point charge q = 5 × 10^-9 C, and the side length of the square a = 40 cm. The goal is to find the magnitude of the electric field at the fourth vertex.
Step 2: Convert the side length to meters: a = 40 cm = 0.40 m.
Step 3: Visualize the square and the charges. Let the charges be at three vertices, for example, (0,a), (a,a), and (a,0). The point of interest (fourth vertex) is then (0,0).
Step 4: Determine the distance from each charge to the fourth vertex.
Step 5: Calculate the magnitude of the electric field produced by each charge at the fourth vertex (E1, E2, E3).
Step 6: Determine the directions of the electric field vectors and apply the principle of superposition to find the resultant vector.
Step 7: The magnitude of the electric field strength at the fourth vertex is approximately 538 N/C.",538,N/C
LD069,"Two charges, q1 = 4 × 10^-10 C and q2 = -4 × 10^-10 C, are placed at points A and B in the air, with the distance AB = a = 2 cm. Determine the electric field vector at point N such that A, B, and N form an equilateral triangle.","Step 1: Determine the geometry and distances.
Step 2: Set up a coordinate system and determine the coordinates of N.
Step 3: Calculate the magnitude of the electric field (E1) at N due to charge q1 at A.
Step 4: Determine the direction of E1. Since q1 > 0, E1 points away from A toward N.
Step 5: Calculate the magnitude and direction of E2 due to q2 at B. Since q2 < 0, E2 points from N toward B.
Step 6: Apply the principle of superposition by summing the components of the vectors E = E1 + E2.
Step 7: The magnitude of the electric field strength at point N is 9000 N/C.",9000,N/C
LD070,"Two point charges q1 = -10^-6 C and q2 = 10^-6 C are placed at points A and B, separated by 40 cm in air. What is the resultant electric field strength at the midpoint M of AB? 
Hai điện tích điểm q1 = -10^-6 C, q2 = 10^-6 C đặt tại hai điểm A and B cách nhau 40 cm trong No khí. Cường độ điện trường tổng hợp tại trung điểm M của AB là.","Step 1: Convert the separation distance between charges from centimeters to meters.
Step 2: Determine the distance from each charge to the midpoint M.
Step 3: State the value of the electrostatic constant (k) for charges in air.
Step 4: Calculate the magnitude of the electric field (E1) produced by q1 at point M.
Step 5: Calculate the magnitude of the electric field (E2) produced by q2 at point M.
Step 6: Determine the directions of the vectors E1 and E2 based on the signs of the charges.
Step 7: Apply the principle of superposition to find the resultant electric field strength E = E1 + E2.
Step 8: The magnitude of the electric field strength at point M is 4.5 × 10^5 V/m.",4.5 × 10^5,V/m
LD071,"Two point charges q1 = -10^-6 C and q2 = 10^-6 C are placed at two points A and B, 40 cm apart in a vacuum. What is the magnitude of the resultant electric field at point N, which is 20 cm from A and 60 cm from B?
Hai điện tích điểm q1 = -10^-6 and q2 = 10^-6 C đặt tại hai điểm A and B cách nhau 40 cm trong chân No. Cường độ điện trường tổng hợp tại điểm N cách A 20 cm and cách B 60 cm Yes độ lớn.","Step 1: Identify the given charges, q1 = -10^-6 C and q2 = 10^-6 C, placed at points A and B respectively.
Step 2: Identify the distances: AB = 40 cm, AN = 20 cm, and BN = 60 cm.
Step 3: Convert distances to meters: r1 (distance AN) = 0.2 m and r2 (distance BN) = 0.6 m.
Step 4: Recognize that the distances AN + AB = BN (20 cm + 40 cm = 60 cm) implies that point A is between N and B, and all three points are collinear.
Step 5: Calculate the magnitudes of the electric fields E1 (due to q1) and E2 (due to q2) at point N using the formula E = (k_0 / ε_r) × (|q| / r^2), where k_0 is Coulomb's constant (9 × 10^9 N×m²/C²).
Step 6: Determine the directions of the vectors: E1 points toward A (since q1 < 0), and E2 points away from B (since q2 > 0).
Step 7: Since E1 and E2 are opposite in direction at point N, apply the principle of superposition: E = |E1 - E2|.
Step 8: The magnitude of the electric field strength at point N is 2 × 10^5 V/m.",2 × 10^5,V/m
LD072,"Two point charges, q1 = 0.5 nC and q2 = −0.5 nC, are placed at points A and B respectively. The points are separated by a distance a = 6 cm in the air. Determine the electric field strength E at point M, where M is the midpoint of AB.","Step 1: Identify the electrostatic constant for air, k = 8.99 × 10^9 N×m²/C².
Step 2: Determine the distance from each charge to point M. The total distance a = 6 cm = 0.06 m. Since M is the midpoint, r1 (from q1 to M) = r2 (from q2 to M) = a/2 = 0.06 m / 2 = 0.03 m.
Step 3: Calculate the magnitude of the electric field E1 due to q1 at M using E = k × |q| / r². E1 = (8.99 × 10^9 N×m²/C²) × (0.5 × 10^-9 C) / (0.03 m)^2 = 4994.44 N/C.
Step 4: Determine the direction of E1. Since q1 is positive, E1 points away from q1, i.e., from A towards M (and B).
Step 5: Calculate the magnitude of the electric field E2 due to q2 at M. Since |q1| = |q2| and r1 = r2, then E2 = E1 = 4994.44 N/C.
Step 6: Determine the direction of E2. Since q2 is negative, E2 points towards q2, i.e., from M towards B.
Step 7: Apply the principle of superposition. Since both E1 and E2 point in the same direction (from A to B), the resultant electric field E is the sum of their magnitudes: E = E1 + E2.
Step 8: The magnitude of the electric field strength at point M is 10000 V/m.",10000,V/m
LD073,"There are two point charges, q1 = 0.5 nC and q2 = −0.5 nC, respectively placed at points A and B, separated by a distance a = 6 cm in the air. Determine the electric field strength E at point C, which is 6 cm from A and 12 cm from B.","Step 1: Identify the given charges and distances.
Step 2: Determine the geometric arrangement of points A, B, and C. Given AB = 6 cm, AC = 6 cm, and BC = 12 cm, points A, B, and C are collinear with A situated between B and C.
Step 3: Recall the formula for the magnitude of the electric field E due to a point charge q at a distance r: E = k × |q| / r^2, where k = 9 × 10^9 N m^2/C^2 is Coulomb's constant for air.
Step 4: Calculate the electric field E1 at point C due to charge q1 = 0.5 nC = 0.5 × 10^-9 C. The distance r1 = AC = 6 cm = 0.06 m. E1 = (9 × 10^9 N m^2/C^2) × (0.5 × 10^-9 C) / (0.06 m)^2 = 1250 N/C. Since q1 is positive, E1 points away from A (towards C).
Step 5: Calculate the electric field E2 at point C due to charge q2 = -0.5 nC = -0.5 × 10^-9 C. The distance r2 = BC = 12 cm = 0.12 m. E2 = (9 × 10^9 N m^2/C^2) × |-0.5 × 10^-9 C| / (0.12 m)^2 = 312.5 N/C.
Step 6: Determine the direction of E2. Since q2 is negative, E2 points toward B (away from C).
Step 7: Apply the principle of superposition. Since E1 and E2 are opposite in direction at point C, the resultant magnitude is the difference: E = |E1 - E2|.
Step 8: The magnitude of the electric field strength at point C is 937.5 V/m.",937.5,V/m
LD074,"There are two point charges q1 = 0.5 nC and q2 = −0.5 nC, respectively placed at points A and B, separated by a distance a = 6 cm in air. Determine the electric field strength E at point M, which is located on the perpendicular bisector of AB and 4 cm away from AB.","Step 1: Identify the given values for charges, separation distance, and position of point M.
Step 2: Calculate the distance (r) from each charge (q1 and q2) to point M using the Pythagorean theorem. Since M is on the perpendicular bisector, this distance will be the same for both charges.
Step 3: Calculate the magnitude of the electric field (E1 and E2) created by each charge at point M using Coulomb's law: E = k × |q| / r^2.
Step 4: Determine the direction of E1 (away from positive q1) and E2 (towards negative q2) at point M.
Step 5: Recognize that the total electric field E at M is the vector sum E = E1 + E2. Due to symmetry, the components of E1 and E2 perpendicular to AB cancel each other out, while the components parallel to AB add together.
Step 6: Calculate the resultant magnitude using the geometric relationship.
Step 7: The magnitude of the electric field strength at point M is 2160 V/m.",2160,V/m
LD075,"Two charges, q1 = 8 × 10^-9 C and q2 = −2 × 10^-9 C, are placed at points A and B, separated by 9 cm in a vacuum. Let C be the point where the net electric field is zero. What is the distance from A to C?","Step 1: Identify the given charges and their separation. q1 = 8 × 10^-9 C, q2 = −2 × 10^-9 C. The separation between points A and B is d_AB = 9 cm = 0.09 m.
 Step 2: Determine the region where the net electric field can be zero. Since the charges have opposite signs, the electric fields E1 (from q1) and E2 (from q2) will point in opposite directions only in the region outside the segment AB. For the magnitudes to be equal (|E1| = |E2|), the point C must be closer to the charge with the smaller magnitude. Since |q2| < |q1|, point C must be to the right of point B.
Step 3: Set up the equation for the magnitudes of the electric fields. Let x_AC be the distance from A to C, and x_BC be the distance from B to C. Then x_AC = d_AB + x_BC = 0.09 + x_BC.
Step 4: Substitute the known values into the equation.
Step 5: Simplify the equation by canceling k and taking the square root of both sides.
Step 6: Solve the resulting linear equation for x_BC and then find x_AC.
Step 7: The distance from A to C is 18 cm.",18,cm
LD076,"At the three vertices A, B, and C of a square ABCD with side length 6 cm in a vacuum, three point charges are placed: q1 = q3 = 2 × 10^-7 C and q2 = -4 × 10^-7 C. Determine the charge q4 placed at D such that the net electric field strength caused by the system of charges at the center O is zero.","Step 1: Identify the charges and their positions at the vertices of the square, and the point of interest, the center O.
Step 2: Recognize that the distance from each vertex (A, B, C, D) to the center O is the same. Let this distance be r.
Step 3: Analyze the electric fields at O due to charges q1 at A and q3 at C. Since q1 = q3 = 2 × 10^-7 C (both positive) and their distances to O are equal, the electric field E_A from q1 points from O towards C, and the electric field E_C from q3 points from O towards A. As vectors, E_A and E_C are equal in magnitude and opposite in direction, thus their vector sum (E_A + E_C) is zero.
Step 4: Analyze the electric field at O due to charge q2 at B. Since q2 = -4 × 10^-7 C (negative), the electric field E_B points from O towards B.
Step 5: State the condition for the net electric field at O to be zero: E_net = E_A + E_B + E_C + E_D = 0. Given that E_A + E_C = 0, the condition simplifies to E_B + E_D = 0, or E_D = -E_B.
Step 6: Determine the properties of q4 based on the vector E_D. For E_D to cancel E_B, it must point from O towards D. Since O is the midpoint of diagonal BD, this requires q4 to have the same sign and magnitude as q2.
Step 7: The charge q4 placed at D must be -4 × 10^-7 C.",-4 × 10^-7,C
LD077,"Two test charges q1 and q2 (q1 = 4q2) are placed at points A and B respectively in an electric field. The force acting on q1 is F1, and the force acting on q2 is F2 (with F1 = 3F2). Let E1 and E2 be the electric field strengths at A and B respectively. What is the relationship between E1 and E2?","Step 1: The electric field strength E1 at point A is defined as the force F1 on charge q1 divided by q1, so E1 = F1 / q1.
Step 2: The electric field strength E2 at point B is defined as the force F2 on charge q2 divided by q2, so E2 = F2 / q2.
Step 3: From the question, we are given the relationships q1 = 4q2 and F1 = 3F2.
Step 4: Substitute q1 = 4q2 and F1 = 3F2 into the equation for E1: E1 = (3F2) / (4q2).
Step 5: The relationship between the electric field strengths is E1 = (3/4)E2.",E1 = (3/4)E2,-
LD078,"Two points A and B lie on the same electric field line generated by a positive point charge q > 0. The magnitude of the electric field strength at A is 36 V/m, and at B is 9 V/m. Determine the electric field strength at M, the midpoint of AB.","Step 1: For a point charge, the electric field strength (E) is inversely proportional to the square of the distance (r) from the charge: E = k × |q| / r^2, where k × |q| is a constant.
Step 2: From this relationship, the distance can be expressed as r = sqrt(k × |q| / E).
Step 3: Let C = k × |q|. Then r_A = sqrt(C / E_A) and r_B = sqrt(C / E_B).
Step 4: Given E_A = 36 V/m and E_B = 9 V/m, we have r_A = sqrt(C / 36) = (1/6)sqrt(C) and r_B = sqrt(C / 9) = (1/3)sqrt(C).
Step 5: Determine the distance r_M to the midpoint M. Since A, M, and B are on the same field line, r_M = (r_A + r_B) / 2.
Step 6: Substitute the values of r_A and r_B into the midpoint formula: r_M = [(1/6)sqrt(C) + (1/3)sqrt(C)] / 2 = [(1/6 + 2/6)sqrt(C)] / 2 = (3/6)sqrt(C) / 2 = (1/4)sqrt(C).
Step 7: Calculate E_M using the relationship E_M = C / r_M^2 = C / [(1/4)sqrt(C)]^2 = C / (1/16 × C) = 16.
Step 8: The magnitude of the electric field strength at point M is 16 V/m.",16,V/m
LD079,"Two electric charges, q1 = q2 = 5 × 10^-9 C, are placed 10 cm apart in a vacuum. What is the magnitude of the electric field strength at the midpoint of the line segment connecting the two charges?","Step 1: Identify the values of the two electric charges: q1 = 5 × 10^-9 C and q2 = 5 × 10^-9 C.
Step 2: Note that both charges are positive and equal in magnitude.
Step 3: Identify the total distance between the charges: 10 cm.
Step 4: Determine the point of interest: the midpoint of the line segment connecting the two charges.
Step 5: Calculate the distance from each charge to the midpoint M: r1 = r2 = 10 cm / 2 = 5 cm = 0.05 m.
Step 6: Analyze the direction of the electric field vectors at M. Since q1 is positive, its field E1 points away from it (towards q2). Since q2 is also positive, its field E2 points away from it (towards q1).
Step 7: Apply the principle of superposition. Because E1 = E2 (due to equal charges and distances) and the vectors point in exactly opposite directions at the midpoint, they cancel each other out: E = E1 + E2 = 0.
Step 8: The magnitude of the electric field strength at the midpoint is 0 V/m.",0,V/m
LD080,"Two electric charges, q1 = q2 = 5 × 10^-16 C, are placed at vertices B and C of an equilateral triangle ABC with a side length of 8 cm, in air. What is the magnitude of the electric field strength at vertex A of the triangle?","Step 1: Identify the given values from the question: charge q1 = q2 = 5 × 10^-16 C, side length of the equilateral triangle r = 8 cm. The medium is air, for which the electrostatic constant k ≈ 9 × 10^9 N m^2/C^2 is used.
Step 2: Convert the side length from centimeters to meters: r = 8 cm = 0.08 m.
Step 3: Calculate the magnitude of the electric field (E) produced by a single charge at vertex A using the formula E = k × |q| / r^2. Since q1 and q2 are identical and equidistant from A, the magnitudes of their individual electric fields (E1 and E2) at A will be the same.
Step 4: Substitute the values: E = (9 × 10^9 N m^2/C^2) × (5 × 10^-16 C) / (0.08 m)^2 = (45 × 10^-7 N m^2) / (0.0064 m^2) = 7.03125 × 10^-4 N/C. So, E1 = E2 = 7.03125 × 10^-4 N/C.
Step 5: Identify the angle between the two electric field vectors at A. Since ABC is an equilateral triangle, the interior angle at A is 60°. Because q1 and q2 are both positive, their electric field vectors E1 and E2 point outward, making an angle θ = 60° with each other.
Step 6: Use the parallelogram law of vector addition to find the resultant electric field (E_A). Since E1 = E2, the formula simplifies to E_A = 2E1 × cos(θ / 2).
Step 7: Substitute the values into the resultant formula: E_A = 2 × (7.03125 × 10^-4) × cos(30°) 
Step 8: The magnitude of the electric field strength at point A is approximately 1.218 × 10^-3 V/m.",1.218 x 10^-3,V/m
LD081,"Point charges qA and qB, both equal to 3 × 10⁻⁷ C, are placed respectively at two points A and B in the air. The distance AB is 12 cm. M is a point located on the perpendicular bisector of AB, 8 cm away from the line segment AB. What is the magnitude of the resultant electric field strength produced by qA and qB at point M?","Step 1: Identify the given values and Coulomb's constant.
Step 2: Determine the distance from each charge (qA and qB) to point M using the given geometric information.
Step 3: Calculate the magnitude of the electric field strength (E_A and E_B) produced by each charge at point M.
Step 4: Determine the angle between the line connecting a charge to M and the perpendicular bisector line MO. From geometry, cos(θ) = MO / r = 8 / 10 = 0.8.
Step 5: Use the principle of superposition: Since qA and qB are identical and positive, the horizontal components cancel and the vertical components add up: E_M = 2E_A × cos(θ).
Step 6: The magnitude of the resultant electric field strength at point M is 432000 V/m.",432000,V/m
LD082,"At two points A and B, separated by 8 cm in a vacuum, there are two point charges q1 = q2 = 16 × 10^-8 C. Determine the magnitude of the electric field caused by these two charges at point C, given that AC = BC = 8 cm.","Step 1: Identify the given information: two point charges q1 = q2 = 16 × 10^-8 C, and distances AC = BC = AB = 8 cm, indicating an equilateral triangle.
Step 2: Convert the distance from cm to meters: r = 8 cm = 0.08 m. Use Coulomb's constant k = 9 × 10^9 N m^2/C^2.
Step 3: Calculate the magnitude of the electric field (E_AC) caused by q1 at point C, using the formula E = k × |q| / r^2.
Step 4: E_AC = (9 × 10^9 N m^2/C^2) × (16 × 10^-8 C) / (0.08 m)^2 = 2.25 × 10^5 N/C.
Step 5: Since q1 = q2 and AC = BC, the electric field caused by q2 at C is E_BC = E_AC = 2.25 × 10^5 N/C.
Step 6: Identify the angle between E_AC and E_BC. In an equilateral triangle, this angle is 60°.
Step 7: Calculate the resultant field E_C using the formula for two equal vectors at a 60° angle: E_C = E_AC × sqrt(3).
Step 8: The magnitude of the electric field strength at point C is approximately 389 kV/m.",389,kV/m
LD083,"Three positive charges, q1 = q2 = q3 = q = 5 × 10^-9 C, are placed at three consecutive vertices of a square with side length a = 30 cm in the air. What is the magnitude of the electric field at the fourth vertex?","Step 1: Identify the given values and constant. The charges are q1 = q2 = q3 = q = 5 × 10^-9 C. The side length of the square is a = 30 cm = 0.30 m. The Coulomb's constant in air is k ≈ 8.9875 × 10^9 N m^2/C^2.
Step 2: Define a coordinate system. Let the fourth vertex (where the electric field is to be calculated) be at the origin (0, 0). The three charges are then at (0, a), (a, a), and (a, 0) corresponding to q1, q2, and q3 respectively.
Step 3: Calculate the distance from each charge to the origin (0, 0).
Step 4: Calculate the electric field vector due to each charge at the origin. The electric field E due to a point charge q at distance r is given by E = k × q / r^2, directed away from a positive charge.
Step 5: Determine the components of each field vector: E1 = (0, -E_1), E3 = (-E_3, 0), and E2 = (-E_2 × cos(45°), -E_2 × sin(45°)).
Step 6: Sum the components to find the resultant vector E = E1 + E2 + E3 and calculate its magnitude E = sqrt(E_x^2 + E_y^2).
Step 7: The magnitude of the electric field strength at the fourth vertex is approximately 9.6 × 10^2 V/m.",9.6 × 10^2,V/m
LD084,Three identical charges Q are fixed at the three vertices of an equilateral triangle with side 'a'. What is the magnitude of the electric field intensity at the center of the triangle?,"Step 1: Identify the three identical charges Q located at the vertices of an equilateral triangle.
Step 2: Identify the point of interest as the geometric center of the equilateral triangle.
Step 3: Note that the distance from each vertex (where a charge is located) to the center of an equilateral triangle is identical.
Step 4: Since the charges are identical (Q) and their distances to the center are equal, the magnitude of the electric field produced by each individual charge at the center will be the same.
Step 5: Determine the direction of the three electric field vectors at the center. Due to the symmetry of the equilateral triangle, these three vectors make angles of 120° with each other.
Step 6: Apply the principle of superposition: The vector sum of three equal vectors forming 120° angles is always zero E1 + E2 + E3 = 0.
Step 7: The magnitude of the electric field intensity at the center of the triangle is 0 V/m.",0,V/m
LD085,"At the three vertices of a right isosceles triangle ABC, with AB = AC = a, three positive charges qA = qB = q and qC = 2q are placed in a vacuum. What is the expression for the electric field intensity at H, which is the foot of the altitude dropped from the right-angle vertex A to the hypotenuse BC?","Step 1: Identify the geometric properties of the right isosceles triangle ABC with right angle at A, and side lengths AB = AC = a.
Step 2: Determine the position of point H, the foot of the altitude from A to the hypotenuse BC. In a right isosceles triangle, H is the midpoint of the hypotenuse BC, and the altitude AH is perpendicular to BC.
Step 3: Calculate the lengths of the segments from each vertex to H.
Step 4: Calculate the magnitude of the electric field (E = k|q|/r²) at H due to each charge. (k = 1/(4πε₀)).
Step 5: Combine the field vectors along the line BC: Since E_B and E_C are opposite, their resultant E_BC points toward B with magnitude E_BC = E_C - E_B = 2 × k × q / a^2.
Step 6: Calculate the final resultant field E_H by combining E_A and E_BC. Since AH is perpendicular to BC, use the Pythagorean theorem: E_H = sqrt(E_A^2 + E_BC^2).
Step 7: The expression for the electric field intensity at H is E_H = 2 × sqrt(2) × k × q / a^2.",2 × sqrt(2) × k × q / a^2,-
LD086,"Two point charges, q1 = 4 mC and q2 = −9 mC, are placed at points A and B, separated by 9 cm in a vacuum. What is the distance from point M to B, given that the net electric field at point M is zero?","Step 1: Identify the given information: Charge q1 = 4 mC, Charge q2 = -9 mC, separation between A and B (d_AB) = 9 cm, and the net electric field at point M is zero (E_net_M = 0).
Step 2: Recall the formula for the magnitude of the electric field due to a point charge: E = k|Q|/r², where k is Coulomb's constant, |Q| is the magnitude of the charge, and r is the distance from the charge to the point.
Step 3: Determine the possible location of point M. Since q1 is positive and q2 is negative, their electric fields at M must be in opposite directions to cancel. This occurs only outside the region between A and B. Furthermore, for the fields to be equal in magnitude, M must be closer to the charge with the smaller magnitude. Given |q1| = 4 mC and |q2| = 9 mC, point M must be to the left of A.
Step 4: Let r_MA be the distance from M to A, and r_MB be the distance from M to B. Since M is to the left of A, r_MB = r_MA + d_AB.
Step 5: Set the magnitudes of the electric fields equal: k × |q1| / r_MA^2 = k × |q2| / r_MB^2. This simplifies to sqrt(|q_1|) / r_MA = sqrt(|q_2|) / r_MB.
Step 6: Substitute the known values and the relationship from Step 4: sqrt(4) / r_MA = sqrt(9) / (r_MA + 9) => 2 / r_MA = 3 / (r_MA + 9).
Step 7: Solve for r_MA: 2(r_MA + 9) = 3r_MA => r_MA = 18 cm.
Step 8: Calculate the distance from M to B: r_MB = 18 + 9 = 27 cm.",27,cm
LD087,Given a square ABCD with side length 'a'. Charges q1 = q3 = q are placed at A and C. What charge must be placed at B so that the electric field at D is zero?,"Step 1: Define a coordinate system. Let point D be at the origin (0,0). Given a square ABCD with side length 'a', point A is at (0,a) and point C is at (a,0). Point B is at (a,a).
Step 2: Calculate the electric field E_A at D due to charge q1=q at A(0,a). The distance AD is 'a'. The field points from A towards D (in the -y direction). E_A = (k × q / a²) × (-ĵ).
Step 3: Calculate the electric field E_C at D due to charge q3=q at C(a,0). The distance CD is 'a'. The field points from C towards D (in the -x direction). E_C = (k × q / a²) × (-î).
Step 4: Determine the net electric field E_AC at D from charges at A and C. E_AC = E_A + E_C = - (k × q / a²) î - (k × q / a²) ĵ.
Step 5: Calculate the electric field E_B at D due to q2 at B(a,a). The distance BD is a × sqrt(2). The vector points from B to D along the diagonal, so E_B = k × q2 / (a × sqrt(2))^2 × (-1 / sqrt(2) × (î) - 1 / sqrt(2) × (ĵ) = k × q2 / (2a^2 × sqrt(2)) × (- î - ĵ).
Step 6: Set the total electric field E_D = E_AC + E_B = 0. This requires the coefficients of î and ĵ to be zero: kq / a^2 + kq2 / (2a^2 × sqrt(2)) = 0.
Step 7: The charge that must be placed at B is q2 = -2\sqrt(2)q.",-2\sqrt{2} x q,-
LD088,"Given two electric charges q1 = 4.1 × 10^-10 C and q2 = −4.1 × 10^-10 C, located at points A and B in the air, separated by a distance AB = 2 cm. Determine the magnitude of the electric field strength E (V/m) at H, the midpoint of AB.","Step 1: Identify the given values: q1 = 4.1 × 10^-10 C, q2 = −4.1 × 10^-10 C, total distance AB = 2 cm.
Step 2: Determine the distance from each charge to H. Since H is the midpoint of AB, the distance from q1 to H (r1) is 2 cm / 2 = 1 cm = 0.01 m. The distance from q2 to H (r2) is also 1 cm = 0.01 m.
Step 3: Recall Coulomb's constant k = 8.99 × 10^9 N×m²/C² for air/vacuum, and the formula for the electric field magnitude due to a point charge: E = k × |q| / r².
Step 4: Calculate the magnitude of the electric field E1 at H due to q1. E1 = (8.99 × 10^9 N×m²/C²) × (4.1 × 10^-10 C) / (0.01 m)² = 3.6859 × 10^4 V/m.
Step 5: Determine the magnitude of E2 due to q2. Since |q1| = |q2| and r1 = r2, the magnitude E2 = E1.
Step 6: Analyze the directions: E1 points away from q1 (towards B), and E2 points towards q2 (towards B). Since both vectors point in the same direction, the net electric field is E_H = E1 + E2 = 2 × E1.
Step 7: The magnitude of the electric field strength at H is approximately 73718 V/m.",73718,V/m
LD089,"Given two electric charges q1 = 4.1 × 10^-10 C and q2 = −4.1 × 10^-10 C, placed at points A and B in air, with a separation AB = 2 cm. Determine the magnitude of the electric field strength E (in V/m) at point M, where MA = 1 cm and MB = 3 cm.","Step 1: Identify the given charges and their positions relative to point M.
Step 2: Determine the geometric arrangement of points M, A, and B. Given MA = 1 cm, AB = 2 cm, and MB = 3 cm, point A is located between M and B on a straight line.
Step 3: Convert all distances to meters: MA = r1 = 1 cm = 0.01 m, MB = r2 = 3 cm = 0.03 m.
Step 4: Recall the formula for the magnitude of the electric field (E) produced by a point charge (q) at a distance (r) in air: E = k|q|/r², where k is Coulomb's constant.
Step 5: Calculate the magnitudes: E1 = k × |q1| / r1^2 and E2 = k × |q2| / r2^2.
Step 6: Determine the directions: E1 points away from A (to the left), while E2 points towards B (to the right).
Step 7: Calculate the net field magnitude: Since they are opposite, E_M = |E1 - E2|.
Step 8: The magnitude of the electric field strength at point M is 3.28 × 10^4 V/m.",3.28 × 10^4,V/m
LD090,"Two electric charges, q1 = 4.1 × 10^-10 C and q2 = −4.1 × 10^-10 C, are placed at points A and B in air, with AB = 2 cm. Determine the magnitude of the electric field E (in V/m) at point N, given that triangle NAB is an equilateral triangle.","Step 1: Identify the given values and geometric properties.
Step 2: Convert all distances to SI units (meters).
Step 3: Calculate the magnitude of the electric field produced by a single charge at point N.
Step 4: Determine the directions of the electric field vectors at point N.
Step 5: Identify the angle between the two vectors: In an equilateral triangle, the angle between these two vectors is 120°.
Step 6: Use the parallelogram law for two equal vectors at 120°: The magnitude of the resultant field E_N is equal to the magnitude of one component (E_N = E1).
Step 7: The magnitude of the electric field strength at point N is 9 × 10^3 V/m.",9 × 10^3,V/m
LD091,"Two electric charges, q1 = -10 × 10⁻⁸ C and q2 = 10 × 10⁻⁸ C, are placed at points A and B in air, with AB = 6 cm. Determine the electric field vector at point M, which lies on the perpendicular bisector of AB and is 4 cm from AB.","Step 1: Identify the given charges, their positions, and the point M. q1 = -10 × 10⁻⁸ C at A, q2 = 10 × 10⁻⁸ C at B. AB = 6 cm. M is on the perpendicular bisector of AB, 4 cm from AB.
Step 2: Calculate the distances from each charge to point M. Since M is on the perpendicular bisector, AM = BM. Let O be the midpoint of AB. AO = AB/2 = 3 cm. MO = 4 cm. Using the Pythagorean theorem, AM = BM = sqrt(AO² + MO²) = sqrt(3² + 4²) = sqrt(9 + 16) = sqrt(25) = 5 cm. Convert this to meters: r = 0.05 m.
Step 3: Calculate the magnitude of the electric field produced by each charge at point M. Use Coulomb's constant k = 9 × 10⁹ N m²/C². The magnitude E = k × |q| / r².
Step 4: Determine the direction of the electric field vectors.
Step 5: Identify the geometric relationship for vector addition: The resultant vector E_M is parallel to AB and points from B toward A.
Step 6: Calculate the net magnitude E_M using the cosine of the angle θ between the vector and the line parallel to AB: cos(θ) = AO / AM = 3 / 5 = 0.6.
Step 7: Apply the formula for the sum of two equal vectors: E_M = 2 × E1 × cos(θ).
Step 8: The electric field vector at M has a magnitude of 4.32 × 10^5 V/m and is directed parallel to AB from B toward A.",4.32 × 10^5,V/m
LD092,"A right-angled triangle ABC has its right angle at A. The side lengths are AB = 30 cm, AC = 40 cm, and BC = 50 cm (the hypotenuse). Identical point charges, q = 10 × 10⁻⁹ C, are placed at each of the three vertices (A, B, and C). Determine the electric field vector at point H, which is the foot of the altitude from vertex A to the hypotenuse BC.","Step 1: Identify the given values and known physical constants.
Step 2: Determine the distances from each vertex (A, B, C) to point H.
Step 3: Calculate the magnitude of the electric field produced by each charge at H.
Step 4: Define a coordinate system and determine the components of each electric field vector at H.
Step 5: Write the vectors in component form: E_A = (0, -E_A), E_B = (E_B, 0), and E_C = (-E_C, 0).
Step 6: Sum the components to find the resultant vector E_H = (E_B - E_C, -E_A) and calculate its magnitude: E_H = sqrt((E_B - E_C)^2 + E_A^2).
Step 7: The magnitude of the resultant electric field strength at point H is approximately 2459 V/m.",2459,V/m
LD094,"Two point charges q1 = +2 × 10^-6 C and q2 = −2 × 10^-6 C are placed at points A and B, separated by 6 cm in air. Calculate the net electric field strength at point M, which is on the line connecting A and B, 2 cm away from q1.","Step 1: Identify the given charges, their positions, and the location of point M.
Step 2: Determine the distances from each charge to point M.
Step 3: Calculate the magnitude and direction of the electric field E1 due to q1 at M.
Step 4: Calculate the magnitude and direction of the electric field E2 due to q2 at M.
Step 5: Determine the net electric field direction: Since both E1 and E2 point in the same direction (from A to B), they add up. E_M = E1 + E2
Step 6: The magnitude of the net electric field at point M is 5.625 × 10^7 V/m.",5.625 × 10^7,V/m
LD095,"Two electric charges, q1 = +1 × 10^-6 C and q2 = +1 × 10^-6 C, are placed at points A and B, separated by 8 cm. Calculate the total (or net) electric field strength at the midpoint of AB.","Step 1: Identify the given charges q1 = +1 × 10^-6 C and q2 = +1 × 10^-6 C, and the separation distance between points A and B as 8 cm.
Step 2: Convert the distance to meters: 8 cm = 0.08 m. The midpoint of AB is located at a distance r = 0.08 m / 2 = 0.04 m from each charge.
Step 3: Calculate the magnitude of the electric field E1 produced by charge q1 at the midpoint using the formula E = k|q|/r^2, where k = 9 × 10^9 N×m²/C².
Step 4: E1 = (9 × 10^9 N×m²/C²) × (1 × 10^-6 C) / (0.04 m)² = (9 × 10^3) / (0.0016) N/C = 5.625 × 10^6 N/C.
Step 5: Determine the magnitude of E2 due to q2. Since |q1| = |q2| and the distances are equal, E2 = E1.
Step 6: Analyze the directions: E1 points away from A (to the right), and E2 points away from B (to the left). Since E1 and E2 have the same magnitude but opposite directions, they cancel each other out (E_net = E1 + E2 = 0).
Step 7: The magnitude of the net electric field at the midpoint of AB is 0 V/m.",0,V/m
LD096,"Three equal, like-signed electric charges q = 2 × 10^-6 C are placed at the three vertices of an equilateral triangle with a side length of 6 cm. Calculate the electric field strength at the center of the triangle.","Step 1: Identify the given information: Three identical charges q = 2 × 10^-6 C are placed at the vertices of an equilateral triangle with side length a = 6 cm.
Step 2: Recognize that the center of an equilateral triangle is equidistant from all three vertices.
Step 3: Since all three charges are identical in magnitude (q) and the distance r from each charge to the center is the same, the magnitude of the electric field (E_individual) produced by each charge at the center will be identical.
Step 4: The problem states ""like-signed"" charges. For positive charges, the electric field vector from each charge at the center points away from that charge, along the line connecting the charge to the center. For negative charges, it would point towards the charge.
Step 5: Determine the angles between the vectors: Due to the symmetry of the equilateral triangle, the three electric field vectors at the center form angles of 120° with each other.
Step 6: Apply the principle of superposition: The vector sum of three equal vectors separated by 120° is always zero (E1 + E2  + E3 = 0).
Step 7: The magnitude of the net electric field strength at the center of the triangle is 0 V/m.",0,V/m
LD097,"Two electric charges q1 = +3 × 10^-6 C and q2 = +4 × 10^-6 C are placed at points A and B, which are 5 cm apart. Calculate the resultant electric field strength at point M, which is 3 cm from A and 4 cm from B.","Step 1: Identify the given charges and distances. q1 = +3 × 10^-6 C, q2 = +4 × 10^-6 C. Distance AM (r1) = 3 cm = 0.03 m, distance BM (r2) = 4 cm = 0.04 m.
Step 2: Recognize the geometry of the points A, B, and M. Since AM^2 + BM^2 = 3^2 + 4^2 = 9 + 16 = 25 cm^2, and AB^2 = 5^2 = 25 cm^2, the triangle AMB is a right-angled triangle with the right angle at point M.
Step 3: Calculate the magnitude of the electric field E1 at point M due to charge q1 using the formula E = k × |q| / r^2, where k is Coulomb's constant (approximately 9 × 10^9 N m^2/C^2). E1 = (9 × 10^9 N m^2/C^2) × (3 × 10^-6 C) / (0.03 m)^2 = (27 × 10^3) / (9 × 10^-4) N/C = 3 × 10^7 N/C.
Step 4: Determine the direction of E1. Since q1 is positive, E1 points away from q1, along the line from A to M.
Step 5: Calculate the magnitude of E2 at M due to q2: E2 = (9 × 10^9 N m^2/C^2) × (4 × 10^-6 C) / (0.04 m)^2 = 2.25 × 10^7 N/C.
Step 6: Determine the direction of E2. Since q2 is positive, E2 points away from q2, along the line from B to M.
Step 7: Calculate the net field magnitude E_M. Since E1 is perpendicular to E2, use the Pythagorean theorem: E_M = sqrt(E1^2 + E2^2).
Step 8: The magnitude of the resultant electric field at M is 3.75 × 10^7 V/m.",3.75 × 10^7,V/m
LD098,"Two point charges q1 = −2 × 10^-6 C and q2 = −2 × 10^-6 C are placed at points A and B, 6 cm apart. Calculate the resultant electric field strength at point C, which lies on the perpendicular bisector of AB, at a distance of 4 cm from AB.","Step 1: Identify the given values and constant.
Step 2: Determine the distances from point C to each charge.
Step 3: Calculate the magnitude of the electric field produced by each charge at point C.
Step 4: Determine the direction of the electric fields and resolve them into components.
Step 5: Calculate the vertical component using the cosine of the angle θ between the vector and the perpendicular bisector: cos(θ) = h / r = 4 / 5 = 0.8.
Step 6: Sum the vertical components to find the net field: E_C = 2 × E1 × cos(θ) = 2 × 7.2 × 10^6 × 0.8 = 1.152 × 10^7.
Step 7: The magnitude of the net electric field at point C is 1.152 × 10^7 V/m, directed towards the midpoint of AB.",1.152 × 10^7,V/m
LD099,"Two electric charges, q1 = +1 × 10^-6 C and q2 = −1 × 10^-6 C, are placed 10 cm apart. Calculate the resultant electric field at point M, which is equidistant from both charges and 5 cm away from the line segment connecting them.","Step 1: Identify the given values and relevant physical constants.
Step 2: Determine the geometric configuration and distances.
Step 3: Calculate the magnitude of the electric field produced by each charge at point M.
Step 4: Determine the direction of the electric field vectors.
Step 5: Analyze the vector sum: Due to symmetry and opposite charges, the vertical components cancel out, and the horizontal components (parallel to AB) add up.
Step 6: Calculate the net field magnitude using the cosine of the angle θ between the vector and the line AB: cos(θ) = AB / 2 / r = 5 / (5 × sqrt(2)) = 1 / sqrt(2).
Step 7: Apply the formula for the resultant field: E_M = 2 × E1 × cos(θ).
Step 8: The magnitude of the net electric field at point M is approximately 2.55 × 10^6 V/m, directed parallel to AB from A toward B.",2.55 × 10^6,V/m
LD100,"Two electric charges, q1 = +3 × 10^-6 C and q2 = −3 × 10^-6 C, are placed at points A and B, separated by 10 cm. Point M lies on the perpendicular bisector of AB, at a distance of 6 cm from the line segment AB. Calculate the resultant electric field strength at M.","Step 1: Identify the given values and convert units to SI.
Step 2: Determine the geometry and calculate the distance from each charge to point M.
Step 3: Calculate the magnitude of the electric field due to each charge at point M.
Step 4: Determine the direction of the electric fields E1 and E2 at M.
Step 5: Analyze the vector sum: Due to symmetry and opposite charges, the vertical components cancel out, while the horizontal components (parallel to AB) add up.
Step 6: Calculate the net field magnitude using the cosine of the angle θ between the vector and the line AB: cos(θ) = 5 / sqrt(61).
Step 7: Apply the formula for the resultant field: E_M = 2 × E1 × cos(θ).
Step 8: The magnitude of the net electric field at point M is approximately 5.67 × 10^6 V/m, directed parallel to AB from A toward B.",5.67 × 10^6,V/m
LD101,"Two electric charges q1 = -3 × 10^-8 C and q2 = +8 × 10^-8 C are placed at two points A and B, 15 cm apart, in the air. A charge q3 = -2 × 10^-8 C is placed at point C, given that the distance from C to A is 7 cm and to B is 9 cm. Calculate the resultant electric force acting on q3.","Step 1: Identify the given electric charges and distances.
Step 2: Convert distances from centimeters to meters.
Step 3: Calculate the magnitude of the electric force (F13) exerted by q1 on q3 using Coulomb's Law (F = k × |q1 × q3| / r_AC^2), where k = 9 × 10^9 N m^2/C^2 for air.
Step 4: Calculate the magnitude of the electric force (F23) exerted by q2 on q3 using Coulomb's Law (F = k × |q2 × q3| / r_BC^2).
Step 5: The magnitude of the net electric force acting on q3 is approximately 2.707 × 10^-3 N.",2.707*10^-3,N
LD102,"Charges q1 = -2 × 10^-7 C and q2 = -1 × 10^-7 C are placed at points A and B, separated by 6 cm in air. A third charge, q3 = +5 × 10^-7 C, is placed at point C, given that the distance from C to A is 7 cm and the distance from C to B is 8 cm. Calculate the net electric force acting on q3.","Step 1: Identify the given charges and their positions: q1 = -2 × 10^-7 C at A, q2 = -1 × 10^-7 C at B, and q3 = +5 × 10^-7 C at C. The distances are r_CA = 7 cm = 0.07 m, r_CB = 8 cm = 0.08 m, and r_AB = 6 cm = 0.06 m.
Step 2: Recall Coulomb's Law, F = k |q1 q2| / r², and the Coulomb constant for air, k ≈ 9 × 10^9 N×m²/C².
Step 3: Calculate the magnitude of the electrostatic force F13 exerted by q1 on q3: F13 = (9 × 10^9 N×m²/C²) × |-2 × 10^-7 C × 5 × 10^-7 C| / (0.07 m)² ≈ 0.1837 N. This force is attractive, directed from C towards A.
Step 4: Calculate the magnitude of the electrostatic force F23 exerted by q2 on q3: F23 = (9 × 10^9 N×m²/C²) × |-1 × 10^-7 C × 5 × 10^-7 C| / (0.08 m)² ≈ 0.0703 N. This force is also attractive, directed from C towards B.
Step 5: The magnitude of the net electric force acting on q3 is approximately 0.238 N.",0.238,N
LD103,"Two point charges q1 = -4 × 10^-8 C and q2 = -9 × 10^-8 C are placed at points A and B, which are 9 cm apart in the air. A third charge q3 = -1 × 10^-8 C is placed at point C, such that the distance from C to A is 10 cm and the distance from C to B is 8 cm. Calculate the net electric force acting on q3.","Step 1: Identify given charges: q1 = -4 × 10^-8 C, q2 = -9 × 10^-8 C, q3 = -1 × 10^-8 C. Given distances: r_CA = 0.10 m, r_CB = 0.08 m, r_AB = 0.09 m. Coulomb's constant k = 9 × 10^9 N×m²/C².
Step 2: Calculate the magnitude of force F13 (on q3 due to q1) using Coulomb's Law F = k × |q1×q3| / r_CA². F13 = (9 × 10^9) × |-4 × 10^-8 C × -1 × 10^-8 C| / (0.10 m)² = 3.6 × 10^-3 N. This force is repulsive, directed away from A along line CA.
Step 3: Calculate the magnitude of force F23 (on q3 due to q2) using Coulomb's Law F = k × |q2×q3| / r_CB². F23 = (9 × 10^9) × |-9 × 10^-8 C × -1 × 10^-8 C| / (0.08 m)² = 1.265625 × 10^-3 N. This force is repulsive, directed away from B along line CB.
Step 4: Use the Law of Cosines to find the angle θ_C at point C in triangle ABC: r_AB² = r_CA² + r_CB² - 2 × r_CA × r_CB × cos(θ_C).
Step 5: The magnitude of the net electric force acting on q3 is approximately 1.48 × 10^-3 N.",1.480,N
LD104,"Two charges q1 = -8 × 10^-7 C and q2 = -9 × 10^-7 C are placed at points A and B, respectively, 12 cm apart in air. A charge q3 = +7 × 10^-7 C is placed at point C, such that the distance from C to A is 6 cm and from C to B is 6 cm. Calculate the net electric force acting on q3.","Step 1: Identify the given charges and distances.
Step 2: Convert distances from centimeters to meters.
Step 3: Recognize that points A, C, and B are collinear since AC + CB = AB (6 cm + 6 cm = 12 cm).
Step 4: Calculate the magnitude of the electric force F13 exerted by q1 on q3 using Coulomb's Law, F = k × |q1 × q3| / r^2, where k = 9 × 10^9 N×m²/C².
Step 5: The magnitude of the net electric force acting on q3 is exactly 0.175 N.",0.175,N
LD105,"Two electric charges q1 = +4 × 10^-8 C and q2 = +9 × 10^-8 C are placed at two points A and B, 5 cm apart, in the air. A third charge q3 = -9 × 10^-8 C is placed at point C, given that the distance from C to A is 3 cm and from C to B is 4 cm. Calculate the net electrostatic force acting on q3.","Step 1: Convert given distances from centimeters to meters and state the value of Coulomb's constant (k).
Step 2: Check the geometric relationship between points A, B, and C using the given distances.
Step 3: Calculate the magnitude of the electrostatic force (F13) exerted by q1 on q3 using Coulomb's Law.
Step 4: Calculate the magnitude of the electrostatic force (F23) exerted by q2 on q3 using Coulomb's Law.
Step 5: The magnitude of the net electrostatic force acting on q3 is approximately 0.058 N.",0.058,N
LD106,"Two electric charges, q1 = +8 × 10^-8 C and q2 = +8 × 10^-8 C, are placed at two points A and B, separated by 6 cm in the air. A third charge, q3 = -8 × 10^-8 C, is placed at point C. Given that the distance from C to A is 8 cm and from C to B is 3 cm. Calculate the net electric force acting on q3.","Step 1: Coulomb's Law states that the magnitude of the electric force between two point charges is F = k × |q1 × q2| / r^2, where k is Coulomb's constant (approximately 9 × 10^9 N m^2/C^2), q1 and q2 are the magnitudes of the charges, and r is the distance between them.
Step 2: The given charges are q1 = +8 × 10^-8 C, q2 = +8 × 10^-8 C, and q3 = -8 × 10^-8 C. The distance between q1 and q3 (r13) is 8 cm = 0.08 m. The distance between q2 and q3 (r23) is 3 cm = 0.03 m.
Step 3: Calculate the magnitude of the force (F13) exerted by q1 on q3: F13 = (9 × 10^9 N m^2/C^2) × |(8 × 10^-8 C) × (-8 × 10^-8 C)| / (0.08 m)^2 = (9 × 10^9) × (64 × 10^-16) / (0.0064) = 9 × 10^-3 N.
Step 4: Since q1 is positive and q3 is negative, the force F13 is attractive, directed from point C towards point A.
Step 5: The magnitude of the net electric force acting on q3 is approximately 0.071 × 10^-3 N.",0.071,N
LD107,"Two electric charges q1 = -6 × 10^-8 C and q2 = +5 × 10^-8 C are placed at two points A and B, 8 cm apart, in air. A charge q3 = +2 × 10^-8 C is placed at point C, knowing that the distance from C to A is 10 cm and from C to B is 8 cm. Calculate the net electric force acting on q3.","Step 1: Identify the given charges and distances. The charges are q1 = -6 × 10^-8 C, q2 = +5 × 10^-8 C, and q3 = +2 × 10^-8 C. The distances are d_CA = 10 cm = 0.10 m, d_CB = 8 cm = 0.08 m, and d_AB = 8 cm = 0.08 m. The electrostatic constant in air (k) is approximately 9 × 10^9 N m^2/C^2.
Step 2: Calculate the magnitude of the electrostatic force F13 exerted by q1 on q3 using Coulomb's Law. F13 = k × |q1 × q3| / d_CA^2 = (9 × 10^9 N m^2/C^2) × |-6 × 10^-8 C × 2 × 10^-8 C| / (0.10 m)^2 = (9 × 10^9 × 12 × 10^-16) / 0.01 N = 1.08 × 10^-3 N.
Step 3: Determine the direction of force F13. Since q1 is negative and q3 is positive, the force F13 is attractive, directed from point C towards point A.
Step 4: Calculate the magnitude of the electrostatic force F23 exerted by q2 on q3 using Coulomb's Law. F23 = k × |q2 × q3| / d_CB^2 = (9 × 10^9 N m^2/C^2) × |5 × 10^-8 C × 2 × 10^-8 C| / (0.08 m)^2 = (9 × 10^9 × 10 × 10^-16) / 0.0064 N = 1.40625 × 10^-3 N.
Step 5: The magnitude of the net electric force acting on q3 is approximately 1.116 × 10^-3 N.",1.116*10^-3,N
LD108,"Two electric charges, q1 = +3 × 10^-7 C and q2 = +4 × 10^-7 C, are placed at points A and B, respectively, 10 cm apart in air. A charge q3 = -8 × 10^-7 C is placed at point C, with distances CA = 7 cm and CB = 6 cm. Calculate the net electric force acting on q3.","Step 1: Identify the given electric charges and distances.
Step 2: Calculate the magnitude of the electric force (F13) exerted by q1 on q3 using Coulomb's Law.
Step 3: Calculate the magnitude of the electric force (F23) exerted by q2 on q3 using Coulomb's Law.
Step 4: Determine the angle (γ) between the two force vectors F13 and F23.
Step 5: The magnitude of the net electric force acting on q3 is approximately 0.842 N.",0.842,N
LD109,"Two charges q1 = -2 × 10^-8 C and q2 = -5 × 10^-8 C are placed at points A and B, 12 cm apart in the air. A third charge q3 = -5 × 10^-8 C is placed at point C, given that the distance from C to A is 5 cm and the distance from C to B is 9 cm. Calculate the net electric force acting on q3.","Step 1: Identify the given charges and distances, converting units to meters.
Step 2: q1 = -2 × 10^-8 C, q2 = -5 × 10^-8 C, q3 = -5 × 10^-8 C.
Step 3: r_CA = 5 cm = 0.05 m, r_CB = 9 cm = 0.09 m, r_AB = 12 cm = 0.12 m.
Step 4: Use Coulomb's constant k = 9 × 10^9 N m^2/C^2 as charges are in air.
Step 5: The magnitude of the net electric force acting on q3 is approximately 3.5 × 10^-3 N.",3.5*10^-3,N
LD110,"Two charges q1 = +7 × 10^-8 C and q2 = -6 × 10^-8 C are placed at points A and B, 10 cm apart in air. A third charge q3 = +8 × 10^-8 C is placed at point C, such that the distance from C to A is 7 cm and the distance from C to B is 5 cm. Calculate the net electrostatic force acting on q3.","Step 1: Identify the given charges and distances from the question.
Step 2: Convert the distances from centimeters to meters: r_AC = 0.07 m, r_BC = 0.05 m, r_AB = 0.10 m.
Step 3: Note that Coulomb's constant (k) is necessary to calculate the electrostatic forces between charges.
Step 4: The value for Coulomb's constant (k) is not provided in the question.
Step 5: The magnitude of the net electrostatic force acting on q3 is approximately 0.023 N.",0.023,N
LD111,"Two electric charges, q1 = -1 × 10⁻⁸ C and q2 = -6 × 10⁻⁸ C, are placed at points A and B, 14 cm apart in air. A third electric charge, q3 = -7 × 10⁻⁸ C, is placed at point C, such that the distance from C to A is 6 cm and the distance from C to B is 8 cm. Calculate the net electric force acting on q3.","Step 1: Convert given distances from centimeters to meters.
Step 2: Determine the geometric arrangement of points A, B, and C based on the distances.
Step 3: Calculate the magnitude of the electric force (F31) exerted by charge q1 on charge q3 using Coulomb's Law, F = k × |q1 × q3| / r².
Step 4: Determine the direction of force F31, considering the signs of q1 and q3.
Step 5: The magnitude of the net electric force acting on q3 is approximately 4.16 × 10^-3 N.",4.16*10^-3,N
LD112,"Two electric charges, q1 = +5 × 10^-8 C and q2 = +2 × 10^-8 C, are placed at two points A and B, separated by 12 cm in the air. A third charge, q3 = -2 × 10^-8 C, is placed at point C, with the distance from C to A being 8 cm and the distance from C to B being 6 cm. Calculate the net electric force acting on q3.","Step 1: Identify given charges and convert distances to meters.
Step 2: Calculate the magnitude of the electrostatic force F13 acting on q3 due to q1.
Step 3: Calculate the magnitude of the electrostatic force F23 acting on q3 due to q2.
Step 4: Determine the angle (φ) between the force vectors F13 and F23 using the Law of Cosines for triangle ABC.
Step 5: The magnitude of the net electric force acting on q3 is approximately 1.3 × 10^-3 N.",1.3*10^-3,N
LD113,"Two charges, q1 = -8 × 10^-8 C and q2 = +4 × 10^-8 C, are placed at points A and B, 9 cm apart, in air. A third charge, q3 = -2 × 10^-8 C, is placed at point C, such that the distance from C to A is 10 cm and the distance from C to B is 6 cm. Calculate the net electric force acting on q3.","Step 1: Identify the given charges and distances, converting distances to meters.
Step 2: The charge q1 = -8 × 10^-8 C is at point A, q2 = +4 × 10^-8 C is at point B, and q3 = -2 × 10^-8 C is at point C.
Step 3: The distance from C to A is r_CA = 10 cm = 0.10 m. The distance from C to B is r_CB = 6 cm = 0.06 m. The distance from A to B is r_AB = 9 cm = 0.09 m.
Step 4: The magnitude of the electric force between two charges is given by Coulomb's Law: F = k × |q1 × q2| / r^2, where k is Coulomb's constant.
Step 5: The magnitude of the net electric force acting on q3 is approximately 1.85 × 10^-3 N.",1.85*10^-3,N
LD114,"Two electric charges, q1 = +6 × 10^-8 C and q2 = +4 × 10^-8 C, are placed at points A and B respectively, separated by 14 cm in the air. A third electric charge, q3 = -6 × 10^-8 C, is placed at point C, such that the distance from C to A is 6 cm and the distance from C to B is 8 cm. Calculate the net electric force acting on q3.","Step 1: Determine the geometric arrangement of the charges. The sum of distances CA (6 cm) and CB (8 cm) is 14 cm, which equals the distance AB. This means point C lies on the line segment AB, with q3 between q1 and q2.
Step 2: Identify the individual forces acting on q3 and their directions. Charge q1 (+6 × 10^-8 C) and q3 (-6 × 10^-8 C) are opposite, so F13 (force from q1 on q3) is attractive, pulling q3 towards A (left). Charge q2 (+4 × 10^-8 C) and q3 (-6 × 10^-8 C) are opposite, so F23 (force from q2 on q3) is attractive, pulling q3 towards B (right).
Step 3: Convert distances to meters and state Coulomb's constant (k). r13 = 6 cm = 0.06 m. r23 = 8 cm = 0.08 m. k = 9 × 10^9 N m^2/C^2 (for air).
Step 4: Calculate the magnitude of force F13 using Coulomb's Law. F13 = k × |q1 × q3| / r13^2 = (9 × 10^9 N m^2/C^2) × |(+6 × 10^-8 C) × (-6 × 10^-8 C)| / (0.06 m)^2 = 0.009 N.
Step 5: The magnitude of the net electric force acting on q3 is 5.625 × 10^-3 N.",5.625*10^-3,N
LD115,"Two point charges q1 = +5 × 10^-8 C and q2 = +6 × 10^-8 C are placed at points A and B, respectively, 15 cm apart in air. A third charge q3 = -7 × 10^-8 C is placed at point C, such that the distance from C to A is 3 cm and the distance from C to B is 17 cm. Calculate the net electric force acting on q3.","Step 1: Identify the given charges and distances.
Step 2: Calculate the magnitude of the electric force F13 exerted by q1 on q3 using Coulomb's Law (F = k|q1q3|/r_AC^2), with k = 9 × 10^9 N m^2/C^2 and r_AC = 0.03 m.
Step 3: Calculate the magnitude of the electric force F23 exerted by q2 on q3 using Coulomb's Law (F = k|q2q3|/r_BC^2), with r_BC = 0.17 m.
Step 4: Determine the direction of F13 (attraction, from C towards A) and F23 (attraction, from C towards B).
Step 5: The magnitude of the net electric force acting on q3 is approximately 0.036 N.",0.036,N
LD116,"Two electric charges q1 = -4 × 10^-8 C and q2 = -8 × 10^-8 C are placed at two points A and B, 16 cm apart, in the air. A charge q3 = +2 × 10^-8 C is placed at point C, given that the distance from C to A is 6 cm and from C to B is 10 cm. Calculate the net electric force acting on q3.","Step 1: Identify the given charges and distances. q1 = -4 × 10^-8 C, q2 = -8 × 10^-8 C, q3 = +2 × 10^-8 C. The distance AB = 16 cm, AC = 6 cm, and BC = 10 cm. The charges are in the air.
Step 2: Determine the spatial arrangement of the charges. Since AC + BC = 6 cm + 10 cm = 16 cm, which equals AB, point C lies on the line segment AB, between A and B.
Step 3: Calculate the electric force F_13 exerted by q1 on q3 using Coulomb's Law (F = k × |q1×q3| / r^2) with k = 9 × 10^9 N×m^2/C^2.
Step 4: Calculate the electric force F_23 exerted by q2 on q3 using Coulomb's Law.
Step 5: The magnitude of the net electric force acting on q3 is 0.56 × 10^-3 N.",0.56*10^-3,N
LD117,"Two electric charges, q1 = -3 × 10^-8 C and q2 = -6 × 10^-8 C, are placed at points A and B, separated by 17 cm in the air. A third charge, q3 = +3 × 10^-8 C, is placed at point C. Given that the distance from C to A is 8 cm and the distance from C to B is 9 cm. Calculate the net electric force acting on q3.","Step 1: Identify the given charges: q1 = -3 × 10^-8 C, q2 = -6 × 10^-8 C, q3 = +3 × 10^-8 C. The Coulomb constant k in air is 9 × 10^9 N m^2/C^2.
Step 2: Convert the given distances to meters: distance CA = 8 cm = 0.08 m, and distance CB = 9 cm = 0.09 m. Note that CA + CB = 8 cm + 9 cm = 17 cm, which equals the distance AB, indicating that charge q3 is located on the line segment between q1 and q2.
Step 3: Determine the direction of forces on q3. Since q1 is negative and q3 is positive, the force F13 (from q1 on q3) is attractive, pointing from C towards A. Since q2 is negative and q3 is positive, the force F23 (from q2 on q3) is attractive, pointing from C towards B. Therefore, F13 and F23 act in opposite directions.
Step 4: Calculate the magnitude of the force F13 using Coulomb's Law (F = k × |q1×q3| / r^2). F13 = (9 × 10^9 N m^2/C^2) × |(-3 × 10^-8 C) × (3 × 10^-8 C)| / (0.08 m)^2 = (9 × 10^9) × (9 × 10^-16) / 0.0064 = 0.001265625 N.
Step 5: The magnitude of the net electric force acting on q3 is 0.734 × 10^-3 N.",0.734*10^-3,N
LD118,"Two point charges, q1 = -8 × 10^-8 C and q2 = -2 × 10^-8 C, are placed at points A and B, 14 cm apart, in the air. A third charge, q3 = -7 × 10^-8 C, is placed at point C, such that the distance from C to A is 10 cm and the distance from C to B is 7 cm. Calculate the net electric force acting on q3.","Step 1: Identify the given charges and distances, and state Coulomb's constant for air.
Step 2: Calculate the magnitude of the electric force exerted by q1 on q3 (F13).
Step 3: Calculate the magnitude of the electric force exerted by q2 on q3 (F23).
Step 4: Determine the angle between the force vectors F13 and F23.
Step 5: The magnitude of the net electric force acting on q3 is approximately 4.83 × 10^-3 N.",4.83*10^-3,N
LD119,"Two point charges, q1 = +7 × 10^-8 C and q2 = -3 × 10^-8 C, are placed at points A and B, separated by 3 cm in the air. A third charge, q3 = +2 × 10^-8 C, is placed at point C, such that the distance from C to A is 3 cm and the distance from C to B is 4 cm. Calculate the net electric force acting on q3.","Step 1: Identify Coulomb's constant (k) and convert all distances to meters.
Step 2: Calculate the magnitude of the electric force F13 exerted by q1 on q3 using Coulomb's Law, F = k × |q1 × q3| / r_CA^2.
Step 3: Calculate the magnitude of the electric force F23 exerted by q2 on q3 using Coulomb's Law, F = k × |q2 × q3| / r_CB^2.
Step 4: Determine the angle (θ) between the force vectors F13 and F23 at point C. F13 is repulsive (away from A along CA), F23 is attractive (towards B along CB). The angle between these two vectors is the angle ACB, which can be found using the Law of Cosines: AB^2 = CA^2 + CB^2 - 2 × CA × CB × cos(ACB).
Step 5: The magnitude of the net electric force acting on q3 is approximately 12 × 10^-3 N.",12*10^-3,N
LD120,"Two electric charges q1 = +6 × 10^-8 C and q2 = +1 × 10^-8 C are placed at two points A and B, separated by 15 cm in air. A third charge q3 = -1 × 10^-8 C is placed at point C, with the distance from C to A being 14 cm and to B being 6 cm. Calculate the net electric force acting on q3.","Step 1: Identify the given charges and distances, and recall Coulomb's constant (k).
Step 2: Calculate the magnitude of the electric force F13 exerted by q1 on q3 using Coulomb's Law: F13 = k × |q1 × q3| / r_CA^2.
Step 3: Calculate the magnitude of the electric force F23 exerted by q2 on q3 using Coulomb's Law: F23 = k × |q2 × q3| / r_CB^2.
Step 4: Determine the angle (γ) between the forces F13 and F23 (which is the angle ACB) using the Law of Cosines for the triangle ABC.
Step 5: The magnitude of the net electric force acting on q3 is approximately 0.379 × 10^-3 N.",0.379*10^-3,N
LD121,"Two electric forces have magnitudes of 7 N and 5 N, acting at an angle of 90° to each other. Calculate the resultant force of these two electric forces.","Step 1: Identify the magnitudes of the two electric forces and the angle between them.
Step 2: The first force (F1) has a magnitude of 7 N.
Step 3: The second force (F2) has a magnitude of 5 N.
Step 4: The angle between the two forces is 90°, meaning they are perpendicular.
Step 5: The magnitude of the net electric force is approximately 8.6023 N.",8.6023,N
LD122,"Three identical charges, q = -4 × 10^-6 C, are placed at the three vertices of an isosceles right triangle with legs of length a = 12 cm. Calculate the net force acting on the charge located at the right angle vertex.","Step 1: Identify the given values for the charges and the geometry.
Step 2: Convert the length of the legs from centimeters to meters to use SI units.
Step 3: Determine the nature and direction of the forces acting on the charge at the right angle vertex. Since all charges are identical and negative, the forces will be repulsive.
Step 4: Calculate the magnitude of the electrostatic force (F) exerted by each of the two charges on the charge at the right angle vertex using Coulomb's Law: F = k |q1q2|/r^2, where k = 9 × 10^9 N×m²/C².
Step 5: The magnitude of the net electric force acting on the charge at the right-angle vertex is approximately 14.14 N.",14.140,N
LD123,"Two charges, q1 = +2 × 10^-6 C and q2 = +2 × 10^-6 C, are placed at points A and B, separated by 6 cm. A test charge q = 10^-6 C is placed at point M, which lies on the perpendicular bisector of AB, at a distance of 3 cm from AB (i.e., from the midpoint of AB). Calculate the magnitude of the net electric force exerted by q1 and q2 on q.","Step 1: Identify given values and the Coulomb's constant.
Step 2: Calculate the distance from each source charge to the test charge.
Step 3: Calculate the magnitude of the force F1 exerted by q1 on q.
Step 4: Calculate the magnitude of the force F2 exerted by q2 on q.
Step 5: The magnitude of the net electric force acting on the test charge q is approximately 14.14 N.",14.140,N
LD124,"Two point charges, q1 = +4 × 10^-8 C and q2 = -4 × 10^-8 C, are placed at points A and B, 10 cm apart. A test charge q = 10^-8 C is placed at point M, which is on the perpendicular bisector of the line segment AB, at a distance of 3 cm from AB. Calculate the magnitude of the net electric force exerted by q1 and q2 on q.","Step 1: Identify the given charges and distances.
Step 2: Determine the distances from points A and B to point M.
Step 3: Define the magnitudes of the individual electric forces.
Step 4: Determine the direction and net magnitude of the forces.
Step 5: The magnitude of the net electric force acting on the test charge q is approximately 1.82 × 10^-3 N.",1.82*10^-3,N
LD125,"Two electric forces have magnitudes of 8 N and 7 N, and are inclined at an angle of 120° to each other. Calculate the resultant force of these two electric forces.","Step 1: Identify the magnitudes of the two electric forces as F1 = 8 N and F2 = 7 N.
Step 2: Identify the angle between the two forces as θ = 120°.
Step 3: Use the formula for the magnitude of the resultant force (R) of two forces: R = sqrt(F1^2 + F2^2 + 2×F1×F2×cos(θ)).
Step 4: Substitute the given values into the formula: R = sqrt(8^2 + 7^2 + 2×8×7×cos(120°)).
Step 5: The magnitude of the net resultant force is approximately 7.5498 N.",7.5498,N
LD126,"Two electric forces have magnitudes of 3 N and 8 N, acting at a 90° angle to each other. Calculate their resultant force.","Step 1: The magnitudes of the two electric forces are given as F1 = 3 N and F2 = 8 N.
Step 2: The angle between these two forces is given as 90°.
Step 3: For two forces acting at a 90° angle, the magnitude of their resultant force (R) can be calculated using the Pythagorean theorem: R = sqrt(F1^2 + F2^2).
Step 4: Substitute the given force magnitudes into the formula: R = sqrt((3 N)^2 + (8 N)^2).
Step 5: The magnitude of the net electric force is approximately 8.544 N.",8.544,N
LD127,Three electric charges q1 = q2 = q3 = +8 × 10^-6 C are placed at the three vertices of an equilateral triangle with side length 15 cm in the air. Calculate the net electric force acting on q3.,"Step 1: Identify the charges and distances involved in the forces acting on q3. Charge q3 experiences forces from q1 and q2. Since it's an equilateral triangle with side length 15 cm, the distance between q1 and q3 (r13) is 15 cm, and the distance between q2 and q3 (r23) is 15 cm.
Step 2: Convert the side length to meters: r = 15 cm = 0.15 m. Identify the charges: q1 = q2 = q3 = +8 × 10^-6 C. Use Coulomb's constant for air: k = 9 × 10^9 N m^2/C^2.
Step 3: Calculate the magnitude of the force F13 exerted by q1 on q3 using Coulomb's Law: F13 = k × |q1 × q3| / r13^2.
Step 4: Calculate the magnitude of the force F23 exerted by q2 on q3 using Coulomb's Law: F23 = k × |q2 × q3| / r23^2.
Step 5: The magnitude of the net electric force acting on q3 is approximately 44.34 N.",44.34,N
LD128,"Two charges, q1 = +2 × 10^-8 C and q2 = -2 × 10^-8 C, are placed at two points A and B, separated by 10 cm. A third charge, q3 = -2 × 10^-8 C, is placed at the midpoint of AB. Calculate the electric force acting on q3.","Step 1: Identify the given charges and distances.
Step 2: Convert the total distance between A and B to meters and determine the distance from q1 to q3 and q2 to q3.
Step 3: The charge q1 = +2 × 10^-8 C is at A, q2 = -2 × 10^-8 C is at B, and q3 = -2 × 10^-8 C is at the midpoint M.
Step 4: The distance AB = 10 cm = 0.1 m.
Step 5: The magnitude of the net electric force acting on q3 is exactly 2.88 × 10^-3 N.",2.88*10^-3,N
LD129,"Three identical charges, q = -4 × 10^-8 C, are placed at the three vertices of an isosceles right triangle with legs of length a = 10 cm. Calculate the net force acting on the charge located at the right-angle vertex.","Step 1: Identify the given values for the charges and the geometry.
Step 2: Convert the leg length from centimeters to meters for standard unit calculations.
Step 3: Determine the magnitude and direction of the electric forces exerted by the two charges on the charge located at the right-angle vertex.
Step 4: Calculate the magnitude of the force exerted by each charge on the charge at the right-angle vertex using Coulomb's Law, F = k |q1q2| / r^2, where k = 8.99 × 10^9 N m^2/C^2.
Step 5: The magnitude of the net electric force acting on the charge at the right-angle vertex is approximately 2.04 × 10^-3 N.",2.04*10^-3,N
LD130,Three electric charges q1 = q2 = q3 = +5 × 10^-6 C are placed at the three vertices of an equilateral triangle with a side length of 15 cm in the air. Calculate the net electric force acting on q3.,"Step 1: Identify the given values for charges, side length, and the Coulomb's constant for air.
Step 2: Calculate the magnitude of the electrostatic force (F13) exerted by charge q1 on charge q3 using Coulomb's Law.
Step 3: Calculate the magnitude of the electrostatic force (F23) exerted by charge q2 on charge q3 using Coulomb's Law.
Step 4: Determine the angle between the two force vectors F13 and F23 acting on q3.
Step 5: The magnitude of the net electric force acting on q3 is approximately 17.32 N.",17.320,N
LD131,"Two electric forces have magnitudes of 5 N and 10 N, acting at an angle of 120° to each other. Calculate the resultant force of these two electric forces.","Step 1: Identify the magnitudes of the two electric forces as F1 = 5 N and F2 = 10 N.
Step 2: Identify the angle between the two forces as θ = 120°.
Step 3: Use the formula for the resultant of two forces: R = sqrt(F1^2 + F2^2 + 2 × F1 × F2 × cos(θ)).
Step 4: Substitute the given values into the formula: R = sqrt((5 N)^2 + (10 N)^2 + 2 × (5 N) × (10 N) × cos(120°)).
Step 5: The magnitude of the net resultant force is approximately 8.6603 N.",8.6603,N
LD132,"Two electric forces, with magnitudes of 7 N and 6 N, act at an angle of 60° to each other. Calculate their resultant force.","Step 1: Identify the magnitudes of the two forces, F₁ = 7 N and F₂ = 6 N, and the angle between them, θ = 60°.
Step 2: Use the formula for the resultant force (R) of two forces acting at an angle: R² = F₁² + F₂² + 2 × F₁ × F₂ × cos(θ).
Step 3: Substitute the given values into the formula: R² = (7 N)² + (6 N)² + 2 × (7 N) × (6 N) × cos(60°).
Step 4: Calculate the square of the resultant force: R² = 49 + 36 + 2 × 42 × 0.5 = 85 + 42 = 127 N².
Step 5: The magnitude of the net resultant force is approximately 11.2694 N.",11.2694,N
LD133,"Three identical charges, q = +7 × 10^-7 C, are placed at the three vertices of an isosceles right triangle with legs of length a = 12 cm. Calculate the net force acting on the charge at the right-angle vertex.","Step 1: Identify the given values for the charges and the length of the legs of the isosceles right triangle.
Step 2: Convert the length 'a' from centimeters to meters for consistency in units.
Step 3: Recognize that the charge at the right-angle vertex experiences forces from the other two charges, and these forces act along the legs of the triangle.
Step 4: Calculate the magnitude of the force (F) exerted by one of the other charges on the target charge using Coulomb's Law, F = k × q^2 / a^2, where k is Coulomb's constant (8.9875 × 10^9 N m^2/C^2).
Step 5: The magnitude of the net electric force acting on the charge at the right-angle vertex is approximately 0.434 N.",0.434,N
LD134,Three identical charges q = +2 × 10^-7 C are placed at the 3 vertices of an isosceles right triangle with legs of length a = 12 cm. Calculate the net force acting on the charge at the right-angle vertex.,"Step 1: Identify the charges and their positions. Let the charges be q1, q2, and q3. The charges are identical, q = +2 × 10^-7 C. Let the right-angle vertex be C, and the other two vertices be A and B. The charges at A and B exert forces on the charge at C.
Step 2: Convert the given length to SI units. The length of the legs, a = 12 cm = 0.12 m.
Step 3: Calculate the magnitude of the force exerted by the charge at A on the charge at C (F_AC) using Coulomb's Law (F = k × |q1×q2| / r^2), where k is Coulomb's constant (9 × 10^9 N×m^2/C^2).
Step 4: F_AC = (9 × 10^9 N×m^2/C^2) × (2 × 10^-7 C)^2 / (0.12 m)^2 = (9 × 10^9) × (4 × 10^-14) / 0.0144 = 0.025 N.
Step 5: The magnitude of the net electric force acting on the charge at the right-angle vertex is approximately 0.035 N.",0.035,N
LD135,"Two electric forces, each with a magnitude of 5 N, act at an angle of 60° to each other. Calculate their resultant force.","Step 1: Identify the magnitudes of the two forces (F1 and F2) and the angle (θ) between them.
Step 2: Use the formula for the magnitude of the resultant force (R) of two vectors: R = sqrt(F1^2 + F2^2 + 2×F1×F2×cos(θ)).
Step 3: Substitute the given values: F1 = 5 N, F2 = 5 N, and θ = 60°.
Step 4: Calculate the square of each force and their sum: 5^2 + 5^2 = 25 + 25 = 50 N^2.
Step 5: The magnitude of the net resultant force is approximately 8.66 N.",8.66,N
LD136,"Three identical charges, q = +9 × 10^-7 C, are placed at the three vertices of an isosceles right triangle with side length a = 12 cm. Calculate the net force acting on the charge located at the right angle vertex.","Step 1: Identify the given values from the question.
Step 2: Convert the side length 'a' from centimeters to meters.
Step 3: Acknowledge that Coulomb's constant, 'k', is needed for force calculations, but its numerical value is not provided in the question.
Step 4: Identify the two individual electrostatic forces acting on the charge at the right angle vertex due to the other two charges.
Step 5: The magnitude of the net electric force acting on the charge at the right-angle vertex is approximately 0.716 N.",0.716,N
LD137,"Two charges, q1 = -2 × 10^-8 C and q2 = -2 × 10^-8 C, are placed at points A and B, which are 6 cm apart. A test charge q = 10^-6 C is placed at point M, which is located on the perpendicular bisector of AB, 4 cm away from the line segment AB.","Step 1: Identify the given charges and distances.
Step 2: Determine the geometric distances.
Step 3: Calculate the magnitude of the individual forces F1 and F2 using Coulomb's Law (F = k × |q_a × q_b| / r^2, where k = 9 × 10^9 N×m²/C²).
Step 4: Determine the directions of the forces and their components.
Step 5: The magnitude of the net electric force acting on the test charge q is exactly 0.115 N.",0.115,N
LD138,"Two point charges q1 = +3 × 10^-6 C and q2 = -3 × 10^-6 C are placed at two points A and B, separated by 10 cm. A charge q3 = -3 × 10^-6 C is placed at the midpoint of AB. Calculate the electric force acting on q3.","Step 1: Identify the given charges and distances.
Step 2: Determine the distances from q3 to q1 and q2.
Step 3: Calculate the magnitude of the force F13 exerted by q1 on q3 using Coulomb's Law (F = k |q1 q3| / r13^2).
Step 4: Determine the direction of F13.
The magnitude of the net electric force acting on q3 is exactly 64.8 N.",64.8,N
LD139,"Three identical charges, q = -7 × 10^-6 C, are placed at the three vertices of an isosceles right-angled triangle with equal sides of length a = 12 cm. Calculate the net force acting on the charge located at the right-angle vertex.","Step 1: Identify the value of the three identical charges as q = -7 × 10^-6 C.
Step 2: Identify the geometric arrangement as an isosceles right-angled triangle, with equal side lengths (legs) a = 12 cm = 0.12 m.
Step 3: The net force is to be calculated on the charge located at the right-angle vertex. Let's denote this charge as Q_C, and the other two charges at the non-right-angle vertices as Q_A and Q_B.
Step 4: Due to the identical nature (all negative) of the charges, Q_A repels Q_C, and Q_B repels Q_C.
Step 5: The magnitude of the net electric force acting on the charge at the right-angle vertex is approximately 43.31 N.",43.31,N
LD140,"Three electric charges, q1 = q2 = q3 = -5 × 10^-7 C, are placed at the three vertices of an equilateral triangle with side length 15 cm in the air. Calculate the net electric force acting on q3.","Step 1: Identify that charges q1, q2, and q3 are all negative, causing repulsive electric forces on q3 from q1 and q2.
Step 2: Convert the given side length of the equilateral triangle from centimeters to meters: r = 15 cm = 0.15 m.
Step 3: Calculate the magnitude of the force F13 exerted by q1 on q3 using Coulomb's Law, F = k × |q1×q3| / r^2, with k = 9 × 10^9 N⋅m²/C² and |q1| = |q3| = 5 × 10^-7 C. This yields F13 = (9 × 10^9 N⋅m²/C²) × (5 × 10^-7 C)² / (0.15 m)² = 0.1 N.
Step 4: Calculate the magnitude of the force F23 exerted by q2 on q3. Since q2 has the same magnitude as q1 and the distance to q3 is the same, F23 = F13 = 0.1 N.
Step 5: The magnitude of the net electric force acting on q3 is approximately 0.173 N.",0.173,N
LD141,"Two electric forces have magnitudes of 3 N and 9 N, and they are perpendicular to each other. Calculate their resultant force.","Step 1: Identify the magnitudes of the two electric forces as 3 N and 9 N.
Step 2: Recognize that the two forces are perpendicular to each other (at a 90° angle).
Step 3: To find the magnitude of the resultant force for two perpendicular forces, use the Pythagorean theorem.
Step 4: Apply the Pythagorean theorem: Resultant Force = sqrt((Force1)^2 + (Force2)^2).
Step 5: The magnitude of the net electric force is approximately 9.4868 N.",9.4868,N
LD142,"Two electric charges, q1 = +5 × 10^-7 C and q2 = +5 × 10^-7 C and a charge q = 10^-6 C, are placed at two points A and B, 6 cm apart. A test charge q is placed at point M, which lies on the perpendicular bisector of the line segment AB and is 5 cm away from AB. Calculate the magnitude of the net electric force exerted by q1 and q2 on the test charge q.","Step 1: Identify the given values and convert distances to meters.
Step 2: Calculate the distance from points A and B to M.
Step 3: Calculate the magnitude of the force F1 exerted by q1 on q.
Step 4: Calculate the magnitude of the force F2 exerted by q2 on q.
Step 5: The magnitude of the net electric force acting on the test charge q is approximately 2.27 N.",2.270,N
LD143,Two electric forces have magnitudes of 7 N and 8 N and act at an angle of 120° to each other. Calculate the resultant force of these two electric forces.,"Step 1: Identify the magnitudes of the two forces as F1 = 7 N and F2 = 8 N.
Step 2: Identify the angle between the two forces as θ = 120°.
Step 3: Use the formula for the resultant force R, which is R² = F1² + F2² + 2 × F1 × F2 × cos(θ).
Step 4: Substitute the given values into the formula: R² = (7 N)² + (8 N)² + 2 × (7 N) × (8 N) × cos(120°).
Step 5: The magnitude of the net resultant force is approximately 7.5498 N.",7.5498,N
LD144,"Two charges, q1 = +9 × 10^-8 C and q2 = -9 × 10^-8 C, are placed at points A and B, separated by 6 cm. A third charge, q3 = -9 × 10^-8 C, is placed at the midpoint of AB. Calculate the net electric force acting on q3.","Step 1: The charges are q1 = +9 × 10^-8 C at point A, q2 = -9 × 10^-8 C at point B, and q3 = -9 × 10^-8 C at the midpoint of AB.
Step 2: The distance between A and B is 6 cm. Since q3 is at the midpoint, r13 = r23 = 6 cm / 2 = 3 cm = 0.03 m.
Step 3: The force F13 (from q1 on q3) is F13 = k × |q1 × q3| / r13^2 = (9 × 10^9 N×m^2/C^2) × |(+9 × 10^-8 C) × (-9 × 10^-8 C)| / (0.03 m)^2.
Step 4: F13 = (9 × 10^9) × (81 × 10^-16) / (9 × 10^-4) = 81 × 10^-3 N = 0.081 N. Since q1 is positive and q3 is negative, F13 is attractive, directed from q3 towards A.
Step 5: The magnitude of the net electric force acting on q3 is exactly 0.162 N.",0.162,N
LD145,"Two electric charges q1 = +5 × 10^-8 C and q2 = -5 × 10^-8 C are placed at two points A and B, separated by 8 cm. A charge q3 = -5 × 10^-8 C is placed at the midpoint of AB. Calculate the electric force acting on q3.","Step 1: Identify the given charges: q1 = +5 × 10^-8 C (at A), q2 = -5 × 10^-8 C (at B), and q3 = -5 × 10^-8 C (at the midpoint of AB).
Step 2: The total distance AB is 8 cm. Since q3 is at the midpoint, the distance from q3 to q1 (r13) and from q3 to q2 (r23) is 8 cm / 2 = 4 cm = 0.04 m.
Step 3: Use Coulomb's constant, k = 9 × 10^9 N×m²/C².
Step 4: Calculate the force F13 exerted by q1 on q3. Since q1 is positive and q3 is negative, the force is attractive, directed from q3 towards q1 (point A). F13 = k × |q1 × q3| / (r13)² = (9 × 10^9) × |(5 × 10^-8) × (-5 × 10^-8)| / (0.04)² = 0.0140625 N.
Step 5: The magnitude of the net electric force acting on q3 is approximately 2.81 × 10^-2 N.",2.81*10^-2,N
LD146,"Three electric charges, q1 = q2 = q3 = +5 × 10^-6 C, are placed at the three vertices of an equilateral triangle of side length 10 cm in the air. Calculate the resultant electric force acting on q3.","Step 1: Identify the given magnitudes of the electric charges and the side length of the equilateral triangle.
Step 2: Convert the side length from centimeters to meters for consistency in units: r = 10 cm = 0.10 m.
Step 3: State Coulomb's Law, which describes the magnitude of the electric force between two point charges: F = k × |q1 × q2| / r^2, where k is Coulomb's constant.
Step 4: Calculate the magnitude of the repulsive force between any two charges, for example, the force on q3 due to q1 (F13). Since q1 = q2 = q3 = +5 × 10^-6 C and the distance between any two charges is the side length r.
Step 5: The magnitude of the net electric force acting on q3 is approximately 3.89 × 10^-3 N.",3.89*10^-3,N
LD147,"Three identical charges, q = +1 × 10^-8 C, are placed at the three vertices of an isosceles right triangle with legs of length a = 10 cm. Calculate the net force acting on the charge located at the right angle vertex.","Step 1: Identify the given values and convert units.
Step 2: Determine the forces acting on the charge at the right angle vertex.
Step 3: Calculate the magnitude of the force exerted by one charge on the other.
Step 4: Determine the directions of the two forces.
Step 5: The magnitude of the net electric force acting on the charge at the right-angle vertex is approximately 1.27 × 10^-4 N.",1.27*10^-4,N
LD148,"Two electric forces have magnitudes of 7 N and 5 N, and act at an angle of 60° to each other. Calculate the resultant force of these two electric forces.","Step 1: Identify the magnitudes of the two forces as F1 = 7 N and F2 = 5 N, and the angle between them as θ = 60°.
Step 2: Use the formula for the magnitude of the resultant force (R) of two forces: R = √(F1² + F2² + 2F1F2cosθ).
Step 3: Substitute the given values into the formula: R = √((7 N)² + (5 N)² + 2(7 N)(5 N)cos(60°)).
Step 4: Calculate the squares of the force magnitudes and the cosine of the angle: R = √(49 N² + 25 N² + 2(35 N²)(0.5)).
Step 5: The magnitude of the net resultant force is approximately 10.44 N.",10.44,N
LD149,Three identical charges q = +1 × 10^-8 C are placed at the three vertices of an isosceles right triangle with leg length a = 10 cm. Calculate the net force acting on the charge at the right-angle vertex.,"Step 1: Identify the given values: charge q = +1 × 10^-8 C, leg length a = 10 cm. The Coulomb constant is k = 9 × 10^9 N m^2/C^2.
Step 2: Convert the leg length 'a' from centimeters to meters: a = 10 cm = 0.1 m.
Step 3: The charge at the right-angle vertex experiences two forces, one from each of the other two charges. Both of these charges are at a distance 'a' from the right-angle vertex.
Step 4: Calculate the magnitude of the force (F) exerted by each of these two charges using Coulomb's Law, F = k × |q1 × q2| / r^2. Since all charges are identical and distances are equal, F = (9 × 10^9 N m^2/C^2) × (1 × 10^-8 C)^2 / (0.1 m)^2 = 9 × 10^-5 N.
Step 5: The magnitude of the net electric force acting on the charge at the right-angle vertex is approximately 1.27 × 10^-4 N.",1.27*10^-4,N
LD150,"Two electric charges q1 = -4 × 10^-6 C and q2 = -4 × 10^-6 C are placed at points A and B, 6 cm apart. A test charge q = 2 × 10^-6 C is placed at point M, which lies on the perpendicular bisector of AB, 5 cm from the line AB. Calculate the magnitude of the resultant electric force exerted by q1 and q2 on q.","Step 1: Identify the given electric charges and the Coulomb's constant.
Step 2: Convert all distances to meters and determine the distances from points A and B to point M.
Step 3: Calculate the magnitude of the electric force F1 exerted by q1 on q using Coulomb's Law, F = k × |q1 × q| / r^2.
Step 4: The magnitude of the net electric force acting on the test charge q is approximately 36.32 N.",36.32,N
LD151,"Three identical charges, q = -2 × 10^-8 C, are placed at the three vertices of an isosceles right triangle with legs of length a = 10 cm. Calculate the net force acting on the charge at the right-angle vertex.","Step 1: Identify the given values: charge magnitude |q| = 2 × 10^-8 C (since q = -2 × 10^-8 C), leg length a = 10 cm = 0.10 m. Coulomb's constant k ≈ 9 × 10^9 N m^2/C^2 is a known physical constant.
Step 2: The charge at the right-angle vertex experiences two forces, one from each of the other two identical charges. Since all charges are negative, these forces are repulsive.
Step 3: Calculate the magnitude of each individual force (F_0) using Coulomb's Law, F = k × |q|^2 / a^2. F_0 = (9 × 10^9 N m^2/C^2) × (2 × 10^-8 C)^2 / (0.10 m)^2 = 3.595 × 10^-4 N.
Step 4: These two forces are directed along the legs of the triangle, away from the right-angle vertex. Therefore, they are perpendicular to each other.
Step 5: The magnitude of the net electric force acting on the charge at the right-angle vertex is approximately 5.09 × 10^-4 N.",5.09*10^-4,N
LD152,"Two electric charges q1 = -5 × 10^-7 C and q2 = -5 × 10^-7 C are placed at two points A and B, 10 cm apart. A test charge q = -3 × 10^-6 C is placed at point M, which lies on the perpendicular bisector of AB and is 5 cm away from the line segment AB. Calculate the magnitude of the net electric force exerted by q1 and q2 on q.","Step 1: Identify the given charges and distances.
Step 2: Calculate the distances from q1 to q (AM) and from q2 to q (BM).
Step 3: Calculate the magnitudes of the forces F1 (on q due to q1) and F2 (on q due to q2) using Coulomb's Law (F = k × |q1×q2| / r^2), where k = 9 × 10^9 N m^2/C^2.
Step 4: Determine the directions of F1 and F2.
Step 5: The magnitude of the net electric force acting on the test charge q is approximately 3.82 N.",3.82,N
LD153,Two electric forces with magnitudes 3 N and 9 N act at an angle of 120° to each other. Calculate their resultant force.,"Step 1: Identify the magnitudes of the two electric forces, F1 and F2, as 3 N and 9 N, respectively.
Step 2: Identify the angle, θ, between the two forces as 120°.
Step 3: Use the formula for the magnitude of the resultant force (R) of two forces: R^2 = F1^2 + F2^2 + 2 × F1 × F2 × cos(θ).
Step 4: Substitute the given values into the formula: R^2 = (3 N)^2 + (9 N)^2 + 2 × (3 N) × (9 N) × cos(120°).
Step 5: The magnitude of the net resultant force is approximately 7.9373 N.",7.9373,N
LD154,"Two charges q1 = +7 × 10^-8 C and q2 = -7 × 10^-8 C are placed at two points A and B, 6 cm apart. A charge q3 = -7 × 10^-8 C is placed at the midpoint of AB. Calculate the electric force acting on q3.","Step 1: Identify the given charges and distances.
Step 2: Determine the distances from q1 and q2 to q3.
Step 3: State Coulomb's Law and the constant k.
Step 4: Calculate the force (F13) exerted by q1 on q3.
Step 5: The magnitude of the net electric force acting on q3 is exactly 0.098 N.",0.098,N
LD155,"Two electric charges q1 = +3 × 10^-7 C and q2 = -3 × 10^-7 C are placed at two points A and B, separated by 10 cm. A charge q3 = -3 × 10^-7 C is placed at the midpoint of AB. Calculate the electric force acting on q3.","Step 1: Identify the given charges and distances. q1 = +3 × 10^-7 C, q2 = -3 × 10^-7 C, and q3 = -3 × 10^-7 C. The distance between q1 and q2 is 10 cm.
Step 2: Determine the positions of the charges. q1 is at point A, q2 is at point B, and q3 is at the midpoint of AB.
Step 3: Calculate the distance from q1 to q3 (r13) and from q2 to q3 (r23). Since q3 is at the midpoint, r13 = r23 = 10 cm / 2 = 5 cm = 0.05 m.
Step 4: Calculate the electric force F13 exerted by q1 on q3 using Coulomb's Law (F = k × |q1×q3| / r^2), where k = 9 × 10^9 N m^2/C^2. F13 = (9 × 10^9) × |(3 × 10^-7) × (-3 × 10^-7)| / (0.05)^2 = 0.324 N.
Step 5: The magnitude of the net electric force acting on q3 is exactly 0.648 N.",0.648,N
LD156,"Two electric forces have magnitudes of 8 N and 10 N, and are perpendicular to each other. Calculate the resultant force of these two electric forces.","Step 1: Identify the magnitudes of the two electric forces as F1 = 8 N and F2 = 10 N.
Step 2: Note that the two forces are perpendicular to each other.
Step 3: To find the resultant force (F_R) of two perpendicular forces, use the Pythagorean theorem: F_R = sqrt(F1^2 + F_2^2).
Step 4: Substitute the given magnitudes into the formula: F_R = sqrt((8 N)^2 + (10 N)^2).
Step 5: The magnitude of the net resultant force is approximately 12.8062 N.",12.8062,N
LD157,"Three electric charges, q1 = q2 = q3 = -9 × 10^-8 C, are placed at the three vertices of an equilateral triangle with a side length of 10 cm in air. Calculate the net electric force exerted on q3.","Step 1: Identify the given values for the charges and the side length of the equilateral triangle.
Step 2: All charges are equal (q1 = q2 = q3 = q = -9 × 10^-8 C) and the side length is r = 10 cm = 0.1 m.
Step 3: Calculate the magnitude of the force exerted by one charge on another (e.g., q1 on q3, F13) using Coulomb's Law, F = k × |q1 × q3| / r^2, where k is Coulomb's constant (9 × 10^9 N⋅m²/C² for air).
Step 4: F_magnitude = (9 × 10^9 N⋅m²/C²) × (9 × 10^-8 C)^2 / (0.1 m)^2 = 7.29 × 10^-3 N. Due to symmetry, the magnitude of the force exerted by q2 on q3 (F23) is also F_magnitude = 7.29 × 10^-3 N.
Step 5: The magnitude of the net electric force acting on q3 is approximately 12.6 × 10^-3 N.",12.6*10^-3,N
LD158,"Three electric charges, q1 = q2 = q3 = +4 × 10^-6 C, are placed at the three vertices of an equilateral triangle with side length 10 cm in the air. Calculate the resultant electric force acting on q3.","Step 1: Identify the given values and convert units.
Step 2: Calculate the magnitude of the electric force exerted by q1 on q3 (F13) using Coulomb's Law, F = k × |q1 × q3| / r^2.
Step 3: Calculate the magnitude of the electric force exerted by q2 on q3 (F23).
Step 4: Determine the direction of the forces.
Step 5: The magnitude of the net electric force acting on q3 is approximately 24.94 N.",24.94,N
LD159,"Three charges, q1 = q2 = q3 = +3 × 10^-7 C, are placed at the three vertices of an equilateral triangle with a side length of 15 cm in the air. Calculate the net electric force acting on q3.","Step 1: Identify the given charge magnitudes and side length: q1 = q2 = q3 = 3 × 10^-7 C, side length r = 0.15 m.
Step 2: Recall Coulomb's constant for air: k = 9 × 10^9 N×m²/C².
Step 3: Calculate the magnitude of the force between any two charges using Coulomb's Law, F = k × |q1×q2| / r².
Step 4: F_magnitude = (9 × 10^9 N×m²/C²) × (3 × 10^-7 C)² / (0.15 m)² = 0.036 N.
Step 5: The magnitude of the net electric force acting on q3 is approximately 62.35 × 10^-3 N.",62.35*10^-3,N
LD160,"Two electric forces have magnitudes of 4 N and 9 N, acting at an angle of 120° to each other. Calculate the resultant force of these two electric forces.","Step 1: Identify the magnitudes of the two electric forces. F1 = 4 N and F2 = 9 N.
Step 2: Identify the angle between the two forces, θ = 120°.
Step 3: Use the formula for the resultant force (R) of two forces: R = sqrt(F1^2 + F2^2 + 2 × F1 × F2 × cos(θ)).
Step 4: Substitute the given values into the formula: R = sqrt((4 N)^2 + (9 N)^2 + 2 × (4 N) × (9 N) × cos(120°)).
Step 5: The magnitude of the net resultant force is approximately 7.8102 N.",7.8102,N
LD161,"Two electric forces have magnitudes of 2 N and 12 N, and they act at an angle of 120° to each other. Calculate the resultant force of these two electric forces.","Step 1: Identify the magnitudes of the two electric forces as F1 = 2 N and F2 = 12 N.
Step 2: Identify the angle between the two forces as θ = 120°.
Step 3: The magnitude of the resultant force R can be found using the law of cosines: R = sqrt(F1^2 + F2^2 + 2 × F1 × F2 × cos(θ)).
Step 4: Substitute the given values into the formula: R = sqrt((2 N)^2 + (12 N)^2 + 2 × (2 N) × (12 N) × cos(120°)).
Step 5: The magnitude of the net resultant force is approximately 11.1355 N.",11.1355,N
LD162,"Two electric forces, each with a magnitude of 5 N, act at an angle of 135° to each other. Calculate the resultant force of these two electric forces.","Step 1: Identify the magnitudes of the two electric forces, F1 and F2, which are both 5 N.
Step 2: Identify the angle (θ) between the two forces, which is 135°.
Step 3: Use the formula for the resultant force (FR) of two forces: FR = sqrt(F1^2 + F2^2 + 2×F1×F2×cos(θ)).
Step 4: Substitute the given values into the formula: FR = sqrt(5^2 + 5^2 + 2×5×5×cos(135°)).
Step 5: The magnitude of the net resultant force is approximately 3.8268 N.",3.8268,N
LD163,"Two electric forces have magnitudes of 12 N and 4 N, acting at an angle of 30° to each other. Calculate the resultant force of these two electric forces.","Step 1: Identify the magnitudes of the two forces, F1 = 12 N and F2 = 4 N, and the angle between them, θ = 30°.
Step 2: Use the formula for the magnitude of the resultant force (R) of two vectors: R = √(F1² + F2² + 2 × F1 × F2 × cos θ).
Step 3: Substitute the given values into the formula: R = √(12² + 4² + 2 × 12 × 4 × cos 30°).
Step 4: Calculate the terms: R = √(144 + 16 + 96 × (√3 / 2)).
Step 5: The magnitude of the resultant force of these two electric forces is approximately 15.593 N.",15.593,N
LD164,"Two electric forces have magnitudes of 7 N and 9 N, and they are perpendicular to each other. Calculate the resultant force of these two electric forces.","Step 1: Identify the magnitudes of the two electric forces as F1 = 7 N and F2 = 9 N.
Step 2: Note that the two forces are perpendicular to each other, meaning they act at a 90° angle.
Step 3: For two perpendicular forces, the magnitude of the resultant force (R) is found using the Pythagorean theorem: R = sqrt(F1^2 + F2^2).
Step 4: Substitute the given force magnitudes into the formula: R = sqrt((7 N)^2 + (9 N)^2).
Step 5: The magnitude of the resultant force of these two electric forces is approximately 11.4018 N.",11.4018,N
LD165,"Two electric forces have magnitudes of 11 N and 5 N, and act at an angle of 135° to each other. Calculate the resultant force of these two electric forces.","Step 1: The magnitudes of the two electric forces are F1 = 11 N and F2 = 5 N.
Step 2: The angle between these two forces is θ = 135°.
Step 3: The magnitude of the resultant force (R) of two forces can be calculated using the law of cosines: R = √(F1² + F2² + 2F1F2 cos(θ)).
Step 4: Substitute the given values into the formula: R = √((11 N)² + (5 N)² + 2 × (11 N) × (5 N) × cos(135°)).
Step 5: The magnitude of the resultant force of these two electric forces is approximately 8.2594 N.",8.2594,N
LD166,"Two electric forces have magnitudes of 9 N and 12 N, and act at an angle of 135° to each other. Calculate the resultant force of these two electric forces.","Step 1: Identify the magnitudes of the two electric forces as F1 = 9 N and F2 = 12 N.
Step 2: Identify the angle between the two forces as θ = 135°.
Step 3: Use the Law of Cosines for vector addition to find the magnitude of the resultant force (R): R^2 = F1^2 + F2^2 + 2 × F1 × F2 × cos(θ).
Step 4: Substitute the known values into the formula: R^2 = (9 N)^2 + (12 N)^2 + 2 × (9 N) × (12 N) × cos(135°).
Step 5: The magnitude of the resultant force of these two electric forces is approximately 8.5009 N.",8.5009,N
LD167,Two electric forces have magnitudes of 5 N and 10 N and act at an angle of 60° to each other. Calculate the resultant force of these two electric forces.,"Step 1: Identify the magnitudes of the two electric forces, F1 = 5 N and F2 = 10 N.
Step 2: Identify the angle between the two forces, θ = 60°.
Step 3: Use the formula for the resultant force (R) of two forces: R = √(F1² + F2² + 2 × F1 × F2 × cos(θ)).
Step 4: Substitute the given values into the formula: R = √((5 N)² + (10 N)² + 2 × (5 N) × (10 N) × cos(60°)).
Step 5: The magnitude of the resultant force of these two electric forces is approximately 13.229 N.",13.229,N
LD168,"Two electric forces have magnitudes of 7 N and 11 N, and act at an angle of 135° to each other. Calculate the resultant force of these two electric forces.","Step 1: The magnitudes of the two forces are F1 = 7 N and F2 = 11 N, and the angle between them is θ = 135°.
Step 2: The magnitude of the resultant force (R) can be found using the Law of Cosines: R² = F1² + F2² + 2 × F1 × F2 × cos(θ).
Step 3: Substitute the given values into the formula: R² = (7 N)² + (11 N)² + 2 × (7 N) × (11 N) × cos(135°).
Step 4: Calculate the square of the resultant force: R² = 49 + 121 + 154 × (-√2 / 2) = 170 - 77√2.
Step 5: The magnitude of the resultant force of these two electric forces is approximately 7.817 N.",7.817,N
LD169,Two electric forces with magnitudes of 10 N and 9 N act at an angle of 30° to each other. Calculate the resultant force of these two electric forces.,"Step 1: Identify the given magnitudes of the two electric forces (F1 and F2) and the angle (θ) between them.
Step 2: Use the law of cosines for vector addition to calculate the magnitude of the resultant force (R). The formula is R² = F1² + F2² + 2 × F1 × F2 × cos(θ).
Step 3: Substitute F1 = 10 N, F2 = 9 N, and θ = 30° into the formula: R² = (10 N)² + (9 N)² + 2 × (10 N) × (9 N) × cos(30°).
Step 4: Calculate the squared terms and the cosine term: R² = 100 N² + 81 N² + 180 N² × (0.8660).
Step 5: The magnitude of the resultant force of these two electric forces is approximately 18.354 N.",18.354,N
LD170,Two electric forces with magnitudes of 10 N and 7 N act at an angle of 120° to each other. Calculate their resultant force.,"Step 1: Identify the magnitudes of the two electric forces and the angle between them from the question.
Step 2: Force 1 (F₁) = 10 N, Force 2 (F₂) = 7 N, Angle (θ) = 120°.
Step 3: Use the law of cosines for vectors to calculate the resultant force (R): R² = F₁² + F₂² + 2F₁F₂cos(θ).
Step 4: Substitute the given values: R² = (10 N)² + (7 N)² + 2 × (10 N) × (7 N) × cos(120°).
Step 5: The magnitude of the resultant force of these two electric forces is approximately 8.8882 N.",8.8882,N
LD171,"Two electric forces have magnitudes of 8 N and 10 N, acting at an angle of 60° to each other. Calculate the resultant force of these two electric forces.","Step 1: Identify the magnitudes of the two electric forces as F1 = 8 N and F2 = 10 N.
Step 2: Identify the angle between the two forces as θ = 60°.
Step 3: Use the formula for the magnitude of the resultant force R: R = sqrt(F1^2 + F2^2 + 2 × F1 × F2 × cos(θ)).
Step 4: Substitute the given values into the formula: R = sqrt(8^2 + 10^2 + 2 × 8 × 10 × cos(60°)).
Step 5: The magnitude of the resultant force of these two electric forces is approximately 15.620 N.",15.620,N
LD172,"Two electric forces have magnitudes of 3 N and 5 N, and act at an angle of 120° to each other. Calculate the resultant force of these two electric forces.","Step 1: Identify the magnitudes of the two electric forces as F1 = 3 N and F2 = 5 N, and the angle between them as θ = 120°.
Step 2: Use the formula for the magnitude of the resultant force (R) of two vectors, which is R = sqrt(F1^2 + F2^2 + 2 × F1 × F2 × cos(θ)).
Step 3: Substitute the given values into the formula: R = sqrt((3 N)^2 + (5 N)^2 + 2 × (3 N) × (5 N) × cos(120°)).
Step 4: Calculate the value of cos(120°), which is -0.5.
Step 5: The magnitude of the resultant force of these two electric forces is approximately 4.3589 N.",4.3589,N
LD173,Two electric forces with magnitudes of 6 N and 5 N are acting at an angle of 30° to each other. Calculate their resultant force.,"Step 1: Identify the magnitudes of the two electric forces and the angle between them from the question.
Step 2: The magnitudes are F1 = 6 N and F2 = 5 N, and the angle θ = 30°.
Step 3: To find the magnitude of the resultant force (R) of two forces acting at an angle, use the law of cosines formula: R = sqrt(F1^2 + F2^2 + 2F1 × F2 × cos(θ).
Step 4: Substitute the given values into the formula: R = sqrt((6 N)^2 + (5 N)^2 + 2(6 N)(5 N) × cos(30°)).
Step 5: The magnitude of the resultant force of these two electric forces is approximately 10.6283 N.",10.6283,N
LD174,"Two electric forces have magnitudes of 8 N and 4 N, acting at an angle of 120° to each other. Calculate the resultant force of these two electric forces.","Step 1: Identify the magnitudes of the two electric forces as F1 = 8 N and F2 = 4 N.
Step 2: Identify the angle between the two forces as θ = 120°.
Step 3: Use the formula for the magnitude of the resultant force R: R = sqrt(F1^2 + F2^2 + 2 × F1 × F2 × cos(θ)).
Step 4: Substitute the given values into the formula: R = sqrt(8^2 + 4^2 + 2 × 8 × 4 × cos(120°)).
Step 5: The magnitude of the resultant force of these two electric forces is approximately 6.9282 N.",6.9282,N
LD175,"Two electric forces have magnitudes of 8 N and 5 N, and act at an angle of 120° to each other. Calculate the resultant force of these two electric forces.","Step 1: Identify the magnitudes of the two electric forces, F1 and F2, and the angle θ between them.
Step 2: F1 = 8 N, F2 = 5 N, and θ = 120°.
Step 3: Use the formula for the magnitude of the resultant force (R) of two forces: R = sqrt(F1^2 + F2^2 + 2 × F1 × F2 × cos(θ)).
Step 4: Substitute the given values into the formula: R = sqrt(8^2 + 5^2 + 2 × 8 × 5 × cos(120°)).
Step 5: The magnitude of the resultant force of these two electric forces is exactly 7 N.",7,N
LD176,Two electric forces have magnitudes of 2 N and 8 N. They act at an angle of 30° to each other. Calculate the resultant force of these two electric forces.,"Step 1: Identify the magnitudes of the two electric forces as F1 = 2 N and F2 = 8 N.
Step 2: Identify the angle between the two forces as θ = 30°.
Step 3: Use the formula for the resultant force (F_R) of two forces: F_R = sqrt(F1^2 + F2^2 + 2 × F1 × F2 × cos(θ)).
Step 4: Substitute the given values into the formula: F_R = sqrt(2^2 + 8^2 + 2 × 2 × 8 × cos(30°)).
Step 5: The magnitude of the resultant force of these two electric forces is approximately 9.7833 N.",9.7833,N
LD177,"Two electric forces have magnitudes of 7 N and 12 N, and they act at a 90° angle to each other. Calculate their resultant force.","Step 1: Identify the magnitudes of the two electric forces as F1 = 7 N and F2 = 12 N.
Step 2: Note that the angle between the two forces is 90°, meaning they are perpendicular.
Step 3: For two perpendicular forces, the magnitude of the resultant force (FR) can be calculated using the Pythagorean theorem: FR = sqrt(F1^2 + F2^2).
Step 4: Substitute the given magnitudes into the formula: FR = sqrt((7 N)^2 + (12 N)^2).
Step 5: The magnitude of the resultant force of these two electric forces is approximately 13.892 N.",13.892,N
LD178,"Two electric forces have magnitudes of 8 N and 3 N, and they act at a 90° angle to each other. Calculate the resultant force of these two electric forces.","Step 1: Identify the magnitudes of the two electric forces and the angle between them.
Step 2: The first force has a magnitude of 8 N and the second force has a magnitude of 3 N.
Step 3: The forces act at a 90° angle to each other, meaning they are perpendicular.
Step 4: For two perpendicular forces, the magnitude of the resultant force (R) can be calculated using the Pythagorean theorem: R = sqrt(F1^2 + F2^2).
Step 5: The magnitude of the resultant force of these two electric forces is approximately 8.544 N.",8.544,N
LD179,"Two electric forces have magnitudes of 7 N and 2 N, acting at a 90° angle to each other. Calculate the resultant force of these two electric forces.","Step 1: Identify the magnitudes of the two electric forces as 7 N and 2 N.
Step 2: Note that the angle between these two forces is 90 degrees (perpendicular).
Step 3: To find the resultant force (R) of two perpendicular forces, use the Pythagorean theorem: R = sqrt(F1^2 + F2^2).
Step 4: Substitute the values: R = sqrt((7 N)^2 + (2 N)^2).
Step 5: The magnitude of the resultant force of these two electric forces is approximately 7.2801 N.",7.2801,N
LD180,"Two electric forces have magnitudes of 5 N and 7 N, and they act at an angle of 90° to each other. Calculate their resultant force.","Step 1: Identify the magnitudes of the two electric forces as F1 = 5 N and F2 = 7 N.
Step 2: Note that the forces act at an angle of 90° to each other, meaning they are perpendicular.
Step 3: For two perpendicular forces, the magnitude of the resultant force (R) is calculated using the Pythagorean theorem: R = sqrt(F1^2 + F2^2).
Step 4: Substitute the given force magnitudes into the formula: R = sqrt((5 N)^2 + (7 N)^2). 
Step 5: The magnitude of the resultant force of these two electric forces is approximately 8.6023 N.",8.6023,N
LD181,"Two electric forces, with magnitudes 3 N and 11 N, act at an angle of 60° to each other. Calculate their resultant force.","Step 1: Identify the magnitudes of the two forces as F1 = 3 N and F2 = 11 N.
Step 2: Identify the angle between the two forces as θ = 60°.
Step 3: Recall the formula for the magnitude of the resultant force R of two forces F1 and F2 acting at an angle θ: R = sqrt(F1^2 + F2^2 + 2 × F1 × F2 × cos(θ)).
Step 4: Substitute the given values into the formula: R = sqrt((3 N)^2 + (11 N)^2 + 2 × (3 N) × (11 N) × cos(60°)).
Step 5: The magnitude of the resultant force of these two electric forces is approximately 12.7671 N.",12.7671,N
LD182,"Two electric forces have magnitudes of 6 N and 5 N, and they act at a 90° angle to each other. Calculate the resultant force of these two electric forces.","Step 1: Identify the magnitudes of the two electric forces and the angle between them.
Step 2: Force 1 (F1) has a magnitude of 6 N, and Force 2 (F2) has a magnitude of 5 N.
Step 3: The angle between the two forces is 90°, meaning they are perpendicular.
Step 4: For two perpendicular forces, the magnitude of the resultant force (FR) can be calculated using the Pythagorean theorem: FR = sqrt(F1^2 + F2^2).
Step 5: The magnitude of the resultant force of these two electric forces is approximately 7.8102 N.",7.8102,N
LD183,Two electric forces with magnitudes of 6 N and 5 N act at an angle of 120° to each other. Calculate their resultant force.,"Step 1: Identify the magnitudes of the two forces, F1 = 6 N and F2 = 5 N.
Step 2: Identify the angle between the two forces, θ = 120°.
Step 3: Use the formula for the resultant force (R) of two forces, R^2 = F1^2 + F2^2 + 2 × F1 × F2 × cos(θ).
Step 4: Substitute the given values into the formula: R^2 = (6 N)^2 + (5 N)^2 + 2 × (6 N) × (5 N) × cos(120°).
Step 5: The magnitude of the resultant force of these two electric forces is approximately 5.5678 N.",5.5678,N
LD184,"Two electric forces have magnitudes of 3 N and 8 N, and act at an angle of 30° to each other. Calculate the resultant force of these two forces.","Step 1: Identify the magnitudes of the two forces, F₁ and F₂, and the angle θ between them.
Step 2: The given magnitudes are F₁ = 3 N and F₂ = 8 N. The angle between them is θ = 30°.
Step 3: The formula for the magnitude of the resultant force (R) of two forces is R = √(F₁² + F₂² + 2F₁F₂cosθ).
Step 4: Substitute the given values into the formula: R = √(3² + 8² + 2 × 3 × 8 × cos(30°)).
Step 5: The magnitude of the resultant force of these two electric forces is approximately 10.7037 N.",10.7037,N
LD185,"Two electric forces have magnitudes of 11 N and 9 N, and they act at an angle of 135° to each other. Calculate the resultant force of these two electric forces.","Step 1: Identify the magnitudes of the two forces, F₁ = 11 N and F₂ = 9 N.
Step 2: Identify the angle between the two forces, θ = 135°.
Step 3: Use the law of cosines to find the magnitude of the resultant force (R): R = √(F₁² + F₂² + 2F₁F₂cosθ).
Step 4: Substitute the given values into the formula: R = √(11² + 9² + 2 × 11 × 9 × cos(135°)).
Step 5: The magnitude of the resultant force of these two electric forces is approximately 7.8736 N.",7.8736,N
LD186,"Two electric forces have magnitudes of 11 N and 7 N, and are acting at an angle of 60° to each other. Calculate the resultant force of these two electric forces.","Step 1: Identify the magnitudes of the two electric forces as F1 = 11 N and F2 = 7 N.
Step 2: Identify the angle between the two forces as θ = 60°.
Step 3: State the formula for the resultant force (FR) of two forces: FR = sqrt(F1^2 + F2^2 + 2 × F1 × F2 × cos(θ)).
Step 4: Substitute the given values into the formula: FR = sqrt(11^2 + 7^2 + 2 × 11 × 7 × cos(60°)).
Step 5: The magnitude of the resultant force of these two electric forces is approximately 15.716 N.",15.716,N
LD187,"Two electric forces have magnitudes of 5 N and 4 N, and they act at an angle of 30° to each other. Calculate the resultant force of these two forces.","Step 1: Identify the magnitudes of the two forces as F1 = 5 N and F2 = 4 N.
Step 2: Identify the angle between the two forces as θ = 30°.
Step 3: Use the formula for the resultant force (FR) of two forces: FR = sqrt(F1^2 + F2^2 + 2 × F1 × F2 × cos(θ)).
Step 4: Substitute the given values into the formula: FR = sqrt(5^2 + 4^2 + 2 × 5 × 4 × cos(30°)).
Step 5: The magnitude of the resultant force of these two electric forces is approximately 8.6972 N.",8.6972,N
LD188,"Two electric forces have magnitudes of 6 N and 9 N, acting at an angle of 45° to each other. Calculate the resultant force of these two electric forces.","Step 1: Identify the magnitudes of the two electric forces. Force 1 (F1) = 6 N and Force 2 (F2) = 9 N.
Step 2: Identify the angle (θ) between the two forces, which is 45°.
Step 3: Use the formula for the resultant (R) of two forces: R = sqrt(F1^2 + F2^2 + 2 × F1 × F2 × cos(θ)).
Step 4: Substitute the given values into the formula: R = sqrt(6^2 + 9^2 + 2 × 6 × 9 × cos(45°)).
Step 5: The magnitude of the resultant force of these two electric forces is approximately 13.906 N.",13.906,N
LD189,"Two electric forces have magnitudes of 11 N and 4 N, and act at an angle of 30° to each other. Calculate their resultant force.","Step 1: Identify the magnitudes of the two electric forces as F1 = 11 N and F2 = 4 N.
Step 2: Identify the angle between the two forces as θ = 30°.
Step 3: Recall the formula for the magnitude of the resultant force (R) of two forces: R = sqrt(F1² + F2² + 2 × F1 × F2 × cos(θ)).
Step 4: Substitute the given values into the formula: R = sqrt(11² + 4² + 2 × 11 × 4 × cos(30°)).
Step 5: The magnitude of the resultant force of these two electric forces is approximately 14.602 N.",14.602,N
LD190,"Two electric forces have magnitudes of 5 N and 9 N, and they act at an angle of 135° to each other. Calculate the resultant force of these two electric forces.","Step 1: Identify the magnitudes of the two forces as F1 = 5 N and F2 = 9 N.
Step 2: Identify the angle between the two forces as θ = 135°.
Step 3: Use the formula for the magnitude of the resultant force R: R² = F1² + F2² + 2 × F1 × F2 × cos(θ).
Step 4: Substitute the given values into the formula: R² = (5 N)² + (9 N)² + 2 × (5 N) × (9 N) × cos(135°).
Step 5: The magnitude of the resultant force of these two electric forces is approximately 6.5085 N.",6.5085,N
LD191,"Two electric forces have magnitudes of 11 N and 5 N, and act at an angle of 30° to each other. Calculate the resultant force of these two electric forces.","Step 1: Identify the magnitudes of the two electric forces as F1 = 11 N and F2 = 5 N.
Step 2: Identify the angle between the two forces as θ = 30°.
Step 3: The formula for the magnitude of the resultant force (R) of two forces F1 and F2 acting at an angle θ is R = sqrt(F1^2 + F2^2 + 2×F1×F2×cos(θ)).
Step 4: Substitute the given values into the formula: R = sqrt(11^2 + 5^2 + 2 × 11 × 5 × cos(30°)).
Step 5: The magnitude of the resultant force of these two electric forces is approximately 15.533 N.",15.533,N
LD192,Two electric forces with magnitudes of 11 N and 5 N are acting at an angle of 135° to each other. Calculate the resultant force of these two electric forces.,"Step 1: Identify the magnitudes of the two forces as F₁ = 11 N and F₂ = 5 N, and the angle between them as θ = 135°.
Step 2: Use the Law of Cosines for vector addition to find the magnitude of the resultant force (R): R = √(F₁² + F₂² + 2F₁F₂ cos θ).
Step 3: Substitute the given values into the formula: R = √(11² + 5² + 2 × 11 × 5 × cos 135°).
Step 4: Calculate the numerical value: R = √(121 + 25 + 110 × (-0.7071)).
Step 5: The magnitude of the resultant force of these two electric forces is approximately 8.2594 N.",8.2594,N
LD193,"Two electric forces, each with a magnitude of 8 N, act at an angle of 120° to each other. Calculate the resultant force of these two electric forces.","Step 1: Identify the magnitudes of the two electric forces, F1 and F2. Both forces have a magnitude of 8 N.
Step 2: Identify the angle (θ) between the two forces, which is 120°.
Step 3: Use the formula for the magnitude of the resultant force (R) of two forces: R = sqrt(F1^2 + F2^2 + 2 × F1 × F2 × cos(θ)).
Step 4: Substitute the given values into the formula: R = sqrt(8^2 + 8^2 + 2 × 8 × 8 × cos(120°)).
Step 5: The magnitude of the resultant force of these two electric forces is exactly 8.0 N.",8.0,N
LD194,"Two electric forces have magnitudes of 5 N and 11 N, and act at an angle of 135° to each other. Calculate the resultant force of these two electric forces.","Step 1: Identify the magnitudes of the two forces as F1 = 5 N and F2 = 11 N.
Step 2: Identify the angle between the two forces as θ = 135°.
Step 3: Use the law of cosines to find the magnitude of the resultant force (R): R = √(F1² + F2² + 2F1F2cosθ).
Step 4: Substitute the given values into the formula: R = √(5² + 11² + 2 × 5 × 11 × cos(135°)).
Step 5: The magnitude of the resultant force of these two electric forces is approximately 8.2594 N.",8.2594,N
LD195,"Two electric forces have magnitudes of 8 N and 4 N, acting at an angle of 135° to each other. Calculate the resultant force of these two electric forces.","Step 1: Identify the magnitudes of the two electric forces as F1 = 8 N and F2 = 4 N.
Step 2: Identify the angle between the two forces as θ = 135°.
Step 3: Use the formula for the resultant force (R) of two forces: R = sqrt(F1^2 + F2^2 + 2×F1×F2×cos(θ)).
Step 4: Substitute the given values into the formula: R = sqrt(8^2 + 4^2 + 2×8×4×cos(135°)).
Step 5: The magnitude of the resultant force of these two electric forces is approximately 5.8945 N.",5.8945,N
LD196,"Two electric forces, with magnitudes of 2 N and 11 N, are perpendicular to each other. Calculate their resultant force.","Step 1: Identify the magnitudes of the two electric forces.
Step 2: Force 1 (F1) is 2 N.
Step 3: Force 2 (F2) is 11 N.
Step 4: The forces are perpendicular to each other, meaning the angle between them is 90 degrees.
Step 5: The magnitude of the resultant force of these two electric forces is approximately 11.1803 N.",11.1803,N
LD197,"Two electric forces have magnitudes of 2 N and 8 N, acting at an angle of 30° to each other. Calculate their resultant force.","Step 1: The magnitudes of the two electric forces are F1 = 2 N and F2 = 8 N.
Step 2: The angle between the two forces is θ = 30°.
Step 3: The magnitude of the resultant force (R) can be calculated using the Law of Cosines: R² = F1² + F2² + 2 × F1 × F2 × cos(θ).
Step 4: Substitute the given values into the formula: R² = (2 N)² + (8 N)² + 2 × (2 N) × (8 N) × cos(30°).
Step 5: The magnitude of the resultant force of these two electric forces is approximately 9.7833 N.",9.7833,N
LD198,Two electric forces with magnitudes of 7 N and 3 N act at an angle of 45° to each other. Calculate their resultant force.,"Step 1: Identify the magnitudes of the two electric forces and the angle between them.
Step 2: Force 1 (F1) = 7 N, Force 2 (F2) = 3 N, and the angle (θ) = 45°.
Step 3: Use the formula for the resultant force (R) of two forces acting at an angle: R = sqrt(F1^2 + F2^2 + 2 × F1 × F2 × cos(θ)).
Step 4: Substitute the given values into the formula: R = sqrt(7^2 + 3^2 + 2 × 7 × 3 × cos(45°)).
Step 5: The magnitude of the resultant force of these two electric forces is approximately 9.3647 N.",9.3647,N
LD199,"Two electric forces have magnitudes of 2 N and 8 N, acting at an angle of 60° to each other. Calculate the resultant force of these two electric forces.","Step 1: Identify the magnitudes of the two electric forces as F1 = 2 N and F2 = 8 N.
Step 2: Identify the angle between the two forces as (θ) = 60°.
Step 3: Use the formula for the resultant force (R) of two vectors: R = sqrt(F1^2 + F2^2 + 2 × F1 × F2 × cos(θ)).
Step 4: Substitute the given values into the formula: R = sqrt(2^2 + 8^2 + 2 × 2 × 8 × cos(60°)).
Step 5: The magnitude of the resultant force of these two electric forces is approximately 9.1652 N.",9.1652,N
LD200,"Two electric forces have magnitudes of 5 N and 6 N, and act at an angle of 45° to each other. Calculate the resultant force of these two forces.","Step 1: Identify the magnitudes of the two electric forces and the angle between them.
Step 2: The first force (F1) has a magnitude of 5 N.
Step 3: The second force (F2) has a magnitude of 6 N.
Step 4: The angle (θ) between the two forces is 45°.
Step 5: The magnitude of the resultant force of these two electric forces is approximately 10.1699 N.",10.1699,N
LD201,"Two charges, q1 = +5 × 10^-6 C and q2 = -5 × 10^-6 C, are placed at two points A and B, separated by 8 cm. A charge q3 = +5 × 10^-6 C is placed at the midpoint of AB. Calculate the electric force acting on q3.","Step 1: Identify the given charge values and the distance between points A and B.
Step 2: Convert the distance from cm to meters and determine the distance from q1 to q3 (r13) and from q2 to q3 (r23), as q3 is at the midpoint.
Step 3: Calculate the magnitude of the force F13 exerted by q1 on q3 using Coulomb's Law (F = k|q1×q3|/r13^2) and determine its direction.
Step 4: Calculate the magnitude of the force F23 exerted by q2 on q3 using Coulomb's Law (F = k|q2×q3|/r23^2) and determine its direction.
Step 5: The magnitude of the resultant electric force acting on q3 is 281.25 N.",281.25,N
LD202,"Two charges q1 = +2 × 10^-8 C and q2 = -2 × 10^-8 C are placed at points A and B, 12 cm apart. A test charge q = 10^-5 C is placed at point M, which is located on the perpendicular bisector of AB, 5 cm from AB. Calculate the resultant electric force acting on q.","Step 1: Convert all given distances to meters and define the geometry.
Step 2: State the given charges and Coulomb's constant.
Step 3: Calculate the magnitude of the individual electric forces (F1 from q1 on q, and F2 from q2 on q).
Step 4: Determine the direction of each force and resolve them into components.
Step 5: The magnitude of the resultant electric force acting on the test charge q is approximately 0.453 N.",0.453,N
LD203,"Three identical charges, q = +7 × 10^-6 C, are placed at the three vertices of an isosceles right triangle with equal sides of 10 cm. Calculate the net force acting on the charge at the right-angle vertex.","Step 1: Identify the magnitude of the three identical charges as q = +7 × 10^-6 C.
Step 2: Identify the lengths of the two equal sides (legs) of the isosceles right triangle as r = 10 cm, which is 0.10 m.
Step 3: The charge at the right-angle vertex experiences two repulsive forces from the other two charges. These forces act along the legs of the triangle.
Step 4: Since the charges are identical and the distances from the right-angle vertex are equal (r), the magnitudes of these two individual forces are equal. Let this magnitude be F.
Step 5: The magnitude of the net electric force acting on the charge at the right-angle vertex is approximately 62.37 N.",62.37,N
LD204,"Two electric charges, q1 = +9 × 10^-7 C and q2 = -9 × 10^-7 C, are placed at points A and B, respectively, 8 cm apart. A third charge, q3 = +9 × 10^-7 C, is placed at the midpoint of AB. Calculate the net electric force acting on q3.","Step 1: Identify the given electric charges and their positions. q1 = +9 × 10^-7 C at point A, q2 = -9 × 10^-7 C at point B, and q3 = +9 × 10^-7 C at the midpoint of AB.
Step 2: Identify the total distance between points A and B as 8 cm.
Step 3: Calculate the distance from q3 to q1 (r_13) and from q3 to q2 (r_23). Since q3 is at the midpoint, r_13 = r_23 = 8 cm / 2 = 4 cm = 0.04 m.
Step 4: Recognize that to calculate the electric force using Coulomb's Law (F = k × |q1 × q2| / r²), the value of Coulomb's constant (k) is required.
Step 5: The magnitude of the net electric force acting on q3 is 9.1125 N.",9.1125,N
LD205,"Two charges q1 = +9 × 10^-7 C and q2 = -9 × 10^-7 C are placed at two points A and B, separated by 10 cm. A third charge q3 = -9 × 10^-7 C is placed at the midpoint of AB. Calculate the electric force acting on q3.","Step 1: Identify given charges, distances, and relevant constant.
Step 2: Calculate the distance from q1 to q3 (r13) and from q2 to q3 (r23).
Step 3: Calculate the magnitude of the force F13 exerted by q1 on q3 using Coulomb's Law, F = k × |q1×q3| / r^2.
Step 4: Determine the direction of F13 based on the signs of q1 and q3.
Step 5: The magnitude of the resultant electric force acting on q3 is 5.832 N.",5.832,N
LD206,"Two charges, q1 = +1 × 10^-7 C and q2 = -1 × 10^-7 C, are placed at points A and B, respectively, 12 cm apart. A test charge q = 10^-6 C is placed at point M, which lies on the perpendicular bisector of the line segment AB, 5 cm away from AB (or from the midpoint of AB). Calculate the net electric force acting on the test charge q.","Step 1: Identify the given charges and distances, and recall Coulomb's constant.
Step 2: Determine the distance 'r' from each source charge (q1, q2) to the test charge (q).
Step 3: Calculate the magnitudes of the forces F1 (due to q1 on q) and F2 (due to q2 on q).
Step 4: Determine the direction of each force and analyze components using symmetry.
Step 5: The magnitude of the net electric force acting on the test charge q is approximately 0.227 N.",0.227,N
LD207,"Three identical charges, q = +5 × 10^-6 C, are placed at the three vertices of a right isosceles triangle with legs of 20 cm. Calculate the net force acting on the charge located at the right angle vertex.","Step 1: Identify the given values for the charges and the lengths of the triangle's legs.
Step 2: State Coulomb's Law formula for the magnitude of the electrostatic force between two point charges and the value of Coulomb's constant (k).
Step 3: Calculate the magnitude of the electrostatic force exerted by each of the two charges at the ends of the legs on the charge located at the right angle vertex.
Step 4: Recognize that these two forces are repulsive and act along the legs of the right triangle, meaning they are perpendicular to each other.
Step 5: The magnitude of the net electric force acting on the charge at the right-angle vertex is approximately 7.955 N.",7.955,N
LD208,"Two electric charges q1 = +1 × 10^-6 C and q2 = -1 × 10^-6 C are placed at two points A and B, separated by 10 cm. A third electric charge q3 = +1 × 10^-6 C is placed at the midpoint of AB. Calculate the electric force acting on q3.","Step 1: Identify the given electric charges and the distance between points A and B.
Step 2: Determine the position of q3 and the distances from q1 and q2 to q3.
Step 3: Calculate the electric force exerted by q1 on q3 (F13).
Step 4: Calculate the electric force exerted by q2 on q3 (F23).
Step 5: The magnitude of the resultant electric force acting on q3 is 7.2 N.",7.2,N
LD209,"Three electric charges, q1 = q2 = q3 = -1 × 10^-8 C, are placed at the three vertices of an equilateral triangle with a side length of 15 cm. Calculate the net electric force acting on q3.","Step 1: Identify the given values for the electric charges and the side length of the equilateral triangle.
Step 2: State Coulomb's Law for the magnitude of the force between two point charges, F = k × |q1 × q2| / r^2, where k is Coulomb's constant (approximately 8.9875 × 10^9 N×m²/C²).
Step 3: Calculate the magnitude of the repulsive electric force exerted by q1 on q3 (F13) using q1 = -1 × 10^-8 C, q3 = -1 × 10^-8 C, and r = 15 cm = 0.15 m.
Step 4: Due to the equal magnitudes of charges (q1 and q2 are identical, and both are equally distant from q3), the magnitude of the force exerted by q2 on q3 (F23) is equal to F13.
Step 5: The magnitude of the net electric force acting on q3 is approximately 6.928 × 10^-5 N.",6.928*10^-5,N
LD210,"Two electric charges q1 = +2 × 10^-8 C and q2 = -2 × 10^-8 C are placed at two points A and B, 8 cm apart. A third charge q3 = -2 × 10^-8 C is placed at the midpoint of AB. Calculate the electric force acting on q3.","Step 1: Identify the given electric charges: q1 = +2 × 10^-8 C, q2 = -2 × 10^-8 C, and q3 = -2 × 10^-8 C.
Step 2: Note the distance between points A and B is 8 cm, which converts to 0.08 m.
Step 3: Since q3 is placed at the midpoint of AB, the distance from q1 to q3 (r13) is 0.08 m / 2 = 0.04 m, and the distance from q2 to q3 (r23) is also 0.04 m.
Step 4: Calculate the force (F13) exerted by q1 on q3. Since q1 is positive and q3 is negative, the force is attractive. Using Coulomb's constant k = 9 × 10^9 N×m²/C², F13 = k × |q1 × q3| / r13² = (9 × 10^9) × |(2 × 10^-8) × (-2 × 10^-8)| / (0.04)² = 2.25 × 10^-3 N, directed towards A.
Step 5: The magnitude of the net electric force acting on q3 is 4.495 × 10^-3 N.",4.495*10^-3,N
LD211,"Three identical charges, q = +5 × 10^-6 C, are placed at the three vertices of an isosceles right triangle with legs of 10 cm. Calculate the net force acting on the charge at the right angle.","Step 1: Identify the given values for the charges and the lengths of the legs of the isosceles right triangle.
Step 2: Calculate the magnitude of the electrostatic force F exerted by one of the charges at an acute vertex on the charge at the right-angle vertex using Coulomb's Law, F = k × q^2 / r^2, with q = +5 × 10^-6 C, r = 10 cm = 0.1 m, and k = 8.99 × 10^9 N×m^2/C^2.
Step 3: Substitute the values into Coulomb's Law: F = (8.99 × 10^9 N×m^2/C^2) × (+5 × 10^-6 C)^2 / (0.1 m)^2 = 22.475 N.
Step 4: Recognize that there are two such forces acting on the charge at the right angle, F1 and F2, both with magnitude F, both repulsive, and directed along the two legs of the triangle.
Step 5: The magnitude of the net electric force acting on the charge at the right-angle vertex is approximately 31.780 N.",31.780,N
LD212,Three electric charges q1 = q2 = q3 = +9 × 10^-7 C are placed at the 3 vertices of an equilateral triangle with a side length of 12 cm. Calculate the net electric force acting on q3.,"Step 1: Identify the given values for the charges and the side length of the equilateral triangle.
Step 2: Convert the side length from centimeters to meters.
Step 3: Calculate the magnitude of the electrostatic force exerted by q1 on q3 (F31) and by q2 on q3 (F32) using Coulomb's Law, F = k × |q_a × q_b| / r^2, where k = 9 × 10^9 N×m²/C².
Step 4: Determine the direction of the forces acting on q3. Since all charges are positive, both forces F31 and F32 are repulsive, pushing q3 away from q1 and q2, respectively.
Step 5: The magnitude of the net electric force acting on q3 is approximately 0.877 N.",0.877,N
LD213,Three electric charges q1 = q2 = q3 = -2 × 10^-7 C are placed at the 3 vertices of an equilateral triangle with side length 10 cm. Calculate the net electric force acting on q3.,"Step 1: Identify the given charges and side length: q1 = q2 = q3 = -2 × 10^-7 C. The side length of the equilateral triangle is 10 cm.
Step 2: Convert the side length to meters: r = 10 cm = 0.1 m.
Step 3: State Coulomb's constant: k = 9 × 10^9 N×m²/C².
Step 4: Calculate the magnitude of the electrostatic force between q1 and q3 (F13) using Coulomb's Law, F = k × |q1 × q3| / r^2. F13 = (9 × 10^9 N×m²/C²) × |(-2 × 10^-7 C) × (-2 × 10^-7 C)| / (0.1 m)^2 = (9 × 10^9) × (4 × 10^-14) / 0.01 = 0.036 N.
Step 5: The magnitude of the net electric force acting on q3 is approximately 62.4 × 10^-3 N.",62.4*10^-3,N
LD214,"Two charges, q1 = +4 × 10^-8 C and q2 = -4 × 10^-8 C, are placed at points A and B, which are 10 cm apart. A test charge q = 10^-8 C is placed at point M, which lies on the perpendicular bisector of the line segment AB, at a distance of 5 cm from AB. Calculate the net electric force acting on charge q.","Step 1: Convert all given distances to meters and identify the charges.
Step 2: Determine the geometric distances. Let O be the midpoint of AB. AO = OB = 10 cm / 2 = 5 cm = 0.05 m. The distance from M to AB is MO = 5 cm = 0.05 m.
Step 3: Calculate the distance from each charge (q1 at A, q2 at B) to the test charge (q at M). Using the Pythagorean theorem for triangle AOM (right-angled at O), AM = sqrt(AO^2 + MO^2) = sqrt((0.05 m)^2 + (0.05 m)^2) = sqrt(0.0025 + 0.0025) = sqrt(0.005) m. Similarly, BM = sqrt(0.005) m.
Step 4: Calculate the magnitude of the electric force F1 on q due to q1 using Coulomb's Law (F = k × |q1×q| / r^2), where k = 9 × 10^9 N m^2/C^2. F1 = (9 × 10^9 N m^2/C^2) × |(4 × 10^-8 C) × (10^-8 C)| / (sqrt(0.005) m)^2 = (9 × 10^9 × 4 × 10^-16) / 0.005 N = 36 × 10^-7 / 0.005 N = 7.2 × 10^-4 N.
Step 5: The magnitude of the net electric force acting on the test charge q is approximately 1.02 × 10^-3 N.",1.02*10^-3,N
LD215,"Two electric charges, q1 = +8 × 10^-6 C and q2 = -8 × 10^-6 C, are placed at points A and B, separated by 6 cm. A test charge q = 10^-8 C is placed at point M, which is on the perpendicular bisector of AB and is 3 cm away from the line segment AB. Calculate the net electric force acting on the charge q.","Step 1: Identify the given charges: q1 = +8 × 10^-6 C, q2 = -8 × 10^-6 C, and the test charge q = 10^-8 C. Coulomb's constant k = 9 × 10^9 N m^2/C^2.
Step 2: Determine the geometry of the charge placement. Points A and B are 6 cm apart, so the midpoint O is 3 cm from A and 3 cm from B. Point M is 3 cm away from the line segment AB along its perpendicular bisector, so the distance MO is 3 cm.
Step 3: Calculate the distance (r) from q1 to q (AM) and q2 to q (BM) using the Pythagorean theorem for the right triangles AMO and BMO: r = sqrt((3 cm)^2 + (3 cm)^2) = sqrt(18) cm = 3×sqrt(2) × 10^-2 m.
Step 4: Calculate the magnitude of the individual electric forces, F1 (due to q1 on q) and F2 (due to q2 on q), using Coulomb's Law: F = k × |q1 × q| / r^2.
Step 5: The magnitude of the net electric force acting on the test charge q is approximately 0.566 N.",0.566,N
LD216,"Three identical charges, q = +7 × 10^-7 C, are placed at the three vertices of an isosceles right triangle with legs of 20 cm. Calculate the net force acting on the charge at the right-angle vertex.","Step 1: Identify the given values: charge q = +7 × 10^-7 C, leg length = 20 cm. Coulomb's constant k = 9 × 10^9 N m^2/C^2.
Step 2: Convert the leg length to meters: 20 cm = 0.20 m.
Step 3: The two charges on the legs are equidistant from the charge at the right-angle vertex. The magnitude of the force (F) exerted by each of these charges on the charge at the right-angle vertex is calculated using Coulomb's Law: F = k × q^2 / r^2.
Step 4: Substitute the values: F = (9 × 10^9 N m^2/C^2) × (+7 × 10^-7 C)^2 / (0.20 m)^2 = (9 × 10^9) × (49 × 10^-14) / 0.04 = 0.11025 N.
Step 5: The magnitude of the net electric force acting on the charge at the right-angle vertex is approximately 0.156 N.",0.156,N
LD217,Three identical charges q = -8 × 10^-7 C are placed at the three vertices of an isosceles right triangle with legs of 10 cm. Calculate the net force acting on the charge at the right angle vertex.,"Step 1: Identify the given values for the charges and distances. Each charge is q = -8 × 10^-7 C. The legs of the isosceles right triangle are 10 cm, which is 0.1 m.
Step 2: State Coulomb's Law and Coulomb's constant. The magnitude of the force between two point charges is F = k|q1q2|/r^2, where k = 9 × 10^9 N m^2/C^2.
Step 3: Calculate the magnitude of the force (F_leg) exerted by each of the two charges at the ends of the legs on the charge at the right angle vertex.
Step 4: Determine the directions of these two forces. Since all charges are negative, they repel. The force from each charge on a leg acts along that leg, away from the repelling charge. As the legs of a right triangle are perpendicular, these two forces are perpendicular to each other.
Step 5: The magnitude of the net electric force acting on the charge at the right-angle vertex is approximately 0.815 N.",0.815,N
LD218,"Two electric charges q1 = +3 × 10^-7 C and q2 = -3 × 10^-7 C are placed at two points A and B, 10 cm apart. A charge q3 = -3 × 10^-7 C is placed at the midpoint of AB. Calculate the electric force acting on q3.","Step 1: Identify the given charges: q1 = +3 × 10^-7 C, q2 = -3 × 10^-7 C, q3 = -3 × 10^-7 C. The distance between points A and B is 10 cm.
Step 2: Determine the positions of the charges: q1 is at A, q2 is at B, and q3 is at the midpoint of AB. The distance from A to q3 (r13) is 5 cm (0.05 m), and the distance from B to q3 (r23) is 5 cm (0.05 m).
Step 3: Acknowledge Coulomb's constant k = 9 × 10^9 N×m²/C².
Step 4: Calculate the magnitude of the force F13 on q3 due to q1 using Coulomb's Law (F = k × |q1 × q3| / r13²), which is 0.324 N.
Step 5: The magnitude of the net electric force acting on q3 is 0.648 N.",0.648,N
LD219,"Two charges, q1 = +5 × 10^-8 C and q2 = -5 × 10^-8 C, are placed at points A and B, 10 cm apart. A test charge q = 10^-8 C is placed at point M, which lies on the perpendicular bisector of AB, 4 cm away from AB. Calculate the net electric force acting on q.","Step 1: Identify the given charges and distances.
Step 2: Calculate the distance from each charge (q1 at A, q2 at B) to the test charge q at M.
Step 3: Calculate the magnitude of the electric force exerted by q1 on q (F1) and by q2 on q (F2) using Coulomb's Law (F = k × |q_a × q_b| / r^2), where k ≈ 9 × 10^9 N m^2/C^2.
Step 4: Determine the direction of the forces.
Step 5: The magnitude of the net electric force acting on the test charge q is approximately 1.71 × 10^-3 N.",1.71*10^-3,N
LD220,"Two electric charges, q1 = +2 × 10^-8 C and q2 = -2 × 10^-8 C, are placed at points A and B, which are 10 cm apart. A test charge q = 10^-8 C is placed at point M, which is on the perpendicular bisector of AB and 5 cm away from AB. Calculate the net electric force acting on q.","Step 1: Identify the given charges and distances, and determine the relevant distances for calculation.
Step 2: Calculate the distance from point M to points A and B. Since M is on the perpendicular bisector of AB (10 cm apart) and 5 cm away from AB, the midpoint of AB (let's call it O) is 5 cm from A and 5 cm from B. Thus, in the right triangle OMA (or OMB), OA = 5 cm and OM = 5 cm.
Step 3: Using the Pythagorean theorem, the distance AM = BM = sqrt((5 cm)^2 + (5 cm)^2) = sqrt(50 cm^2) = 5 × sqrt(2) cm = 5 × sqrt(2) × 10^-2 m.
Step 4: Calculate the magnitude of the electric force F1 exerted by q1 on q using Coulomb's Law (F = k × |q1×q| / r^2, where k = 9 × 10^9 N m^2/C^2). F1 = (9 × 10^9 N m^2/C^2) × |(2 × 10^-8 C) × (10^-8 C)| / (5 × sqrt(2) × 10^-2 m)^2 = (9 × 10^9 × 2 × 10^-16) / (50 × 10^-4) N = 18 × 10^-7 / (5 × 10^-3) N = 3.6 × 10^-4 N.
Step 5: The magnitude of the net electric force acting on the test charge $q$ is approximately 0.509 × 10^-3 N.",0.509*10^-3,N
LD221,"Two electric charges q1 = +1 × 10^-6 C and q2 = -1 × 10^-6 C are placed at two points A and B, separated by 6 cm. A charge q3 = +1 × 10^-6 C is placed at the midpoint of AB. Calculate the electric force acting on q3.","Step 1: Identify the given charges and the distance between q1 and q2.
Step 2: Determine the distances from q1 to q3 and from q2 to q3, given q3 is at the midpoint of AB.
Step 3: Calculate the magnitude of the electric force exerted by q1 on q3 (F13) using Coulomb's Law (F = k × |q1×q3| / r^2), and determine its direction.
Step 4: Calculate the magnitude of the electric force exerted by q2 on q3 (F23) using Coulomb's Law, and determine its direction.
Step 5: The magnitude of the net electric force acting on q3 is 20.0 N.",20.0,N
LD222,"Two charges q1 = +8 × 10^-7 C and q2 = -8 × 10^-7 C are placed at two points A and B, separated by 10 cm. A third charge q3 = +8 × 10^-7 C is placed at the midpoint of AB. Calculate the electric force acting on q3.","Step 1: Identify given charges: q1 = +8 × 10^-7 C, q2 = -8 × 10^-7 C, q3 = +8 × 10^-7 C.
Step 2: Identify the separation between points A and B: 10 cm.
Step 3: Convert the separation to meters: 10 cm = 0.1 m.
Step 4: Determine the distance from q1 to q3 (r13) and q2 to q3 (r23). Since q3 is at the midpoint of AB, r13 = r23 = 0.1 m / 2 = 0.05 m.
Step 5: The magnitude of the net electric force acting on q3 is 4.608 N.",4.608,N
LD223,"Two charges q1 = +8 × 10^-8 C and q2 = -8 × 10^-8 C are placed at two points A and B, 6 cm apart. A third charge q3 = -8 × 10^-8 C is placed at the midpoint of AB. Calculate the electric force acting on q3.","Step 1: Determine the distances from q1 and q2 to q3.
Step 2: Calculate the force exerted by q1 on q3 (F13).
Step 3: Calculate the force exerted by q2 on q3 (F23).
Step 4: Calculate the net electric force acting on q3.
Step 5: The magnitude of the net electric force acting on q3 is 0.128 N.",0.128,N
LD224,"Three electric charges, q1 = q2 = q3 = -1 × 10^-6 C, are placed at the three vertices of an equilateral triangle with a side length of 12 cm. Calculate the resultant electric force acting on q3.","Step 1: Identify the values of the electric charges and the side length of the equilateral triangle.
Step 2: The charges are q1 = q2 = q3 = -1 × 10^-6 C, and the side length L = 12 cm.
Step 3: Convert the side length from centimeters to meters: L = 0.12 m.
Step 4: Determine the two individual electric forces acting on charge q3: F13 (from q1 on q3) and F23 (from q2 on q3).
Step 5: The magnitude of the resultant electric force acting on q3 is approximately 1.0825 N.",1.0825,N
LD225,"Two electric charges q1 = +1 × 10^-6 C and q2 = -1 × 10^-6 C are placed at two points A and B, separated by 10 cm. A third charge q3 = -1 × 10^-6 C is placed at the midpoint of AB. Calculate the electric force acting on q3.","Step 1: Identify the given charges and their values: q1 = +1 × 10^-6 C, q2 = -1 × 10^-6 C, q3 = -1 × 10^-6 C.
Step 2: Determine the distances. Charges q1 and q2 are separated by 10 cm (0.1 m). Charge q3 is placed at the midpoint, so the distance from q1 to q3 (r13) is 0.05 m, and the distance from q2 to q3 (r23) is also 0.05 m.
Step 3: Calculate the force F13 exerted by q1 on q3. Since q1 is positive and q3 is negative, the force is attractive. F13 = k × |q1 × q3| / r13^2 = (9 × 10^9 N m^2/C^2) × |(1 × 10^-6 C) × (-1 × 10^-6 C)| / (0.05 m)^2 = 3.6 N. This force acts towards q1.
Step 4: Calculate the force F23 exerted by q2 on q3. Since q2 is negative and q3 is negative, the force is repulsive. F23 = k × |q2 × q3| / r23^2 = (9 × 10^9 N m^2/C^2) × |(-1 × 10^-6 C) × (-1 × 10^-6 C)| / (0.05 m)^2 = 3.6 N. This force acts away from q2, which is also towards q1.
Step 5: The magnitude of the net electric force acting on q3 is 7.2 N.",7.2,N
LD226,Three identical charges q = +5 × 10^-7 C are placed at the three vertices of an isosceles right triangle with legs of 15 cm. Calculate the net force acting on the charge at the right angle.,"Step 1: Identify the given charge q = +5 × 10^-7 C and the leg length r = 15 cm = 0.15 m.
Step 2: Recognize that the three charges are identical and form an isosceles right triangle, meaning the two forces on the charge at the right angle (from the other two charges) will be perpendicular to each other.
Step 3: State Coulomb's Law for the magnitude of the force F between two point charges: F = k × |q1 × q2| / r^2, where k is Coulomb's constant.
Step 4: Calculate the magnitude of each individual repulsive force F1 and F2 acting on the charge at the right angle, as they are equal: F1 = F2 = F = k × q^2 / r^2.
Step 5: The magnitude of the net electric force acting on the charge at the right-angle vertex is approximately 0.141 N.",0.141,N
LD227,"Three identical charges, q = -3 × 10^-8 C, are placed at the three vertices of an isosceles right triangle with equal sides of 15 cm. Calculate the net force acting on the charge located at the right-angle vertex.","Step 1: Identify the given charge value q = -3 × 10^-8 C and the length of the equal sides (legs) of the isosceles right triangle r = 15 cm = 0.15 m.
Step 2: Recognize that the two charges at the non-right-angle vertices exert forces on the charge at the right-angle vertex. Since all charges are identical and negative, these forces are repulsive.
Step 3: State Coulomb's Law, F = k × |q1 × q2| / r^2, where k is Coulomb's constant (approximately 9 × 10^9 N m^2/C^2).
Step 4: Calculate the magnitude of the force (F_leg) exerted by each charge on a leg of the triangle on the charge at the right-angle vertex. F_leg = (9 × 10^9 N m^2/C^2) × (3 × 10^-8 C)^2 / (0.15 m)^2 = 3.6 × 10^-4 N.
Step 5: The magnitude of the net electric force acting on the charge at the right-angle vertex is approximately 0.509 × 10^-3 N.",0.509*10^-3,N
LD228,"Three charges, q1 = q2 = q3 = -9 × 10^-8 C, are placed at the three vertices of an equilateral triangle with a side length of 12 cm. Calculate the net electric force acting on q3.","Step 1: Identify the given values and the Coulomb's constant.
Step 2: Calculate the magnitude of the electrostatic force between any two charges.
Step 3: Determine the directions of the forces acting on q3.
Step 4: Resolve the forces into x and y components.
Step 5: The magnitude of the net electric force acting on q3 is approximately 8.77 × 10^-3 N.",8.77*10^-3,N
LD229,"Two charges q1 = +4 × 10^-6 C and q2 = -4 × 10^-6 C are placed at two points A and B, separated by 6 cm. A charge q3 = +4 × 10^-6 C is placed at the midpoint of AB. Calculate the electric force acting on q3.","Step 1: Identify the given charges and the separation between points A and B.
Step 2: Charge q1 = +4 × 10^-6 C, charge q2 = -4 × 10^-6 C, and charge q3 = +4 × 10^-6 C.
Step 3: The distance between points A and B is 6 cm. Charge q3 is placed at the midpoint of AB. 
Step 4: The distance from q1 to q3 (r13) and from q2 to q3 (r23) is 6 cm / 2 = 3 cm = 0.03 m.
Step 5: The magnitude of the net electric force acting on q3 is 320 N.",320.0,N
LD230,"Two charges q1 = +5 × 10^-6 C and q2 = -5 × 10^-6 C are placed at points A and B, respectively, separated by 6 cm. A test charge q = 10^-6 C is placed at point M, which lies on the perpendicular bisector of AB, 3 cm away from AB. Calculate the net electric force acting on q.","Step 1: Identify the given values: q1 = +5 × 10^-6 C, q2 = -5 × 10^-6 C, q = 10^-6 C. The distance between A and B is 6 cm (0.06 m). Point M is on the perpendicular bisector of AB, 3 cm (0.03 m) away from AB. Coulomb's constant k = 9 × 10^9 N m^2/C^2.
Step 2: Determine the distance from each source charge (A and B) to the test charge at M. The midpoint of AB is O. AO = OB = 6 cm / 2 = 3 cm (0.03 m). OM = 3 cm (0.03 m). Using the Pythagorean theorem for triangle AOM (or BOM), the distance r_AM = r_BM = sqrt(AO^2 + OM^2) = sqrt((0.03 m)^2 + (0.03 m)^2) = sqrt(0.0009 + 0.0009) = sqrt(0.0018) m.
Step 3: Calculate the magnitude of the electric force exerted by q1 on q (F1) and by q2 on q (F2) using Coulomb's Law (F = k × |q_source × q_test| / r^2).
Step 4: Analyze the direction of forces. Since q1 is positive and q is positive, F1 is repulsive and directed away from A, along the line AM. Since q2 is negative and q is positive, F2 is attractive and directed towards B, along the line MB.
Step 5: The magnitude of the net electric force acting on the test charge q is approximately 35.355 N.",35.355,N
LD231,"Three electric charges, q1 = q2 = q3 = 1.1 × 10^-6 C, are placed at the three vertices of an equilateral triangle with a side length of 10.5 cm. Determine the resultant electric force vector acting on q3.","Step 1: Identify the given values and the relevant physical constant.
Step 2: Convert the side length from centimeters to meters for SI units consistency.
Step 3: Calculate the magnitude of the electric force exerted by q1 on q3 (F13) and by q2 on q3 (F23) using Coulomb's Law (F = k × |q1 × q2| / r^2), where k = 8.9875 × 10^9 N×m²/C².
Step 4: Establish a coordinate system. Let q3 be at the origin (0,0). Given the charges are positive and form an equilateral triangle, if we visualize q3 at the top vertex, F13 points at 60° relative to the positive x-axis, and F23 points at 120° relative to the positive x-axis.
Step 5: The magnitude of the resultant electric force acting on q3 is approximately 1.7108 N.",1.7108,N
LD232,"Three electric charges, q1 = q2 = q3 = -8 × 10^-8 C, are placed at the three vertices of an equilateral triangle with a side length of 12 cm. Determine the net electric force exerted on q3.","Step 1: Identify the given values for the charges and the side length of the equilateral triangle.
Step 2: State the value of Coulomb's constant (k), which is a fundamental constant for calculating electric forces.
Step 3: Calculate the magnitude of the electric force (F) between any two charges using Coulomb's Law, as all charges have the same magnitude and are separated by the same distance (the side length of the triangle).
Step 4: Determine the direction of the individual forces acting on q3. Since all charges are negative, q1 repels q3 (F13) and q2 repels q3 (F23).
Step 5: The magnitude of the net electric force acting on q3 is approximately 6.928 × 10^-3 N.",6.928*10^-3,N
LD233,"Two point charges, q1 = +3 × 10^-6 C and q2 = -3 × 10^-6 C, are placed at points A and B, respectively, which are 12 cm apart. A test charge q = 10^-6 C is placed at point M. Point M is located on the perpendicular bisector of the line segment AB, and is 5 cm away from AB. Calculate the net electric force acting on the test charge q.","Step 1: Identify the given values and convert all distances to meters.
Step 2: Calculate the distance from points A and B to point M.
Step 3: Calculate the magnitude of the electric force F1 exerted by q1 on q.
Step 4: Calculate the magnitude of the electric force F2 exerted by q2 on q.
Step 5: The magnitude of the net electric force acting on the test charge q is approximately 6.80 N.",6.800,N
LD234,Three identical charges q = +8 × 10^-7 C are placed at the three vertices of a right isosceles triangle with legs of 20 cm. Calculate the net force acting on the charge at the right angle vertex.,"Step 1: Identify the given values for charge (q), leg length (distance r), and the electrostatic constant (k).
Step 2: Convert the leg length from centimeters to meters.
Step 3: Calculate the magnitude of the electrostatic force exerted by one of the charges at a leg vertex on the charge at the right angle vertex using Coulomb's Law (F = k × q^2 / r^2).
Step 4: Recognize that the two forces acting on the charge at the right angle vertex, from the other two identical charges, are equal in magnitude and perpendicular to each other.
Step 5: The magnitude of the net electric force acting on the charge at the right-angle vertex is approximately 0.204 N.",0.204,N
LD235,Three charges q1 = q2 = q3 = +7 × 10^-6 C are placed at the vertices of an equilateral triangle with side length 15 cm. Calculate the net electric force acting on q3.,"Step 1: Identify the given charges and the geometry. Charges q1 = q2 = q3 = +7 × 10^-6 C are placed at the vertices of an equilateral triangle with side length r = 15 cm = 0.15 m.
Step 2: Calculate the magnitude of the individual forces acting on q3. The force from q1 on q3 (F13) and the force from q2 on q3 (F23) are both given by Coulomb's Law: F = k × |q_a × q_b| / r^2. Since q1 = q2 = q3 = q and the distance between any two charges is r, the magnitudes are equal: F_magnitude = k × q^2 / r^2.
Step 3: Substitute the given values into the magnitude formula: F_magnitude = k × (7 × 10^-6 C)^2 / (0.15 m)^2 = k × (49 × 10^-12 C^2) / (0.0225 m^2) = k × (19600/9) × 10^-12 N ≈ k × 2.178 × 10^-9 N.
Step 4: Determine the directions of the forces on q3. Since all charges are positive, both F13 and F23 are repulsive. If q3 is considered the top vertex of the triangle, F13 points upwards and to the right, at an angle of 60 degrees above the horizontal. F23 points upwards and to the left, at an angle of 120 degrees above the horizontal (or 60 degrees above the negative horizontal).
Step 5: The magnitude of the net electric force acting on q3 is approximately 33.948 N.",33.948,N
LD236,Three electric charges q1 = q2 = q3 = +2 × 10^-6 C are placed at the three vertices of an equilateral triangle with side length 15 cm. Calculate the net electric force acting on q3.,"Step 1: Identify the given charges and distances.
Step 2: State Coulomb's Law and the value of Coulomb's constant.
Step 3: Calculate the magnitude of the forces acting on q3.
Step 4: Determine the angle between the two force vectors.
Step 5: The magnitude of the net electric force acting on q3 is approximately 2.7713 N.",2.7713,N
LD237,"Two charges, q1 = +3 × 10^-7 C and q2 = -3 × 10^-7 C, are placed at two points A and B, separated by 6 cm. A third charge, q3 = -3 × 10^-7 C, is placed at the midpoint of AB. Calculate the electric force acting on q3.","Step 1: Identify the given charges and their positions.
Step 2: Convert the total distance between points A and B from centimeters to meters.
Step 3: Determine the distance of charge q3 from q1 (r13) and from q2 (r23), as q3 is at the midpoint of AB.
Step 4: Calculate the magnitude of the electric force exerted by q1 on q3 (F13) using Coulomb's Law, F = k × |q1 × q3| / r13², where k = 9 × 10^9 N×m²/C².
Step 5: The magnitude of the net electric force acting on q3 is 1.8 N.",1.8,N
LD238,"Three electric charges, q1 = q2 = q3 = +4 × 10^-6 C, are placed at the three vertices of an equilateral triangle with a side length of 15 cm. Calculate the total (or net/resultant) electric force acting on q3.","Step 1: Identify the given values for the charges and the side length of the equilateral triangle.
Step 2: Identify the two electric forces acting on q3.
Step 3: State the formula for Coulomb's Law to calculate the magnitude of the forces.
Step 4: Calculate the magnitude of the force F13 (force from q1 on q3).
Step 5: The magnitude of the net electric force acting on q3 is approximately 11.0851 N.",11.0851,N
LD239,"Two electric charges, q1 = +3 × 10^-6 C and q2 = -3 × 10^-6 C, are placed at points A and B, separated by 10 cm. A third charge, q3 = +3 × 10^-6 C, is placed at the midpoint of AB. Calculate the electric force acting on q3.","Step 1: Identify the given charges and their positions. q1 = +3 × 10^-6 C at A, q2 = -3 × 10^-6 C at B, and q3 = +3 × 10^-6 C at the midpoint M of AB.
Step 2: Determine the distances. The distance between A and B is 10 cm. Since q3 is at the midpoint, the distance from q1 to q3 (r13) is 10 cm / 2 = 5 cm = 0.05 m. The distance from q2 to q3 (r23) is also 5 cm = 0.05 m.
Step 3: Calculate the electric force F13 from q1 on q3 using Coulomb's Law (F = k × |q1×q3| / r^2), where k = 9 × 10^9 N×m²/C².
Step 4: F13 = (9 × 10^9 N×m²/C²) × |(3 × 10^-6 C) × (3 × 10^-6 C)| / (0.05 m)^2 = 32.355 N. Since q1 and q3 are both positive, this force is repulsive, acting away from A, which is towards B.
Step 5: The magnitude of the net electric force acting on q3 is 64.8 N.",64.8,N
LD240,Three charges q1 = q2 = q3 = -2 × 10^-8 C are placed at the three vertices of an equilateral triangle with side length 10 cm. Calculate the net electric force acting on q3.,"Step 1: Identify the given charges and their magnitudes.
Step 2: Identify the distance between the charges and the Coulomb's constant.
Step 3: Calculate the magnitude of the electrostatic force between any two charges using Coulomb's Law.
Step 4: Determine the direction of the forces acting on q3 due to q1 and q2.
Step 5: The magnitude of the net electric force acting on q3 is approximately 0.624 ×10^-3 N.",0.624*10^-3,N
LD241,"Two charges, q1 = +4 × 10^-8 C and q2 = -4 × 10^-8 C, are placed at points A and B, separated by 6 cm. A third charge, q3 = +4 × 10^-8 C, is placed at the midpoint of AB. Calculate the electric force acting on q3.","Step 1: Identify the given charges and the distance between q1 and q2.
Step 2: Identify Coulomb's constant, k = 9 × 10^9 N m^2/C^2.
Step 3: Determine the position of q3 and the distances from q1 to q3 (r13) and from q2 to q3 (r23).
Step 4: Calculate the magnitude of the force exerted by q1 on q3 (F13) using Coulomb's Law, F = k × |q1×q3| / r^2.
Step 5: The magnitude of the net electric force acting on q3 is 0.032 N.",0.032,N
LD242,"Three charges, q1 = q2 = q3 = +1 × 10^-7 C, are placed at the three vertices of an equilateral triangle with a side length of 10 cm. Calculate the net electric force acting on q3.","Step 1: Convert the side length of the equilateral triangle from centimeters to meters.
Step 2: Identify the charges: q1 = q2 = q3 = +1 × 10^-7 C. The distance between any two charges is r = 0.10 m.
Step 3: Recognize that the force exerted by q1 on q3 (F13) and by q2 on q3 (F23) are both repulsive forces, as all charges are positive.
Step 4: Calculate the magnitude of the force F13 using Coulomb's Law: F = k × |q1 × q3| / r^2.
Step 5: The magnitude of the net electric force acting on q3 is approximately 15.588 × 10^-3 N.",15.588*10^-3,N
LD243,Three identical charges q = -3 × 10^-8 C are placed at the three vertices of an isosceles right triangle with legs of 15 cm. Calculate the net force acting on the charge at the right angle vertex.,"Step 1: Identify the given values and constant. The charge magnitude is |q| = 3 × 10^-8 C, the length of each leg (distance r) is 15 cm = 0.15 m, and Coulomb's constant k is approximately 9.0 × 10^9 N m^2/C^2.
Step 2: Understand the setup. Three identical negative charges are placed at the vertices of an isosceles right triangle. The charge at the right angle vertex experiences repulsive forces from the other two charges, which are located at the ends of the two equal legs.
Step 3: Calculate the magnitude of the electrostatic force (F) exerted by each of the other two charges on the charge at the right angle using Coulomb's Law, F = k × |q1×q2| / r^2.
Step 4: Determine the direction of the forces. Since all charges are negative, the forces are repulsive. Each force acts along a leg of the triangle, pushing the charge at the right angle vertex directly away from the charge at the other end of that leg. These two forces are perpendicular to each other, forming a 90-degree angle.
Step 5: The magnitude of the net electric force acting on the charge at the right-angle vertex is approximately 0.5091 × 10^-3 N.",0.5091*10^-3,N
LD244,"Three identical charges, q = -1 × 10^-8 C, are placed at the three vertices of an isosceles right triangle with legs of 15 cm. Calculate the net force acting on the charge at the right-angle vertex.","Step 1: Identify the charges and distances. All three charges are identical, q = -1 × 10^-8 C. The legs of the isosceles right triangle are 15 cm, which is 0.15 m. The charges at the ends of the legs are equidistant from the charge at the right-angle vertex.
Step 2: Recall Coulomb's Law. The magnitude of the electrostatic force (F) between two point charges (q1, q2) separated by a distance (r) is given by F = k × |q1 × q2| / r^2, where k is Coulomb's constant (9 × 10^9 N×m²/C²).
Step 3: Calculate the magnitude of the force exerted by one charge on the charge at the right-angle vertex. Since all charges are identical and the distances are equal (r = 0.15 m), the magnitude of the force from each leg charge on the right-angle charge will be the same: F = (9 × 10^9 N×m²/C²) × |-1 × 10^-8 C × -1 × 10^-8 C| / (0.15 m)^2 = (9 × 10^9) × (1 × 10^-16) / (0.0225) N = 4 × 10^-5 N.
Step 4: Determine the directions of the forces. Since all charges are negative, they repel each other. The two forces acting on the charge at the right-angle vertex will be directed away from the other two charges, along the legs of the triangle. Because it's a right triangle, these two forces are perpendicular to each other.
Step 5: The magnitude of the net electric force acting on the charge at the right-angle vertex is approximately 56.57 × 10^-6 N.",56.57*10^-6,N
LD245,"Three electric charges, q1 = q2 = q3 = -1 × 10^-7 C, are placed at the three vertices of an equilateral triangle with a side length of 10 cm. Calculate the resultant electric force acting on q3.","Step 1: Identify the given values and Coulomb's constant (k = 9 × 10^9 N m^2/C^2).
Step 2: The charges are q1 = q2 = q3 = -1 × 10^-7 C, and the distance between any two charges (side length of the equilateral triangle) is r = 10 cm = 0.10 m.
Step 3: Calculate the magnitude of the electric force between any two charges (e.g., F13, the force from q1 on q3, or F23, the force from q2 on q3) using Coulomb's Law, F = k × |q1 × q2| / r^2.
Step 4: F13 = F23 = (9 × 10^9 N m^2/C^2) × (|-1 × 10^-7 C| × |-1 × 10^-7 C|) / (0.10 m)^2 = (9 × 10^9) × (1 × 10^-14) / (0.01) = 9 × 10^-3 N.
Step 5: The magnitude of the resultant electric force acting on q3 is approximately 0.016 N.",0.016,N
LD246,"Three identical charges, q = +8 × 10^-6 C, are placed at the three vertices of a right isosceles triangle with leg lengths of 20 cm. Calculate the net force acting on the charge at the right-angle vertex.","Step 1: Identify the given values: the magnitude of each charge q = +8 × 10^-6 C, and the leg length of the right isosceles triangle r = 20 cm = 0.20 m.
Step 2: The charge at the right-angle vertex experiences two electrostatic forces: one from each of the other two identical charges. Let's call these forces F1 and F2.
Step 3: Calculate the magnitude of each force using Coulomb's Law, F = k × |q1 × q2| / r^2. Since the charges are identical `q` and the distances are equal r, F1 = F_2 = F_0 = k × q^2 / r^2.
Step 4: Due to the charges being identical and positive, both forces F1 and F2 are repulsive. Since they act along the legs of a right isosceles triangle at the right-angle vertex, the two forces F1 and F2 are perpendicular to each other.
Step 5: The magnitude of the net electric force acting on the charge at the right-angle vertex is approximately 20.36 N.",20.360,N
LD247,"Two charges, q1 = +8 × 10^-7 C and q2 = -8 × 10^-7 C, are placed at points A and B, 12 cm apart. A test charge q = 10^-6 C is placed at point M, which is on the perpendicular bisector of AB and 5 cm away from AB. Calculate the resultant electric force acting on q.","Step 1: Convert all given distances from centimeters to meters.
Step 2: Determine the distance from each charge (q1 at A, q2 at B) to the test charge (q at M).
Step 3: Calculate the magnitude of the electric force exerted by each charge on the test charge using Coulomb's Law (F = k × |q1 × q2| / r^2), where k = 9 × 10^9 N m^2 / C^2.
Step 4: Determine the direction of the individual forces and analyze their components.
Step 5: The magnitude of the net electric force acting on the test charge q is approximately 1.814 N.",1.814,N
LD248,"Two electric charges q1 = +7 × 10^-6 C and q2 = -7 × 10^-6 C are placed at points A and B, separated by 6 cm. A test charge q = 10^-8 C is placed at point M, which lies on the perpendicular bisector of the line segment AB, 3 cm away from AB. Calculate the net electric force acting on q.","Step 1: Convert given distances to meters and define known constants.
Step 2: Determine the distance from charge q1 (at A) to test charge q (at M) and from charge q2 (at B) to test charge q (at M).
Step 3: Calculate the magnitude of the force F1 exerted by q1 on q using Coulomb's Law.
Step 4: Calculate the magnitude of the force F2 exerted by q2 on q using Coulomb's Law.
Step 5: The magnitude of the net electric force acting on the test charge q is approximately 0.495 N.",0.495,N
LD249,"Two charges q1 = +6 × 10^-6 C and q2 = -6 × 10^-6 C, and a test charge q = 10^-8 C are placed at points A and B, 6 cm apart. The test charge q is placed at point M, which lies on the perpendicular bisector of AB, 5 cm from AB. Calculate the resultant electric force acting on q.","Step 1: Convert given distances to meters: the distance between points A and B is 0.06 m, and the distance from point M to the line AB is 0.05 m.
Step 2: Since M is on the perpendicular bisector of AB, the distance from A to the midpoint of AB is 0.06 m / 2 = 0.03 m. The distance from q1 (at A) to q (at M) is the hypotenuse of a right triangle with legs 0.03 m and 0.05 m, so r = sqrt((0.03 m)^2 + (0.05 m)^2) = sqrt(0.0009 + 0.0025) = sqrt(0.0034) m. This is also the distance from q2 (at B) to q.
Step 3: Calculate the magnitude of the electric force exerted by q1 on q using Coulomb's Law (F = k|q1q| / r^2), where k = 9 × 10^9 N m^2 / C^2. F1 = (9 × 10^9 N m^2 / C^2) × |(6 × 10^-6 C) × (10^-8 C)| / (0.0034 m^2) = 0.1588 N (approximately).
Step 4: Calculate the magnitude of the electric force exerted by q2 on q. Since |q1| = |q2| and the distances are equal, F2 = F1 = 0.1588 N.
Step 5: The magnitude of the net electric force acting on the test charge q is approximately 0.163 N.",0.163,N
LD250,"Two electric charges, q1 = +5 × 10^-7 C and q2 = -5 × 10^-7 C, are placed at two points A and B, 10 cm apart. A third charge q3 = -5 × 10^-7 C is placed at the midpoint of AB. Calculate the electric force acting on q3.","Step 1: Identify the given electric charges and the distance between points A and B.
Step 2: Determine the distances from q3 to q1 (r13) and from q3 to q2 (r23), and recall Coulomb's constant, k.
Step 3: Calculate the magnitude of the force (F13) exerted by q1 on q3 using Coulomb's Law, and determine its direction.
Step 4: Calculate the magnitude of the force (F23) exerted by q2 on q3 using Coulomb's Law, and determine its direction.
Step 5: The magnitude of the net electric force acting on q3 is 1.8 N.",1.8,N
LD251,Three identical charges q = -2 × 10^-7 C are placed at the three vertices of an isosceles right triangle with legs of 15 cm. Calculate the net force acting on the charge at the right-angled vertex.,"Step 1: Identify the given values: charge q = -2 × 10^-7 C for all three charges, and the length of the legs of the isosceles right triangle L = 15 cm.
Step 2: Convert the leg length to meters: L = 15 cm = 0.15 m.
Step 3: Recognize that the charges at the ends of the legs will exert forces on the charge at the right-angled vertex. Since all charges are identical and negative, these forces will be repulsive.
Step 4: Calculate the magnitude of the force exerted by one leg charge on the right-angle charge using Coulomb's Law, F = k × |q1×q2| / r^2, where k is Coulomb's constant (approximately 8.9875 × 10^9 N m^2 / C^2).
Step 5: The magnitude of the net electric force acting on the charge at the right-angle vertex is approximately 0.023 N.",0.023,N
LD252,Three identical charges q = +6 × 10^-8 C are placed at the three vertices of an isosceles right triangle with legs of 15 cm. Calculate the net force acting on the charge at the right-angle vertex.,"Step 1: Identify the given values: charge q = +6 × 10^-8 C and leg length r = 15 cm = 0.15 m.
Step 2: State Coulomb's constant: k = 9 × 10^9 N m^2 / C^2.
Step 3: The charge at the right-angle vertex experiences two repulsive forces, one from each of the other two identical charges.
Step 4: Due to the isosceles right triangle, the distance from each of the other two charges to the right-angle vertex charge is the same (r = 0.15 m). Therefore, the magnitude of each individual force (F) is identical.
Step 5: The magnitude of the net electric force acting on the charge at the right-angle vertex is approximately 2.036 × 10^-3 N.",2.036*10^-3,N
LD253,Three electric charges q1 = q2 = q3 = +5 × 10^-6 C are placed at the three vertices of an equilateral triangle with a side length of 12 cm. Calculate the total electric force acting on q3.,"Step 1: Identify the given values and the Coulomb's constant.
Step 2: Convert the side length from centimeters to meters.
Step 3: Calculate the magnitude of the electric force exerted by q1 on q3 (F13) using Coulomb's Law, F = k × |q1 × q3| / r^2.
Step 4: Calculate the magnitude of the electric force exerted by q2 on q3 (F23) using Coulomb's Law. (Note: Since q1 = q2 = q3 and distances are equal, F13 = F23).
Step 5: The magnitude of the net electric force acting on q3 is approximately 27.06 N.",27.06,N
LD254,"Three identical charges, each with q = -6 × 10^-8 C, are placed at the three vertices of an isosceles right triangle with legs of 20 cm. Calculate the net force acting on the charge at the right angle.","Step 1: Identify the given values: charge q = -6 × 10^-8 C for each of the three identical charges, and leg length L = 20 cm = 0.20 m for the isosceles right triangle.
Step 2: Recognize that the charge at the right angle (let's call it A) experiences two repulsive forces from the other two charges (B and C) because all charges are identical and negative.
Step 3: Calculate the magnitude of the force exerted by charge B on charge A (F_BA) using Coulomb's Law: F = k × |q1×q2| / r^2, where k = 8.99 × 10^9 N m^2/C^2 and r is the distance between charges (L = 0.20 m).
Step 4: F_BA = (8.99 × 10^9 N m^2/C^2) × (|-6 × 10^-8 C × -6 × 10^-8 C|) / (0.20 m)^2.
Step 5: The magnitude of the net electric force acting on the charge at the right-angle vertex is approximately 1.144 × 10^-3 N.",1.144*10^-3,N
LD255,"Two electric charges, q1 = +5 × 10^-7 C and q2 = -5 × 10^-7 C, and a third charge q = 10^-8 C. Charges q1 and q2 are placed at points A and B, 10 cm apart. The test charge q is placed at point M, which lies on the perpendicular bisector of the line segment AB, 5 cm away from AB. Calculate the net electric force acting on q.","Step 1: Identify the given charges: q1 = +5 × 10^-7 C, q2 = -5 × 10^-7 C, and test charge q = +10^-8 C (assuming positive as given in the calculation).
Step 2: Identify the given distances: distance AB = 10 cm (0.10 m) and the distance from point M (where q is placed) to the midpoint of AB = 5 cm (0.05 m).
Step 3: Calculate the distance from q1 to q (AM) and q2 to q (BM) using the Pythagorean theorem: AM = BM = √((0.05 m)^2 + (0.05 m)^2) = 0.05√2 m.
Step 4: Using Coulomb's constant k = 9 × 10^9 N m^2 / C^2, calculate the magnitudes of force F1 (from q1 on q) and F2 (from q2 on q): F1 = F2 = k × |q1 × q| / AM^2 = 0.009 N.
Step 5: The magnitude of the net electric force acting on the test charge q is approximately 12.71 × 10^-3 N.",12.71*10^-3,N
LD256,Three identical charges q = +6 × 10^-7 C are placed at the three vertices of an isosceles right triangle with sides of 10 cm. Calculate the net force acting on the charge at the right angle vertex.,"Step 1: Identify the given charge value and target charge. The value of each identical charge is q = +6 × 10^-7 C. We need to find the net force on the charge located at the right angle vertex.
Step 2: Determine the geometry and distances. The triangle is an isosceles right triangle with sides of 10 cm. This means the two equal sides (legs) meet at the right angle vertex. Therefore, the distance (r) from each of the other two charges to the charge at the right angle vertex is 10 cm, which is 0.10 m.
Step 3: Identify the individual forces acting on the charge at the right angle vertex (let's call it C). There are two forces: F1 from the charge at vertex A, and F2 from the charge at vertex B.
Step 4: Determine the direction of these forces. Since all charges are positive, the forces are repulsive. F1 acts along the leg from C, pointing away from A. F2 acts along the leg from C, pointing away from B. Because it's a right triangle, these two forces (F1 and F2) are perpendicular to each other.
Step 5: The magnitude of the net electric force acting on the charge at the right-angle vertex is approximately 0.458 N.",0.458,N
LD257,"Two electric charges, q1 = +8 × 10^-8 C and q2 = -8 × 10^-8 C, are placed at points A and B, separated by 8 cm. A charge q3 = +8 × 10^-8 C is placed at the midpoint of AB. Calculate the electric force acting on q3.","Step 1: Identify the given charges and their values.
Step 2: Determine the positions and distances between the charges.
Step 3: Calculate the force exerted by q1 on q3 (F13).
Step 4: Calculate the force exerted by q2 on q3 (F23).
Step 5: The magnitude of the net electric force acting on q3 is 71.92 × 10^-3 N.",71.92*10^-3,N
LD258,"Three identical charges, q = +6 × 10^-7 C, are placed at the three vertices of a right isosceles triangle with legs of 20 cm. Calculate the net force acting on the charge at the right angle.","Step 1: The identical charge value is q = +6 × 10^-7 C. The length of the legs of the right isosceles triangle is L = 20 cm = 0.20 m.
Step 2: Let the charge at the right angle be Q_R, and the other two charges be Q_1 and Q_2, placed at the ends of the legs.
Step 3: The force exerted by Q_1 on Q_R, denoted F_1, and the force exerted by Q_2 on Q_R, denoted F_2, both act on Q_R.
Step 4: According to Coulomb's Law, the magnitude of the force between two point charges q_a and q_b separated by distance r is F = k × |q_a × q_b| / r^2, where k is Coulomb's constant.
Step 5: The magnitude of the net electric force acting on the charge at the right-angle vertex is approximately 0.115 N.",0.115,N
LD259,"Two charges, q1 = +8 × 10^-8 C and q2 = -8 × 10^-8 C, are placed at points A and B, 10 cm apart. A test charge q = 10^-8 C is placed at point M, which lies on the perpendicular bisector of AB, 5 cm away from AB. Calculate the resultant electric force acting on q.","Step 1: Identify the given charges and distances.
Step 2: Calculate the distance from the test charge q (at M) to q1 (at A) and q2 (at B).
Step 3: Calculate the magnitude of the electric force F1 exerted by q1 on q.
Step 4: Calculate the magnitude of the electric force F2 exerted by q2 on q.
Step 5: The magnitude of the net electric force acting on the test charge q is approximately 2.036 × 10^-3 N.",2.036*10^-3,N
LD260,"Three identical charges, q = +2 × 10^-8 C, are placed at the three vertices of an isosceles right triangle with legs of 15 cm. Calculate the net force acting on the charge located at the right-angle vertex.","Step 1: Identify the given information: three identical charges q = +2 × 10^-8 C, and an isosceles right triangle with leg lengths L = 15 cm.
Step 2: Convert the leg length to meters: L = 15 cm = 0.15 m.
Step 3: The target charge is at the right-angle vertex. The other two charges are at the ends of the legs. The distance from each of these two charges to the target charge is L = 0.15 m.
Step 4: State Coulomb's Law for the magnitude of the electrostatic force F = k × |q1 × q2| / r^2, where k is Coulomb's constant (approximately 9 × 10^9 N×m^2 / C^2).
Step 5: The magnitude of the net electric force acting on the charge at the right-angle vertex is approximately 0.226 × 10^-3 N.",0.226*10^-3,N
LD261,"Three charges, q1 = q2 = q3 = -4 × 10⁻⁶ C, are placed at the three vertices of an equilateral triangle with sides of 15 cm. Calculate the net electric force acting on q3.","Step 1: Identify the given values for charges and side length.
Step 2: State Coulomb's Law to calculate the magnitude of the force between two point charges.
Step 3: Calculate the magnitude of the electric force between any two charges using Coulomb's Law.
Step 4: Determine the directions of the forces acting on q3 due to q1 (F13) and q2 (F23).
Step 5: The magnitude of the net electric force acting on q3 is approximately 11.0851 N.",11.0851,N
LD262,"Two electric charges, q1 = +1 × 10^-8 C and q2 = -1 × 10^-8 C, are placed at points A and B, 10 cm apart. A test charge q = 10^-8 C is placed at point M, which lies on the perpendicular bisector of AB and is 5 cm away from AB. Calculate the net electric force acting on q.","Step 1: Identify the given values and necessary physical constants.
Step 2: Determine the distances from points A and B to point M.
Step 3: Calculate the magnitude of the electric force F1 acting on q due to q1.
Step 4: Determine the direction of F1.
Step 5: The magnitude of the net electric force acting on the test charge q is approximately 2.55 × 10^-4 N.",2.55 × 10^-4,N
LD263,"Two electric charges, q1 = +1 × 10^-8 C and q2 = -1 × 10^-8 C, are placed at points A and B, 6 cm apart. A test charge q = 1 × 10^-8 C is placed at point M, which is on the perpendicular bisector of AB, 4 cm away from the midpoint of AB. Calculate the net electric force acting on q.","Step 1: Identify the given charges and distances.
Step 2: Determine the geometry and relevant distances.
Step 3: Calculate the magnitude of the force F1 (on q by q1) using Coulomb's Law (F = k|q1q2| / r^2), where k = 9 × 10^9 N×m^2 / C^2.
Step 4: Calculate the magnitude of the force F2 (on q by q2).
Step 5: The magnitude of the net electric force acting on the test charge q is 0.4315 × 10^-3 N.",0.4315*10^-3,N
LD264,"Two charges, q1 = +8 × 10^-6 C and q2 = -8 × 10^-6 C, are placed at points A and B, which are 6 cm apart. A test charge q = 10^-8 C is placed at point M, which lies on the perpendicular bisector of AB and is 5 cm away from AB. Calculate the net electric force acting on q.","Step 1: Identify given values and convert distances to meters.
Step 2: Calculate the distance from each charge (q1 at A, q2 at B) to the test charge (q at M).
Step 3: Calculate the magnitude of the electric force exerted by q1 on q (F1) and by q2 on q (F2) using Coulomb's Law (F = k × |Q1 × Q2| / r^2, where k = 8.99 × 10^9 N m^2 / C^2).
Step 4: Determine the direction of the forces.
Step 5: The magnitude of the net electric force acting on the test charge q is approximately 0.218 N.",0.218,N
LD265,"Three identical charges, q = -7 × 10^-6 C, are placed at the three vertices of an isosceles right triangle with legs of 15 cm. Calculate the net force acting on the charge at the right-angle vertex.","Step 1: Identify the magnitude of each charge q = 7 × 10^-6 C and the length of the legs (distance between charges) r = 15 cm = 0.15 m.
Step 2: Recognize that all charges are identical and negative, meaning the electrostatic forces between them are repulsive.
Step 3: Define the two forces acting on the charge at the right-angle vertex: one from each of the other two charges. Due to symmetry and equal distances, the magnitudes of these two forces (F) will be equal.
Step 4: Calculate the magnitude of one of these forces using Coulomb's Law: F = k × q^2 / r^2, where k = 8.9875 × 10^9 N×m^2 / C^2.
Step 5: The magnitude of the net electric force acting on the charge at the right-angle vertex is approximately 27.68 N.",27.68,N
LD266,"Two point charges, q1 = +9 × 10^-7 C and q2 = -9 × 10^-7 C, are placed at points A and B, 12 cm apart. A test charge q = 10^-8 C is placed at point M, which lies on the perpendicular bisector of AB, 3 cm away from AB. Calculate the net electric force acting on q.","Step 1: Identify the given charges and distances, converting to SI units.
Step 2: Determine the distances from points A and B to M.
Step 3: Calculate the magnitude of the electric force F1 acting on q due to q1.
Step 4: Calculate the magnitude of the electric force F2 acting on q due to q2.
Step 5: The magnitude of the net electric force acting on the test charge q is approximately 32.16 × 10^-3 N.",32.16*10^-3,N
LD267,"Two electric charges q1 = +7 × 10^-6 C and q2 = -7 × 10^-6 C are placed at points A and B, separated by 10 cm. A charge q3 = +7 × 10^-6 C is placed at the midpoint of AB. Calculate the electric force acting on q3.","Step 1: Identify the given charges: q1 = +7 × 10^-6 C, q2 = -7 × 10^-6 C, and q3 = +7 × 10^-6 C.
Step 2: Determine the distances. The total separation between A and B is 10 cm (0.10 m). Since q3 is at the midpoint, the distance from q1 to q3 (r13) is 0.05 m, and the distance from q2 to q3 (r23) is also 0.05 m.
Step 3: Calculate the magnitude of the force F13 exerted by q1 on q3 using Coulomb's Law (F = k × |q1×q3| / r^2), where k = 9 × 10^9 N m^2 / C^2.
Step 4: F13 = (9 × 10^9 N m^2 / C^2) × |(7 × 10^-6 C) × (7 × 10^-6 C)| / (0.05 m)^2 = 176.4 N.
Step 5: The magnitude of the net electric force acting on q3 is 352.8 N.",352.8,N
LD268,"Three identical charges, q = +3 × 10^-8 C, are placed at the three vertices of an isosceles right triangle with legs of 15 cm. Calculate the net force acting on the charge at the right-angled vertex.","Step 1: Identify the given values: charge q = +3 × 10^-8 C for all three charges, and the length of the legs of the isosceles right triangle is 15 cm.
Step 2: Convert the leg length from centimeters to meters: r = 15 cm = 0.15 m.
Step 3: State Coulomb's Law (F = k × |q1×q2| / r^2) and the value of Coulomb's constant (k = 9 × 10^9 N m^2 / C^2).
Step 4: Calculate the magnitude of the force (F_leg) exerted by each charge on a leg onto the charge at the right-angled vertex. Since the charges are identical and the distances are equal, both forces will have the same magnitude: F_leg = (9 × 10^9 N m^2 / C^2) × (+3 × 10^-8 C)^2 / (0.15 m)^2 = 3.6 × 10^-4 N.
Step 5: The magnitude of the net electric force acting on the charge at the right-angle vertex is approximately 0.5 × 10^-3 N.",0.5*10^-3,N
LD269,Three identical charges q = -8 × 10^-8 C are placed at the three vertices of an isosceles right triangle with 15 cm legs. Calculate the net force acting on the charge at the right angle vertex.,"Step 1: Identify the given values and the geometric setup.
Step 2: Calculate the magnitude of the electrostatic force exerted by one leg charge on the charge at the right-angle vertex using Coulomb's Law: F = k × |q1 × q2| / r^2.
Step 3: Perform the calculation for F_individual.
Step 4: Determine the direction of these forces on the charge at the right-angle vertex.
Step 5: The magnitude of the net electric force acting on the charge at the right-angle vertex is approximately 3.62 × 10^-3 N.",3.62*10^-3,N
LD270,"Two point charges, q1 = +4 × 10^-6 C and q2 = -4 × 10^-6 C, are located at points A and B, separated by 8 cm. A third charge, q3 = -4 × 10^-6 C, is placed at the midpoint of AB. Calculate the net electric force acting on q3.","Step 1: Identify the given charges and their values: q1 = +4 × 10^-6 C, q2 = -4 × 10^-6 C, and q3 = -4 × 10^-6 C.
Step 2: Determine the distances. The total separation between q1 and q2 is 8 cm. Since q3 is placed at the midpoint of AB, the distance from q1 to q3 (r13) is 8 cm / 2 = 4 cm. Similarly, the distance from q2 to q3 (r23) is 8 cm / 2 = 4 cm. Convert this distance to meters: 4 cm = 0.04 m.
Step 3: Recall Coulomb's Law for the force between two point charges: F = k × |q1 × q2| / r^2, where k is Coulomb's constant, approximately 9 × 10^9 N m^2 / C^2.
Step 4: Calculate the magnitude of the force exerted by q1 on q3 (F13). F13 = (9 × 10^9 N m^2/C^2) × |(+4 × 10^-6 C) × (-4 × 10^-6 C)| / (0.04 m)^2 = (9 × 10^9) × (16 × 10^-12) / (1.6 × 10^-3) = 90 N.
Step 5: The magnitude of the net electric force acting on q3 is 180 N.",180.0,N
LD271,"Three identical charges, q = +5 × 10^-8 C, are placed at the three vertices of an isosceles right triangle with legs 20 cm long. Calculate the net force acting on the charge at the right-angle vertex.","Step 1: Convert the leg length from centimeters to meters: r = 20 cm = 0.20 m.
Step 2: Identify the given charge value q = +5 × 10^-8 C and Coulomb's constant k = 9 × 10^9 N m^2 / C^2.
Step 3: Calculate the magnitude of the force exerted by one charge on the charge at the right-angle vertex using Coulomb's Law: F = k × q^2 / r^2 = (9 × 10^9 N m^2 / C^2) × (+5 × 10^-8 C)^2 / (0.20 m)^2 = 5.625 × 10^-4 N.
Step 4: Recognize that there are two such forces acting on the charge at the right-angle vertex, one from each leg-charge. Both forces have the same magnitude (F) and are perpendicular to each other (due to the right angle).
Step 5: The magnitude of the net electric force acting on the charge at the right-angle vertex is approximately 7.95 × 10^-4 N.",7.95 × 10^-4,N
LD272,"Two charges q1 = +1 × 10^-6 C and q2 = -1 × 10^-6 C are placed at points A and B, 12 cm apart. A test charge q = 1 × 10^-6 C is placed at point M, which is located on the perpendicular bisector of AB, 5 cm from AB. Calculate the net electric force acting on q.","Step 1: Identify given values and convert distances to SI units.
Step 2: Determine the geometry and calculate the distance from q1 to q (r_AM) and from q2 to q (r_BM).
Step 3: Calculate the magnitude of the electric force F1m exerted by q1 on q.
Step 4: Calculate the magnitude of the electric force F2m exerted by q2 on q.
Step 5: The magnitude of the net electric force acting on the test charge q is approximately 2.273 N.",2.273,N
LD273,"Two point charges q1 = +7 × 10^-6 C and q2 = -7 × 10^-6 C are placed at points A and B, separated by 6 cm. A third point charge q3 = +7 × 10^-6 C is placed at the midpoint of AB. Calculate the electric force acting on q3.","Step 1: The given charges are q1 = +7 × 10^-6 C, q2 = -7 × 10^-6 C, and q3 = +7 × 10^-6 C.
Step 2: Charges q1 and q2 are separated by 6 cm. Charge q3 is placed at the midpoint of AB. Therefore, the distance from q1 to q3 (r13) is 6 cm / 2 = 3 cm, and the distance from q2 to q3 (r23) is also 3 cm. Converting to meters, r13 = r23 = 0.03 m.
Step 3: Calculate the magnitude of the force F13 exerted by q1 on q3 using Coulomb's Law, F = k × |q_a × q_b| / r^2. F13 = (9 × 10^9 N m^2 / C^2) × |(7 × 10^-6 C) × (7 × 10^-6 C)| / (0.03 m)^2 = 490 N.
Step 4: Since q1 is positive and q3 is positive, the force F13 is repulsive, acting away from q1 along the line AB.
Step 5: The magnitude of the net electric force acting on q3 is 980 N.",980.0,N
LD274,"Two point charges, q1 = +8 × 10^-6 C and q2 = -8 × 10^-6 C, are placed at points A and B, separated by 10 cm. A test charge q with a magnitude of 10^-6 C is placed at point M, which lies on the perpendicular bisector of AB, at a distance of 3 cm from AB. Calculate the net electric force acting on the test charge q.","Step 1: Identify given values and convert units to SI.
Step 2: Determine the geometry.
Step 3: Calculate the distance (r) from each source charge (q1 and q2) to the test charge (q).
Step 4: Calculate the magnitude of the force (F_mag) exerted by q1 on q and q2 on q using Coulomb's Law (F = k × |Q1 × Q2| / r^2).
Step 5: The magnitude of the net electric force acting on the test charge $q$ is approximately 36.32 N.",36.32,N
LD275,"Two electric charges, q1 = +3 × 10^-7 C and q2 = -3 × 10^-7 C, are placed at two points A and B, separated by 8 cm. A charge q3 = -3 × 10^-7 C is placed at the midpoint of AB. Calculate the electric force acting on q3.","Step 1: Identify the given charges and the distance between points A and B.
Step 2: Determine the position of charge q3, which is at the midpoint of AB, and convert all distances to meters.
Step 3: Calculate the distance from q1 to q3 (r13) and from q2 to q3 (r23). Both are (8 cm) / 2 = 4 cm = 0.04 m.
Step 4: Calculate the magnitude of the electric force exerted by q1 on q3 (F13) using Coulomb's Law F = k|q1q3| / r², where k = 9 × 10^9 N×m^2 / C^2.
Step 5: The magnitude of the net electric force acting on q3 is 1.0125 N.",1.0125,N
LD276,"Two electric charges q1 = +9 × 10^-7 C and q2 = -9 × 10^-7 C are placed at points A and B, separated by 8 cm. A charge q3 = -9 × 10^-7 C is placed at the midpoint of AB. Calculate the electric force acting on q3.","Step 1: Identify the given charges and their positions.
Step 2: Convert the distance between A and B from cm to meters. Distance AB = 8 cm = 0.08 m.
Step 3: Determine the distance from q3 to q1 (r13) and from q3 to q2 (r23), since q3 is at the midpoint of AB.
Step 4: Calculate the electric force F13 exerted by q1 on q3 using Coulomb's Law (F = k |q1 q3| / r13^2).
Step 5: The magnitude of the net electric force acting on q3 is 9.1125 N.",9.1125,N
LD277,Three identical charges q = +5 × 10^-6 C are placed at the three vertices of an isosceles right triangle with side length 10 cm. Calculate the net force acting on the charge at the right-angle vertex.,"Step 1: Identify the given values: charge q = +5 × 10^-6 C, side length a = 10 cm.
Step 2: Convert the side length to meters: a = 10 cm = 0.1 m.
Step 3: Recognize that the charge at the right-angle vertex experiences two repulsive forces, F1 and F2, from the other two identical charges. The distance for both forces is the side length 'a'.
Step 4: Calculate the magnitude of one of these forces using Coulomb's Law (F = k × q^2 / a^2), where k = 9 × 10^9 N×m^2 / C^2.
Step 5: The magnitude of the net electric force acting on the charge at the right-angle vertex is approximately 31.82 N.",31.820,N
LD278,"Two electric charges, q1 = +9 × 10^-8 C and q2 = -9 × 10^-8 C, are placed at points A and B respectively, which are 10 cm apart. A test charge q = 10^-6 C is placed at point M, which lies on the perpendicular bisector of the line segment AB, 3 cm away from AB. Calculate the net electric force acting on q.","Step 1: Identify the given charges and Coulomb's constant.
Step 2: Determine the distances in the setup.
Step 3: Calculate the magnitude of the force F1 exerted by q1 on q.
Step 4: Calculate the magnitude of the force F2 exerted by q2 on q.
Step 5: The magnitude of the net electric force acting on the test charge q is approximately 0.409 N.",0.409,N
LD279,Three electric charges q1 = q2 = q3 = -2 × 10^-6 C are placed at the 3 vertices of an equilateral triangle with side length 15 cm. Calculate the resultant electric force acting on q3.,"Step 1: Identify the given charges and the geometry of their arrangement.
Step 2: Identify the individual electric forces acting on q3.
Step 3: Determine the nature and direction of these forces.
Step 4: Calculate the magnitude of the individual forces using Coulomb's Law: F = k × |q_a × q_b| / r^2.
Step 5: The magnitude of the net electric force acting on q3 is approximately 2.7713 N.",2.7713,N
LD280,"Two charges, q1 = +2 × 10^-7 C and q2 = -2 × 10^-7 C, are placed at two points A and B, 8 cm apart. A charge q3 = +2 × 10^-7 C is placed at the midpoint of AB. Calculate the electric force acting on q3.","Step 1: Identify the given charges and the total distance between points A and B.
Step 2: Determine the position of charge q3 and calculate the distances from q3 to q1 (r13) and from q3 to q2 (r23).
Step 3: Convert the distances from centimeters to meters.
Step 4: Analyze the force exerted by q1 on q3 (F13). Since q1 and q3 are both positive, the force is repulsive and acts in the direction from A towards B.
Step 5: The magnitude of the net electric force acting on q3 is exactly 0.45 N.",0.45,N
LD281,Three charges q1 = q2 = q3 = -2 × 10^-7 C are placed at the 3 vertices of an equilateral triangle with side length 15 cm. Calculate the net electric force acting on q3.,"Step 1: Identify the given values from the question: charges q1 = q2 = q3 = -2 × 10^-7 C, side length r = 15 cm. Coulomb's constant k = 9 × 10^9 N×m^2 / C^2.
Step 2: Convert the side length to meters: r = 15 cm = 0.15 m. 
Step 3: Calculate the magnitude of the force between any two charges (e.g., F13, force on q3 due to q1, or F23, force on q3 due to q2) using Coulomb's Law, F = k × |q1 × q2| / r^2.
Step 4: F = (9 × 10^9 N×m^2 / C^2) × (2 × 10^-7 C)^2 / (0.15 m)^2 = 0.016 N. So, F13 = F23 = 0.016 N.
Step 5: The magnitude of the net electric force acting on q3 is approximately 27.7 × 10^-3 N.",27.7*10^-3,N
LD282,"Three identical charges, q = -7 × 10^-8 C, are placed at the three vertices of an isosceles right triangle with legs of 15 cm. Calculate the net force acting on the charge at the right-angle vertex.","Step 1: Identify the given values: charge q = -7 × 10^-8 C, leg length r = 15 cm = 0.15 m. Coulomb's constant k = 8.99 × 10^9 N m^2/C^2.
Step 2: Recognize that the charges at the ends of the legs (let's call them q1 and q2) will exert forces on the charge at the right-angle vertex (q3). Due to identical negative charges, these forces will be repulsive.
Step 3: Calculate the magnitude of the force exerted by one leg charge on the right-angle charge using Coulomb's Law, F = k × |q1×q2| / r^2. Since the legs are equal, F1 = F2 = F.
Step 4: Since the triangle is an isosceles right triangle, the two forces calculated in Step 3 are perpendicular to each other.
Step 5: Calculate the magnitude of the individual forces (F13 and F23).
Step 6: Determine the direction of the forces.
Step 7: The net force acting on the charge at the right-angle vertex is 2.77 × 10^-3 N.",2.77*10^-3,N
LD283,"Three charges, q1 = q2 = q3 = -1 × 10^-7 C, are placed at the three vertices of an equilateral triangle with a side length of 12 cm. Calculate the net electric force acting on q3.","Step 1: Identify the given values and constant.
Step 2: Calculate the magnitude of the electrostatic force between any two charges.
Step 3: Determine the direction of the forces on q3.
Step 4: Resolve the forces into x and y components.
Step 5: Calculate the magnitude of the forces F13 and F23.
Step 6: Determine the direction and angle between forces.
Step 7: The net electric force acting on q3 is 10.83 × 10^-3 N.",10.83*10^-3,N
LD284,"Two charges q1 = +4 × 10^-8 C and q2 = -4 × 10^-8 C are placed at points A and B, 8 cm apart. A charge q3 = -4 × 10^-8 C is placed at the midpoint of AB. Calculate the electric force acting on q3.","Step 1: Identify the given charges: q1 = +4 × 10^-8 C, q2 = -4 × 10^-8 C, q3 = -4 × 10^-8 C.
Step 2: Identify the total distance between points A and B as 8 cm (0.08 m).
Step 3: Determine the position of q3. Since q3 is at the midpoint of AB, the distance from q1 to q3 (r13) and q2 to q3 (r23) is 0.08 m / 2 = 0.04 m.
Step 4: Use Coulomb's constant k = 9 × 10^9 N×m²/C² for calculations.
Step 5: Calculate the magnitude of the force exerted by q1 on q3 (F13).
Step 6: Calculate the magnitude of the force exerted by q2 on q3 (F23).
Step 7: The electric force acting on q3 is 0.018 N.",0.018,N
LD285,"Three identical charges, q = +3 × 10^-7 C, are placed at the three vertices of an isosceles right triangle with legs of 10 cm. Given that Couloumb's constant k = 9 x 10^-6. Calculate the net force acting on the charge at the right angle. Round the answer to three decimal places.","Step 1: Identify the given values: charge q = +3 × 10^-7 C for all three charges, and leg length of the isosceles right triangle = 10 cm.
Step 2: Convert the leg length from centimeters to meters: 10 cm = 0.1 m.
Step 3: Recognize that the two charges at the acute vertices exert electrostatic forces on the charge located at the right-angle vertex.
Step 4: Calculate the magnitude of the force (F) exerted by one of the charges at an acute vertex on the charge at the right angle using Coulomb's Law (F = k × q^2 / r^2), where k = 9 × 10^9 N×m²/C²: F = (9 × 10^9 N×m²/C²) × (+3 × 10^-7 C)^2 / (0.1 m)^2 = 0.081 N. 
Step 5: Apply the vector addition rule for perpendicular forces. Since the two forces (F1 and F2) are equal in magnitude (0.081 N) and act at a 90-degree angle to each other along the legs of the triangle, the net force is the hypotenuse of the force vector triangle is F_net = sqrt(F1^2 + F2^2), where F_net = sqrt((0.081 N)^2 + (0.081 N)^2) = 0.115",0.115,N
LD286,"Two electric charges, q1 = +9 × 10^-6 C and q2 = -9 × 10^-6 C, are placed at two points A and B, separated by 10 cm. A charge q3 = +9 × 10^-6 C is placed at the midpoint of AB. Calculate the electric force acting on q3.","Step 1: Identify the given values: charge q1 = +9 × 10^-6 C, q2 = -9 × 10^-6 C, and q3 = +9 × 10^-6 C. The total separation between A and B is 10 cm. The standard value for Coulomb's constant is k = 9 × 10^9 N×m²/C².
Step 2: Convert the total distance from centimeters to meters: 10 cm = 0.10 m. Since q3 is placed at the midpoint, the distance from q1 to q3 (r13) and from q2 to q3 (r23) is 0.10 m / 2 = 0.05 m.
Step 3: Calculate the magnitude of the force (F13) exerted by q1 on q3 using Coulomb's Law (F = k × |q1 × q3| / r^2), where F13 = (9 × 10^9 N×m²/C²) × |(+9 × 10^-6 C) × (+9 × 10^-6 C)| / (0.05 m)² = 291.6 N. Since both charges are positive, the force is repulsive and acts from A towards B.
Step 4: Calculate the magnitude of the force (F23) exerted by q2 on q3 using Coulomb's Law (F = k × |q2 × q3| / r^2), where F23 = (9 × 10^9 N×m²/C²) × |(-9 × 10^-6 C) × (+9 × 10^-6 C)| / (0.05 m)² = 291.6 N. Since q2 is negative and q3 is positive, the force is attractive and acts from q3 towards B.
Step 5: Apply the vector addition rule for forces acting in the same direction. Since both F13 and F23 act in the same direction toward B, the net force is F_net = F13 + F23, where F_net = 291.6 N + 291.6 N = 583.2 N.
The final net force acting on q3 is 583.2 N directed toward point B.",583.2,N
LD287,"Two electric charges, q1 = +3 × 10^-7 C and q2 = -3 × 10^-7 C, are placed at points A and B, 10 cm apart. A test charge q = 10^-6 C is placed at point M, which is on the perpendicular bisector of AB, 4 cm away from the line segment AB. Calculate the net electric force acting on q.","Step 1: Identify the given values and convert distances to meters. The charges are q1 = +3 × 10⁻⁷ C, q2 = -3 × 10⁻⁷ C, and the test charge q = 10⁻⁶ C. The distance AB = 10 cm = 0.1 m, so the distance from the midpoint O to point A or B is 0.05 m. The distance from the midpoint O to point M is 4 cm = 0.04 m. The Coulomb's constant is k = 9 × 10⁹ N×m²/C².
Step 2: Calculate the distance AM (which is equal to BM) using the Pythagorean theorem for triangle AOM, where r = √(OA² + OM²), where r = √((0.05 m)² + (0.04 m)²) = √(0.0025 + 0.0016) = √0.0041 ≈ 0.064 m.
Step 3: Calculate the magnitude of the force F1 exerted by charge q1 on test charge q using Coulomb's Law, F1 = k × |q1 × q| / r², where F1 = (9 × 10⁹ N×m²/C²) × |(3 × 10⁻⁷ C) × (10⁻⁶ C)| / 0.0041 m² ≈ 0.6585 N. Since q1 and q are both positive, this force is repulsive, acting along the line from A to M.
Step 4: Calculate the magnitude of the force F2 exerted by charge q2 on test charge q using Coulomb's Law, F2 = k × |q2 × q| / r², where F2 = (9 × 10⁹ N×m²/C²) × |(-3 × 10⁻⁷ C) × (10⁻⁶ C)| / 0.0041 m² ≈ 0.6585 N. Since q2 is negative and q is positive, this force is attractive, acting along the line from M to B.
Step 5: Apply the vector addition rule for the net force. Because F1 and F2 have equal magnitudes, their vertical components cancel out, and their horizontal components add up. The net force is F1_cosθ + F2_cosθ, where cos(θ) = OA / r = 0.05 / √0.0041 ≈ 0.7809.
Step 6: Final calculation of the net force, where F_net = 2 × 0.6585 N × 0.7809 ≈ 1.028 N.",1.028,N
LD288,"Two electric charges q1 = +7 × 10^-7 C and q2 = -7 × 10^-7 C are placed at two points A and B, separated by 10 cm. A charge q3 = -7 × 10^-7 C is placed at the midpoint of AB. Calculate the electric force acting on q3.","Step 1: Identify the given values and their positions. The charges are q1 = +7 × 10⁻⁷ C at point A, q2 = -7 × 10⁻⁷ C at point B, and q3 = -7 × 10⁻⁷ C at the midpoint of AB. The Coulomb's constant is k = 9.0 × 10⁹ N×m²/C².
Step 2: Convert the total separation distance from centimeters to meters. The distance AB = 10 cm = 0.10 m.
Step 3: Determine the distance from q3 to q1 and from q3 to q2. Since q3 is at the midpoint, the distance r13 (from q1 to q3) = 0.10 m / 2 = 0.05 m, and the distance r23 (from q2 to q3) = 0.10 m / 2 = 0.05 m.
Step 4: Calculate the magnitude of the electric force (F13) exerted by q1 on q3 using Coulomb's Law, F13 = k × |q1 × q3| / r13², where F13 = (9.0 × 10⁹ N×m²/C²) × |(7 × 10⁻⁷ C) × (7 × 10⁻⁷ C)| / (0.05 m)² = 0.00441 / 0.0025 = 1.764 N. Since q1 is positive and q3 is negative, the force is attractive, acting from q3 toward A.
Step 5: Calculate the magnitude of the electric force (F23) exerted by q2 on q3 using Coulomb's Law, F23 = k × |q2 × q3| / r23², where F23 = (9.0 × 10⁹ N×m²/C²) × |(7 × 10⁻⁷ C) × (7 × 10⁻⁷ C)| / (0.05 m)² = 0.00441 / 0.0025 = 1.764 N. Since both q2 and q3 are negative, the force is repulsive, acting from q3 away from B (which is toward A).
Step 6: Apply the vector addition rule for forces acting in the same direction. Since both F13 (attraction to A) and F23 (repulsion from B) act in the same direction toward A, the net force is F13 + F23, where F_net = 1.764 N + 1.764 N = 3.528 N.",3.528,N
LD289,"Two electric charges, q1 = +5 × 10^-8 C and q2 = -5 × 10^-8 C, are placed at two points A and B, separated by 10 cm. A third charge, q3 = -5 × 10^-8 C, is placed at the midpoint of AB. Calculate the electric force acting on q3.","Step 1: Identify the given values and their positions. The charges are q1 = +5 × 10⁻⁸ C at point A, q2 = -5 × 10⁻⁸ C at point B, and q3 = -5 × 10⁻⁸ C at the midpoint of AB. The Coulomb's constant is k = 9.0 × 10⁹ N×m²/C².
Step 2: Convert the total separation distance from centimeters to meters. The distance AB = 10 cm = 0.10 m.
Step 3: Determine the distance from q3 to q1 and from q3 to q2. Since q3 is at the midpoint, the distance r13 (from q1 to q3) = 0.10 m / 2 = 0.05 m, and the distance r23 (from q2 to q3) = 0.10 m / 2 = 0.05 m.
Step 4: Calculate the magnitude of the electric force (F13) exerted by q1 on q3 using Coulomb's Law, F13 = k × |q1 × q3| / r13², where F13 = (9.0 × 10⁹ N×m²/C²) × |(5 × 10⁻⁸ C) × (-5 × 10⁻⁸ C)| / (0.05 m)² = 0.0000225 / 0.0025 = 0.009 N. Since q1 is positive and q3 is negative, the force is attractive, acting from q3 toward A.
Step 5: Calculate the magnitude of the electric force (F23) exerted by q2 on q3 using Coulomb's Law, F23 = k × |q2 × q3| / r23², where F23 = (9.0 × 10⁹ N×m²/C²) × |(-5 × 10⁻⁸ C) × (-5 × 10⁻⁸ C)| / (0.05 m)² = 0.0000225 / 0.0025 = 0.009 N. Since both q2 and q3 are negative, the force is repulsive, acting from q3 away from B (which is toward A).
Step 6: Apply the vector addition rule for forces acting in the same direction. Since both F13 (attraction to A) and F23 (repulsion from B) act in the same direction toward A, the net force is F13 + F23, where F_net = 0.009 N + 0.009 N = 0.018 N.",0.018,N
LD290,"Three identical charges, q = -3 × 10^-6 C, are placed at the three vertices of an isosceles right triangle with a side length of 20 cm. Calculate the net force acting on the charge located at the right angle. Give your answer rounded to four decimal places.","Step 1: Identify the magnitude of the charges, q = |-3 × 10⁻⁶ C| = 3 × 10⁻⁶ C, and the length of the legs of the isosceles right triangle, r = 20 cm.
Step 2: Convert the leg length from centimeters to meters: r = 0.20 m.
Step 3: Recall the Coulomb constant, k = 9.0 × 10⁹ N×m²/C².
Step 4: Recognize that the charge at the right-angle vertex is repelled by the other two identical negative charges. These two repulsive forces (F1 and F2) act along the legs of the right triangle and are thus perpendicular to each other.
Step 5: Calculate the magnitude of the individual forces (F1 and F2) exerted by the charges at the acute vertices on the charge at the right angle using Coulomb's Law, F = k × q² / r², where F1 = F2 = (9.0 × 10⁹ N×m²/C²) × (3 × 10⁻⁶ C)² / (0.20 m)² = 0.081 / 0.04 = 2.025 N.
Step 6: Apply the vector addition rule for perpendicular forces to find the net force. Since the two forces are equal in magnitude and perpendicular, the net force is the hypotenuse of the force vector triangle, F_net = √(F1² + F2²), where F_net = √((2.025 N)² + (2.025 N)²) = 2.025 × √2 = 2.8638 N.",2.8638,N
LD291,"Three identical charges, q = +6 × 10^-8 C, are placed at the three vertices of an isosceles right triangle with legs of 10 cm. Calculate the net force acting on the charge at the right-angle vertex. Give your answer rounded to two decimal places.","Step 1: Identify the given values: Three identical positive charges q = +6 × 10⁻⁸ C. The charges are placed at the vertices of an isosceles right triangle with equal sides (legs) of length r = 10 cm. The target charge is at the right-angle vertex.
Step 2: Convert the leg length from centimeters to meters: r = 10 cm = 0.10 m.
Step 3: Recognize that the two charges at the non-right-angle vertices are equidistant from the charge at the right-angle vertex, with distance r = 0.10 m.
Step 4: Use Coulomb's Law, F = k × |q1 × q2| / r², where k = 9.0 × 10⁹ N×m²/C², to calculate the magnitude of the force exerted by each leg charge on the target charge. F1 = F2 = (9.0 × 10⁹ N×m²/C²) × (6 × 10⁻⁸ C)² / (0.10 m)² = 0.0000324 / 0.01 = 0.00324 N.
Step 5: Apply the vector addition rule for perpendicular forces. Since both charges are positive, the forces are repulsive and act along the legs of the triangle at a 90° angle to each other. The net force is the hypotenuse of the force vector triangle, F_net = √(F1² + F2²), where F_net = √((0.00324 N)² + (0.00324 N)²) = 0.00324 × √2 = 0.00458 N = 4.58 × 10⁻³ N",4.58*10^-3,N
LD292,"Three electric charges, q1 = q2 = q3 = +4 × 10^-8 C, are placed at the three vertices of an equilateral triangle with a side length of 12 cm. Calculate the net electric force acting on q3. Give your answer rounded to three decimal places.","Step 1: Identify the given values. All three charges are identical and positive: q1 = q2 = q3 = +4 × 10⁻⁸ C. They are placed at the vertices of an equilateral triangle with a side length r = 12 cm.
Step 2: Convert the side length from centimeters to meters: r = 12 cm = 0.12 m.
Step 3: State the Coulomb's constant used: k = 9.0 × 10⁹ N×m²/C².
Step 4: Calculate the magnitude of the force exerted by q1 on q3 (F13) and by q2 on q3 (F23) using Coulomb's Law, F = k × |q_a × q_b| / r², where F13 = F23 = (9.0 × 10⁹ N×m²/C²) × (4 × 10⁻⁸ C)² / (0.12 m)² = 0.001 N.
Step 5: Determine the angle (θ) between the two force vectors. In an equilateral triangle, the internal angle is 60°. Since both forces are repulsive, they act outward, creating an angle of 60° between F13 and F23.
Step 6: Apply the vector addition formula for two forces at an angle, F_net = √(F13² + F23² + 2 × F13 × F23 × cos(θ)), where F_net = √((0.001 N)² + (0.001 N)² + 2 × 0.001 N × 0.001 N × cos(60°)) = 0.001 × √3 = 1.732 × 10⁻³ N.",1.732*10^-3,N
LD293,"Three identical charges, q = +3 × 10^-8 C, are placed at the three vertices of an isosceles right triangle with legs of 15 cm. Calculate the net force acting on the charge at the right-angle vertex. Give your answer rounded to three decimal places.","Step 1: Identify the given values and constants. The three identical charges are q = +3 × 10⁻⁸ C. The legs of the isosceles right triangle are r = 15 cm = 0.15 m. The Coulomb's constant is k = 9.0 × 10⁹ N×m²/C².
Step 2: Determine the forces acting on the charge at the right-angle vertex. The target charge is repelled by the two charges at the acute vertices. These two repulsive forces, F12 and F13, act along the legs of the triangle at a 90° angle to each other.
Step 3: Calculate the magnitude of the individual forces F12 and F13 using Coulomb's Law, F = k × q² / r², where F12 = F13 = (9.0 × 10⁹ N×m²/C²) × (3 × 10⁻⁸ C)² / (0.15 m)² = 0.36 × 10⁻³ N.
Step 4: Calculate the magnitude of the net force using the vector addition rule for perpendicular forces, F12 + F13, where F_net = √(F12² + F13²). Since the magnitudes are equal, the expression simplifies to F_net = F12 × √2 = (0.36 × 10⁻³ N) × √2 = 0.509 × 10⁻³ N.",0.509*10^-3,N
LD294,"Two point charges, q1 = +8 × 10^-6 C and q2 = -8 × 10^-6 C, are placed at points A and B, separated by 12 cm. A test charge q = 10^-8 C is placed at point M, which lies on the perpendicular bisector of AB, 4 cm away from AB. Calculate the net electric force acting on q. Give your answer rounded to three decimal places.","Step 1: Identify the given values and convert distances to SI units. The charges are q1 = +8 × 10⁻⁶ C, q2 = -8 × 10⁻⁶ C, and the test charge q = 10⁻⁸ C. The separation AB = 12 cm = 0.12 m, so the distance from the midpoint O to A or B is 0.06 m. The distance from the midpoint O to point M is 4 cm = 0.04 m. The Coulomb's constant is k = 9.0 × 10⁹ N×m²/C².
Step 2: Determine the distance r from each point charge (q1 at A, q2 at B) to the test charge (q at M). Using the Pythagorean theorem for the triangle AOM, r = √(0.06² + 0.04²) = √0.0052 m.
Step 3: Calculate the square of the distance AM (and BM). r² = (√0.0052)² = 0.0052 m².
Step 4: Calculate the magnitude of the electric force F1 exerted by q1 on q and F2 exerted by q2 on q using Coulomb's Law, F = k × |q1 × q| / r², where F1 = F2 = (9.0 × 10⁹ N×m²/C²) × (8 × 10⁻⁶ C) × (10⁻⁸ C) / 0.0052 = 0.1385 × 10⁻³ N.
Step 5: Calculate the magnitude of the net force using the vector addition rule for symmetric forces on a perpendicular bisector. Since F1 is repulsive and F2 is attractive, their vertical components cancel, and the net force is directed parallel to AB. The net force is F13 + F23, where F_net = 2 × F1 × cos(θ). With cos(θ) = 0.06 / √0.0052, F_net = 2 × (0.1385 × 10⁻³ N) × (0.06 / 0.07211) = 0.230 × 10⁻³ N.",0.230 × 10⁻³,N
LD295,Three electric charges q1 = q2 = q3 = +2 × 10^-7 C are placed at the three vertices of an equilateral triangle with side length 12 cm. Calculate the net electric force acting on q3. Give your answer rounded to two decimal places.,"Step 1: Identify the given values for charges and side length. All three charges are q1 = q2 = q3 = +2 × 10⁻⁷ C. The side length of the equilateral triangle is r = 12 cm = 0.12 m. The Coulomb's constant is k = 9.0 × 10⁹ N×m²/C².
Step 2: Recognize that forces F13 (from q1 on q3) and F23 (from q2 on q3) are repulsive and have equal magnitudes due to equal charges and distances.
Step 3: Calculate the magnitude of an individual force using Coulomb's Law, F = k × |q1 × q3| / r², where F13 = F23 = (9.0 × 10⁹ N×m²/C²) × (2 × 10⁻⁷ C)² / (0.12 m)² = 25.0 × 10⁻³ N.
Step 4: Calculate the magnitude of the net force using the vector addition rule for forces at a 60° angle. Since the triangle is equilateral, the angle between the repulsive forces F13 and F23 is θ = 60°. The net force is F13 + F23, where F_net = √(F13² + F23² + 2 × F13 × F23 × cos(60°)) = F13 × √3 = (25.0 × 10⁻³ N) × √3 = 43.30 × 10⁻³ N.",43.30 × 10⁻³,N
LD296,"Three electric charges, q1 = q2 = q3 = 4.8 × 10^-6 C, are placed at the three vertices of an equilateral triangle with a side length of 10.3 cm. Calculate the resultant electric field strength at the position of q3. Give your answer rounded up two decimal places.","Step 1: Identify the given values for charges and distances. The charges are q1 = q2 = q3 = 4.8 × 10⁻⁶ C. The side length is r = 10.3 cm = 0.103 m. The Coulomb's constant is k = 9.0 × 10⁹ N×m²/C².
Step 2: Calculate the magnitude of the electric field at q3 due to q1 (E1) and q2 (E2) using the formula E = k × |q| / r², where E1 = E2 = (9.0 × 10⁹ N×m²/C²) × (4.8 × 10⁻⁶ C) / (0.103 m)² = 4.0720 × 10⁶ V/m.
Step 3: Determine the directions of the electric field vectors and the angle between them. Since both q1 and q2 are positive, the field vectors E1 and E2 at the position of q3 point outward along the sides of the triangle. In an equilateral triangle, the internal angle is 60°, so the angle θ between E1 and E2 is 60°.
Step 4: Calculate the resultant electric field strength (E_resultant) at q3 using vector addition for two vectors of equal magnitude at a 60° angle, where E_resultant = √(E1² + E2² + 2 × E1 × E2 × cos(60°)) = E1 × √3 = (4.0720 × 10⁶ V/m) × √3 = 7.05 × 10⁶ V/m.",7.05 × 10^6,V/m
LD297,"Two electric charges, q1 = +2.6 × 10^-6 C and q2 = -2.6 × 10^-6 C, are placed at points A and B, 5.2 cm apart. Point M lies on the perpendicular bisector of AB, at a distance of 3.1 cm from the line segment AB. Calculate the resultant electric field intensity at M. Give your answer rounded up two decimal places.","Step 1: Identify the given values and constants. The charges are q1 = +2.6 × 10^-6 C and q2 = -2.6 × 10^-6 C. The separation AB = 5.2 cm, meaning the distance from the midpoint O to either charge is 2.6 cm. The distance from the midpoint to M is 3.1 cm. The Coulomb's constant is k = 9.0 × 10^9 N m^2/C^2.
Step 2: Convert the distances from centimeters to meters. Midpoint distance AO = BO = 0.026 m. Height OM = 0.031 m.
Step 3: Calculate the distance r from each charge (q1 at A or q2 at B) to point M using the Pythagorean theorem, where r = sqrt(0.026^2 + 0.031^2) = 0.0405 m.
Step 4: Calculate the magnitude E of the electric field produced by a single charge at M using E = k × |q| / r^2, where E1 = E2 = (9.0 × 10^9 N m^2/C^2) × (2.6 × 10^-6 C) / (0.0405 m)^2 = 1.4294 × 10^7 V/m. Then, find the resultant electric field intensity E1 + E2, where E_resultant = 2 × E1 × cos(theta) = 2 × (1.4294 × 10^7 V/m) × (0.026 / 0.0405) = 1.84 × 10^7 V/m.",1.84*10^7,V/m
LD298,"Two electric charges, q1 = +1.2 × 10^-6 C and q2 = -1.2 × 10^-6 C, are placed at two points A and B, separated by 10.3 cm. Consider point M as the midpoint of AB. Calculate the net electric field strength at M. Give your answer two decimal places.","Step 1: Identify the given values and constants. The charges are q1 = +1.2 × 10⁻⁶ C and q2 = -1.2 × 10⁻⁶ C. The total separation distance is AB = 10.3 cm. The Coulomb's constant is k = 9.0 × 10⁹ N×m²/C².
Step 2: Calculate the distance from each charge to the midpoint M. r = 10.3 cm / 2 = 5.15 cm = 0.0515 m.
Step 3: Calculate the magnitude of the individual electric fields E1 and E2 produced by the charges at point M using E = k × |q| / r², where E1 = E2 = (9.0 × 10⁹ N×m²/C²) × (1.2 × 10⁻⁶ C) / (0.0515 m)² = 4.0720 × 10⁶ V/m.
Step 4: Determine the net electric field strength at M. Since q1 is positive and q2 is negative, both field vectors E1 and E2 point in the same direction from A toward B. The net field is E1 + E2 = 2 × E1 = 2 × (4.0720 × 10⁶ V/m) = 8.14 × 10⁶ V/m.",8.14 × 10^6,V/m
LD299,Three identical charges q = 1.2 × 10^-6 C are placed at the three vertices of a right isosceles triangle with legs of length 5.2 cm. Calculate the net electric field strength at the right-angle vertex. Give your answer two decimal places.,"Step 1: Identify the charges contributing to the electric field at the right-angle vertex. The electric field at this vertex is produced by the two charges located at the acute vertices. The charge placed at the right-angle vertex itself does not contribute to the electric field at its own position.
Step 2: State the formula for the electric field strength due to a point charge. The magnitude of the electric field is E = k × |q| / r², where k = 9.0 × 10⁹ N×m²/C², q = 1.2 × 10⁻⁶ C, and r = 5.2 cm = 0.052 m.
Step 3: Calculate the magnitude of the electric field (E_leg) created by each charge along a leg. E1 = E2 = (9.0 × 10⁹ N×m²/C²) × (1.2 × 10⁻⁶ C) / (0.052 m)² = 3.9941 × 10⁶ V/m.
Step 4: Determine the direction of the electric field vectors and the net field strength. Since the charges are positive, the field vectors E1 and E2 point away from the acute vertices along the legs, forming a 90° angle. The net field is E1 + E2, where E_net = √(E1² + E2²) = E1 × √2 = (3.9941 × 10⁶ V/m) × √2 = 5.6485 × 10⁶ V/m ≈ 5.65 × 10⁶ V/m",5.65 × 10^6,V/m
LD300,"Two point charges, q1 = +5.7 × 10^-6 C and q2 = -5.7 × 10^-6 C, are placed at points A and B, 8.1 cm apart. Let M be the midpoint of AB. Calculate the net electric field at M. Give your answer two decimal places.","Step 1: Identify the given charges and the total distance between them. The charges are q1 = +5.7 × 10⁻⁶ C and q2 = -5.7 × 10⁻⁶ C. The total separation distance is AB = 8.1 cm. The Coulomb's constant is k = 8.99 × 10⁹ N×m²/C².
Step 2: Determine the distance from each charge to point M, which is the midpoint between A and B. r = 8.1 cm / 2 = 4.05 cm = 0.0405 m.
Step 3: State the formula for the electric field created by a point charge, E = k × |q| / r², and calculate the magnitude of the individual fields E1 and E2. E1 = E2 = (8.99 × 10⁹ N×m²/C²) × (5.7 × 10⁻⁶ C) / (0.0405 m)² = 3.1241 × 10⁷ V/m.
Step 4: Calculate the net electric field at M. Since q1 is positive, E1 points away from A (towards B). Since q2 is negative, E2 points toward B. Because both vectors point in the same direction, the net electric field is E1 + E2, where E_net = 2 × E1 = 2 × (3.1241 × 10⁷ V/m) = 6.2482 × 10⁷ V/m ≈ 6.25 × 10⁷ V/m.",6.26 × 10^7,V/m
LD301,"Three electric charges, q1 = q2 = q3 = 3.5 × 10^-6 C, are placed at the three vertices of an equilateral triangle with a side length of 6.6 cm. Calculate the net electric field strength at the position of q3. Give your answer two decimal places.","Step 1: Identify the charges contributing to the electric field at the position of q3. These are q1 and q2, as q3 itself does not create a field at its own location.
Step 2: List the given values: charges q1 = q2 = 3.5 × 10⁻⁶ C, and the side length of the equilateral triangle is r = 6.6 cm.
Step 3: Convert the side length from centimeters to meters: r = 6.6 cm = 0.066 m.
Step 4: State the value of Coulomb's constant, k ≈ 8.9875 × 10⁹ N×m²/C². Calculate the magnitude of the individual electric fields E1 and E2 produced by q1 and q2 at point q3 using E = k × |q| / r², where E1 = E2 = (8.9875 × 10⁹ N×m²/C²) × (3.5 × 10⁻⁶ C) / (0.066 m)² = 0.7221 × 10⁷ V/m.
Step 5: Determine the resultant electric field using vector addition for two vectors of equal magnitude at a 60° angle. Since both charges are positive, the vectors point outward. The net field is E1 + E2, where E_net = E1 × √3 = (0.7221 × 10⁷ V/m) × √3 = 1.2508 × 10⁷ V/m ≈ 1.25 x × 10⁷ V/m.",1.25 × 10^7,V/m
LD302,"Three identical charges, q = 1.2 × 10^-6 C, are placed at the three vertices of an isosceles right triangle with legs of length 5.2 cm. Calculate the net electric field at the right-angle vertex. Give your answer two decimal places.","Step 1: Identify the given values and constants. The charges are q = 1.2 × 10⁻⁶ C and the legs of the isosceles right triangle are r = 5.2 cm = 0.052 m. The Coulomb's constant is k = 9.0 × 10⁹ N×m²/C².
Step 2: Recognize the setup for calculating the electric field at the right-angle vertex. The net electric field at this vertex is produced only by the two charges located at the acute vertices. The charge already present at the right-angle vertex does not contribute to the electric field at its own position.
Step 3: Calculate the magnitude of the electric field (E) produced by one of the charges (q1 or q2) at the right-angle vertex using the formula E = k × |q| / r². Based on your preference to round up the fourth digit after the decimal, E1 = E2 = (9.0 × 10⁹ N×m²/C²) × (1.2 × 10⁻⁶ C) / (0.052 m)² = 3.9941 × 10⁶ V/m.
Step 4: Determine the directions of the individual electric fields and calculate the net field strength. Since the source charges are positive, the field vectors E1 and E2 point away from the acute vertices along the legs of the triangle, creating a 90° angle between them. Following the rule to use E1 + E2 for the vector sum, the net electric field is E1 + E2, where E_net = √(E1² + E2²) = E1 × √2. Substituting the values, E_net = (3.9941 × 10⁶ V/m) × √2 = 5.6485 × 10⁶ V/m ≈ 5.65  × 10⁶ V/m",5.65 × 10^6,V/m
LD303,"Three identical charges, q = 1.2 × 10^-6 C, are placed at the three vertices of an isosceles right triangle with legs of length 5.2 cm. Calculate the net electric field at the right-angle vertex. Give your answer two decimal places.","Step 1: Convert the side length from centimeters to meters. The distance between the charges at the acute vertices and the right-angle vertex is r = 5.2 cm = 0.052 m.
Step 2: Recall the value of Coulomb's constant (k). The constant k = 9.0 × 10⁹ N×m²/C².
Step 3: Calculate the magnitude of the electric field (E) at the right-angle vertex due to either charge (q1 or q2) at the acute vertices. The charge at the vertex itself does not contribute to the field at its own location. Using E = k × |q| / r², we have E1 = E2 = (9.0 × 10⁹ N×m²/C²) × (1.2 × 10⁻⁶ C) / (0.052 m)² = 3.9941 × 10⁶ V/m (following the rule to round up the fourth decimal digit).
Step 4: Determine the angle between the two electric field vectors (E1 due to q1, E2 due to q2) acting at the right-angle vertex. Since the triangle is an isosceles right triangle, the legs are perpendicular, and the field vectors point along the legs away from the positive charges. The angle between E1 and E2 is 90°. The magnitude of the net field is E1 + E2, where E_net = √(E1² + E2²) = E1 × √2. Substituting the value from Step 3, E_net = (3.9941 × 10⁶ V/m) × √2 = 5.6485 × 10⁶ V/m ≈ 5.65 × 10⁶ V/m.",7.95 × 10^6,V/m
LD304,"Two charges, q1 = +3.5 × 10^-6 C and q2 = -3.5 × 10^-6 C, are placed at points A and B, separated by 8.1 cm. Point M is the midpoint of AB. Calculate the resultant electric field at M. Give your answer two decimal places.","Step 1: Calculate the distance from each charge to point M. Since M is the midpoint of the separation distance AB = 8.1 cm, the distance from each charge to M is r = 8.1 cm / 2 = 4.05 cm = 0.0405 m.
Step 2: Calculate the magnitude of the electric field E1 created by charge q1 at point M using E = k × |q| / r². Using k = 9.0 × 10⁹ N×m²/C² and q1 = 3.5 × 10⁻⁶ C, E1 = (9.0 × 10⁹) × (3.5 × 10⁻⁶) / (0.0405)² = 1.9208 × 10⁷ V/m (rounding up the fourth digit after the decimal).
Step 3: Calculate the magnitude of the electric field E2 created by charge q2 at point M. Since |q1| = |q2| and the distances are equal, E2 = E1 = 1.9208 × 10⁷ V/m.
Step 4: Determine the direction of E1 and E2 at point M and calculate the net field. Since q1 is positive, E1 points away from A (towards B). Since q2 is negative, E2 points toward B. Because both vectors point in the same direction, the net electric field is E1 + E2, where E_net = E1 + E2 = 2 × (1.9208 × 10⁷ V/m) = 3.8416 × 10⁷ V/m ≈ 3.84 × 10⁷ V/m.",3.84 × 10^7,V/m
LD305,Three charges q1 = q2 = q3 = 2.6 × 10^-6 C are placed at the three vertices of an equilateral triangle with a side length of 10.3 cm. Calculate the net electric field (strength) at the position of q3. Give your answer two decimal places.,"Step 1: Identify the given values for the charges and the side length of the equilateral triangle. The charges are q1 = q2 = q3 = 2.6 × 10⁻⁶ C. The side length of the triangle is r = 10.3 cm = 0.103 m.
Step 2: Recognize that the electric field at the position of q3 is the vector sum of the electric fields produced by q1 and q2 at that point. Since both charges are positive, the field vectors E1 and E2 point outward from the vertices. Charge q3 itself does not create an electric field at its own location.
Step 3: State the constant for Coulomb's law, k = 8.9875 × 10⁹ N×m²/C². Calculate the magnitude of the individual electric fields E1 and E2 produced by the charges at the position of q3 using E = k × |q| / r², where E1 = E2 = (8.9875 × 10⁹ N×m²/C²) × (2.6 × 10⁻⁶ C) / (0.0103 m)² = 2.2027 × 10⁶ V/m. I have rounded up the fourth digit after the decimal as per your instructions.
Step 4: Calculate the resultant electric field strength at q3 using the vector addition rule for two vectors of equal magnitude at a 60° angle. The net field is E1 + E2, where E_net = E1 × √3 = (2.2027 × 10⁶ V/m) × 1.7321 = 3.8152 × 10⁶ V/m ≈ 3.82 × 10⁶.",3.82 × 10^6,V/m
LD306,Three charges q1 = q2 = q3 = 1.2 × 10^-6 C are placed at the three vertices of an equilateral triangle with a side length of 9.7 cm. Calculate the resultant electric field strength at the position of q3. Give your answer two decimal places.,"Step 1: Identify the given values: q1 = q2 = q3 = 1.2 × 10⁻⁶ C, and the side length L = 9.7 cm.
Step 2: Convert the side length from centimeters to meters: L = 9.7 cm = 0.097 m.
Step 3: The resultant electric field at the position of q3 is the vector sum E1 + E2 produced by the charges at q1 and q2. Charge q3 itself does not create an electric field at its own location.
Step 4: Calculate the magnitude of the electric field (E) produced by a single charge (q1 or q2) at the position of q3 using the formula E = k × |q| / L². Using Coulomb's constant k = 8.9875 × 10⁹ N×m²/C², we find:
E1 = E2 = (8.9875 × 10⁹) × (1.2 × 10⁻⁶) / (0.097)² = 1.1463 × 10⁶ V/m.
Step 5: Determine the resultant field strength at the position of q3. In an equilateral triangle, the electric field vectors E1 and E2 at the position of q3 point away from the other vertices at a 60° angle to each other. The magnitude of the net electric field is E1 + E2, which simplifies to:
E_net = E1 × √3 = (1.1463 × 10⁶ V/m) × 1.7321 = 1.9854 × 10⁶ V/m ≈ 1.99 × 10⁶.",1.99 × 10^6,V/m
LD307,"Two electric charges, q1 = +3.5 × 10^-6 C and q2 = -3.5 × 10^-6 C, are placed at points A and B, separated by 10.3 cm. Point M is located on the perpendicular bisector of AB, at a distance of 3.1 cm from the line segment AB. Calculate the resultant electric field at point M. Give your answer three decimal places.","Step 1: Identify the given values and convert them to SI units. The charges are q1 = +3.5 × 10⁻⁶ C and q2 = -3.5 × 10⁻⁶ C. The separation distance AB = 10.3 cm = 0.103 m. The vertical distance from the line AB to point M is y = 3.1 cm = 0.031 m. Coulomb's constant k = 8.9875 × 10⁹ N×m²/C².
Step 2: Calculate the horizontal distance from the midpoint of AB to each charge (xA = xB). Since M is on the perpendicular bisector, the horizontal distance from the center to either A or B is x = 10.3 cm / 2 = 5.15 cm = 0.0515 m.
Step 3: Calculate the distance (r) from each charge (q1 or q2) to point M using the Pythagorean theorem. r = √(x² + y²) = √((0.0515 m)² + (0.031 m)²) = 0.0601 m.
Step 4: Calculate the magnitude of the electric field (E) produced by each charge at point M using E = k × |q| / r². E1 = E2 = (8.9875 × 10⁹ N×m²/C²) × (3.5 × 10⁻⁶ C) / (0.0601 m)² = 8.7118 × 10⁶ V/m.
Step 5: Determine the resultant field strength at point M. For an electric dipole, the vertical components of the fields at a point on the perpendicular bisector cancel out, while the horizontal components add. The net field is E1 + E2, which simplifies to E_net = 2 × E1 × cos(θ), where cos(θ) = x / r = 0.0515 / 0.0601 = 0.8569. E_net = 2 × (8.7118 × 10⁶ V/m) × 0.8569 = 1.4931 × 10⁷ V/m ≈ 1.493 × 10⁷ V/m.",1.493*10^7,V/m
LD308,"Three identical charges, q = 1.2 × 10^-6 C, are placed at the three vertices of an isosceles right triangle with legs measuring 5.2 cm. Calculate the resultant electric field strength at the vertex of the right angle. Give your answer two decimal places","Step 1: Identify the given information: magnitude of each charge q = 1.2 × 10⁻⁶ C, and the length of the equal sides (legs) of the isosceles right triangle r = 5.2 cm.
Step 2: Convert the leg length from centimeters to meters: r = 5.2 cm = 0.052 m.
Step 3: Recognize that the electric field at the right-angle vertex (let's call it C) is produced by the two charges located at the other two vertices (A and B). The charge at vertex C does not create a field at its own position.
Step 4: Since all three charges are identical (q) and the triangle is isosceles, the distances from charges qA and qB to vertex C are equal (rAC = rBC = r). Calculate the magnitude of the individual fields E1 and E2 produced by the charges at A and B using the formula E = k × |q| / r². Using k = 9.0 × 10⁹ N×m²/C², E1 = E2 = (9.0 × 10⁹) × (1.2 × 10⁻⁶) / (0.052)² = 3.9941 × 10⁶ V/m.
Step 5: Determine the resultant field strength at the right-angle vertex. Since the field vectors E1 and E2 point along the perpendicular legs of the triangle, they create a 90° angle. The net field is calculated using the Pythagorean theorem, which simplifies to E_net = E1 × √2 = (3.9941 × 10⁶ V/m) × 1.4142 = 5.6485 × 10⁶ V/m ≈ 5.65 × 10⁶ V/m.",5.65 × 10^6,V/m
LD309,"Three identical charges, q = 2.6 × 10^-6 C, are placed at the three vertices of an isosceles right triangle with legs of 10.3 cm. Calculate the net electric field at the right-angle vertex. Give your answer rounded two decimal places.","Step 1: Identify the given information. Three identical positive charges (q = 2.6 × 10⁻⁶ C) are at the vertices of an isosceles right triangle with legs of 10.3 cm. We need to find the net electric field at the right-angle vertex.
Step 2: Recognize which charges contribute to the electric field at the right-angle vertex. The charge located at the right-angle vertex does not produce an electric field at its own location. Thus, only the two charges at the ends of the legs contribute to the net electric field at the right-angle vertex.
Step 3: Convert the leg length from centimeters to meters. The distance from each contributing charge to the right-angle vertex is r = 10.3 cm = 0.103 m.
Step 4: Calculate the magnitude of the electric field (E) produced by one of these charges using Coulomb's law: E = k × |q| / r², where k = 8.99 × 10⁹ N×m²/C² is Coulomb's constant.
E1 = E2 = (8.99 × 10⁹) × (2.6 × 10⁻⁶) / (0.103)² = 2.2033 × 10⁶ V/m.
Step 5: Determine the resultant field strength at the right-angle vertex. Since the triangle is an isosceles right triangle, the two electric field vectors are perpendicular (90° to each other). The magnitude of the net electric field is found using the Pythagorean theorem:
E_net = √(E1² + E2²) = E1 × √2 = (2.2033 × 10⁶ V/m) × 1.4142 = 3.1159 × 10⁶ V/m ≈ 3.12 × 10⁶ V/m.",3.12 × 10^6,V/m
LD310,"Three electric charges, q1 = q2 = q3 = 4.8 × 10^-6 C, are placed at the three vertices of an equilateral triangle with a side length of 5.2 cm. Calculate the resultant electric field strength at the position of q3. Give your answer rounded two decimal places.","Step 1: Identify the charges contributing to the electric field at the position of q3. These are q1 and q2, as q3 itself does not create a field at its own location.
Step 2: Recall the formula for the magnitude of the electric field (E) due to a point charge (Q) at a distance (r): E = k × |Q| / r², where k is Coulomb's constant (k ≈ 9 × 10⁹ N×m²/C²).
Step 3: Calculate the magnitude of the electric field (E13) at q3 due to q1. Given q1 = 4.8 × 10⁻⁶ C and the distance r = 5.2 cm = 0.052 m. E13 = (9 × 10⁹ N×m²/C²) × (4.8 × 10⁻⁶ C) / (0.052 m)² = 1.5977 × 10⁷ V/m.
Step 4: Calculate the magnitude of the electric field (E23) at q3 due to q2. Given q2 = 4.8 × 10⁻⁶ C and the distance r = 5.2 cm = 0.052 m. E23 = (9 × 10⁹ N×m²/C²) × (4.8 × 10⁻⁶ C) / (0.052 m)² = 1.5977 × 10⁷ V/m.
Step 5: Determine the resultant field strength at the position of q3. In an equilateral triangle, the electric field vectors E13 and E23 at the position of q3 point away from the other vertices at a 60° angle to each other. The magnitude of the net electric field is E13 + E23, which simplifies to:
E_net = E13 × √3 = (1.5977 × 10⁷ V/m) × 1.7321 = 2.7674 × 10⁷ V/m ≈ 2.77 × 10⁷ V/m.",2.77 × 10^7,V/m
LD311,Three charges q1 = q2 = q3 = 1.2 × 10^-6 C are placed at the three vertices of an equilateral triangle with a side length of 10.3 cm. Calculate the net electric field strength at the position of q3. Give your answer rounded two decimal places.,"Step 1: Identify the given values. Charges q1 = q2 = q3 = 1.2 × 10⁻⁶ C. Side length r = 10.3 cm. Coulomb's constant k = 8.99 × 10⁹ N×m²/C².
Step 2: Convert the side length to meters: r = 10.3 cm = 0.103 m.
Step 3: Calculate the magnitude of the electric field created by q1 at the position of q3 (E1) and by q2 at the position of q3 (E2). Since the charges and distances are equal, E1 = E2. The electric field at q3 is the vector sum of these two fields, as q3 itself does not create a field at its own location.
Step 4: Calculate the magnitude of the electric field (E) produced by a single charge using the formula E = k × |q| / r².
E1 = E2 = (8.99 × 10⁹) × (1.2 × 10⁻⁶) / (0.103)² = 1.0169 × 10⁶ V/m.
Step 5: Determine the resultant field strength at the position of q3. In an equilateral triangle, the electric field vectors E1 and E2 at the position of q3 point away from the other vertices at a 60° angle to each other. The magnitude of the net electric field is calculated as:
E_net = E1 × √3 = (1.0169 × 10⁶ V/m) × 1.7321 = 1.7613 × 10⁶ V/m ≈ 1.76 × 10⁶ V/m.",1.76 × 10^6,V/m
LD312,"Two point charges, q1 = +1.2 × 10^-6 C and q2 = -1.2 × 10^-6 C, are placed at points A and B, separated by a distance of 5.2 cm. Consider point M as the midpoint of the segment AB. Calculate the resultant electric field strength at M.Give your answer rounded one decimal places.","Step 1: Identify the given charges and the total separation distance between them. The charges are q1 = +1.2 × 10⁻⁶ C and q2 = -1.2 × 10⁻⁶ C. The distance between point A and point B is d = 5.2 cm.
Step 2: Convert the separation distance to meters and determine the distance from each charge to the midpoint M. The total distance is d = 0.052 m. Since point M is the midpoint of segment AB, the distance from each charge to M is r = 0.052 m / 2 = 0.026 m.
Step 3: Recall the formula for the electric field due to a point charge and the value of Coulomb's constant. The magnitude of the electric field is E = k × |q| / r², where k = 9.0 × 10⁹ N×m²/C².
Step 4: Calculate the magnitude of the electric field due to q1 at M (E1). Using the formula, E1 = (9.0 × 10⁹ N×m²/C²) × (1.2 × 10⁻⁶ C) / (0.026 m)² = 1.5977 × 10⁷ V/m.
Step 5: Determine the resultant electric field strength at M. At the midpoint, the electric field vector E1 points from A toward B, and the field vector E2 also points from A toward B because q2 is negative. Both fields point in the same direction and have equal magnitudes, so they are added together. E_net = E1 + E2 = 1.5977 × 10⁷ V/m + 1.5977 × 10⁷ V/m = 3.1954 × 10⁷ V/m ≈ 3.2 × 10⁷ V/m.",3.2 × 10^7,V/m
LD313,Three identical charges q = 2.6 × 10^-6 C are placed at the three vertices of an isosceles right triangle with side length 9.7 cm. Calculate the net electric field strength at the right-angle vertex.Give your answer rounded two decimal places.,"Step 1: Identify the charges contributing to the electric field at the right-angle vertex and their distances. The net electric field at the right-angle vertex (let's call it A) is due to the two charges (QB and QC) located at the other two vertices (B and C). The charge at vertex A itself does not contribute to the field at its own location.
Step 2: Convert the given side length from centimeters to meters. The distance from the right-angle vertex to each of the other two vertices is r = 9.7 cm = 0.097 m.
Step 3: State the magnitude of each charge, q = 2.6 × 10⁻⁶ C, and the Coulomb's constant, k = 9 × 10⁹ N×m²/C².
Step 4: Calculate the magnitude of the electric field (EB) at vertex A due to the charge QB at vertex B using the formula E = k|q|/r².
EB = EC = (9 × 10⁹) × (2.6 × 10⁻⁶) / (0.097)² = 2.4870 × 10⁶ V/m.
Step 5: Determine the resultant field strength at the right-angle vertex. Since the field vectors EB and EC are directed along the perpendicular legs of the triangle, they are at a 90° angle to each other. The net field is EB + EC, which simplifies to E_net = EB × √2 = (2.4870 × 10⁶ V/m) × 1.4142 = 3.5171 × 10⁶ V/m ≈ 3.52 × 10⁶ V/m.",3.52 × 10^6,V/m
LD314,"Three charges, q1 = q2 = q3 = 3.5 × 10^-6 C, are placed at the three vertices of an equilateral triangle with a side length of 6.6 cm. Calculate the net electric field at the position of q3.Give your answer rounded two decimal places.","Step 1: The problem describes three charges (q1, q2, q3) of equal magnitude (3.5 × 10⁻⁶ C) placed at the vertices of an equilateral triangle with a side length of 6.6 cm (0.066 m).
Step 2: We need to calculate the net electric field at the position of charge q3, which is the vector sum of the electric fields produced by q1 and q2 at that point. Note that q3 does not create a field at its own location.
Step 3: The magnitude of the electric field (E) produced by a point charge (q) at a distance (r) is given by the formula E = k|q|/r², where k is Coulomb's constant (k ≈ 8.99 × 10⁹ N×m²/C²).
Step 4: The distance from q1 to q3 is the side length, r = 0.066 m. The distance from q2 to q3 is also r = 0.066 m. Calculate the individual field magnitudes: E1 = E2 = (8.99 × 10⁹) × (3.5 × 10⁻⁶) / (0.066)² = 0.7224 × 10⁷ V/m. (Following the rule to round up the fourth digit after the decimal).
Step 5: Determine the resultant field strength at the position of q3. In an equilateral triangle, the electric field vectors E1 and E2 at the position of q3 point away from the other vertices at a 60° angle to each other. The net field is E1 + E2, which simplifies to E_net = E1 × √3 = (0.7224 × 10⁷ V/m) × 1.7321 = 1.2513 × 10⁷ V/m ≈ 1.25 × 10⁷ V/m.",1.25 × 10^7,V/m
LD315,"Three identical charges, q = 2.6 × 10^-6 C, are placed at the three vertices of an isosceles right triangle with legs measuring 6.6 cm. Calculate the net electric field strength at the right-angle vertex.Give your answer rounded one decimal places.","Step 1: Identify the given values: charge magnitude q = 2.6 × 10⁻⁶ C and leg length r = 6.6 cm.
Step 2: Convert the leg length from centimeters to meters: r = 0.066 m.
Step 3: Recognize that the net electric field at the right-angle vertex is the vector sum of the electric fields produced by the two charges located at the other two vertices. The charge placed at the right-angle vertex itself does not contribute to the field at its own location.
Step 4: Calculate the magnitude of the electric field (E) produced by one of these charges at the right-angle vertex using Coulomb's law, E = k × |q| / r², where k = 8.9875 × 10⁹ N×m²/C².
E1 = E2 = (8.9875 × 10⁹) × (2.6 × 10⁻⁶) / (0.066)² = 5.3645 × 10⁶ V/m.
Step 5: Determine the resultant field strength at the right-angle vertex. Since the two electric field vectors are perpendicular (pointing along the legs of the triangle), the net field is E1 + E2, which simplifies to E_net = E1 × √2 = (5.3645 × 10⁶ V/m) × 1.4142 = 7.5865 × 10⁶ V/m ≈ 7.6 × 10⁶ V/m.",7.6 × 10^6,V/m
LD316,"Two charges q1 = +4.8 × 10^-6 C and q2 = -4.8 × 10^-6 C are placed at points A and B, separated by 9.7 cm. Point M is on the perpendicular bisector of AB, 4.0 cm away from AB. Calculate the resultant electric field strength at M.Give your answer rounded three decimal places.","Step 1: Convert the given distances from centimeters to meters. The separation distance AB = 9.7 cm = 0.097 m. The vertical distance from the line segment AB to point M is y = 4.0 cm = 0.040 m. Use Coulomb's constant k = 8.9875 × 10⁹ N×m²/C².
Step 2: Determine the half-distance between charges and the distance from each charge to point M. The horizontal distance from the center to each charge is x = 0.097 m / 2 = 0.0485 m. Using the Pythagorean theorem, the distance from each charge to M is r = √(x² + y²) = √((0.0485 m)² + (0.040 m)²) = 0.0629 m.
Step 3: Calculate the magnitude of the electric field (E_mag) produced by a single charge at point M using Coulomb's law (E = k|q|/r²).
E1 = E2 = (8.9875 × 10⁹ N×m²/C²) × (4.8 × 10⁻⁶ C) / (0.0629 m)² = 1.0917 × 10⁷ V/m.
Step 4: Analyze the directions of the electric fields from q1 and q2 at point M. The field from q1 (positive) points away from q1 towards M, and the field from q2 (negative) points from M towards q2. Because the charges are equal in magnitude and M is on the perpendicular bisector, the vertical components cancel out and the horizontal components add together.
Step 5: Determine the resultant field strength at point M. The net field is E1 + E2, which simplifies to E_net = 2 × E1 × cos(θ), where cos(θ) = x / r = 0.0485 / 0.0629 = 0.7711.
E_net = 2 × (1.0917 × 10⁷ V/m) × 0.7711 = 1.6836 × 10⁷ V/m ≈ 1.684 × 10⁷ V/m.",1.684*10^7,V/m
LD317,"Three identical charges, q = 4.8 × 10^-6 C, are placed at the three vertices of an isosceles right triangle with legs of length 9.7 cm. Calculate the resultant electric field strength at the right-angle vertex.Give your answer rounded two decimal places.","Step 1: Identify the given values and the geometric arrangement of the charges. Three identical positive charges (q = 4.8 × 10⁻⁶ C) are placed at the vertices of an isosceles right triangle. We need to find the net electric field at the right-angle vertex.
Step 2: Convert the given length from centimeters to meters. The leg length r = 9.7 cm = 0.097 m.
Step 3: Recognize that the electric field at the right-angle vertex is due to the other two charges, as a charge does not create a field at its own location. Since the triangle is isosceles, these two charges are equidistant (r = 0.097 m) from the right-angle vertex and produce fields of equal magnitude.
Step 4: Calculate the magnitude of the electric field (E) created by one of the charges at the right-angle vertex using Coulomb's law: E = k × |q| / r². Using the requested constant k = 9.0 × 10⁹ N×m²/C²:
E1 = E2 = (9.0 × 10⁹) × (4.8 × 10⁻⁶) / (0.097)² = 4.5914 × 10⁶ V/m.
Step 5: Determine the resultant field strength at the right-angle vertex. Since the two electric field vectors are perpendicular (pointing along the legs of the triangle), the net field is calculated using the Pythagorean theorem:
E_net = E1 × √2 = (4.5914 × 10⁶ V/m) × 1.4142 = 6.4932 × 10⁶ V/m ≈ 6.49 × 10⁶ V/m.",6.49 × 10^6,V/m
LD318,"Three electric charges, q1 = q2 = q3 = 3.5 × 10^-6 C, are placed at the three vertices of an equilateral triangle with a side length of 9.7 cm. Calculate the resultant electric field strength at the position of q3. Give your answer rounded one decimal places.","Step 1: Identify the given values for the charges and the side length of the equilateral triangle. All three charges are positive and identical: q1 = q2 = q3 = 3.5 × 10⁻⁶ C.
Step 2: Convert the side length from centimeters to meters. r = 9.7 cm = 0.097 m.
Step 3: State Coulomb's constant, k ≈ 8.9875 × 10⁹ N×m²/C².
Step 4: Calculate the magnitude of the electric field (E) produced by either q1 or q2 at the position of q3 using Coulomb's Law (E = k × q / r²). Note that q3 does not create an electric field at its own location.
E1 = E2 = (8.9875 × 10⁹) × (3.5 × 10⁻⁶) / (0.097)² = 3.3433 × 10⁶ V/m.
Step 5: Determine the resultant field strength at the position of q3. Because the triangle is equilateral, the field vectors E1 and E2 at q3 point away from their source charges and are separated by an angle of 60°. Using the vector addition formula for equal magnitudes:
E_net = E1 × √3 = (3.3433 × 10⁶ V/m) × 1.7321 = 5.7909 × 10⁶ V/m ≈ 5.8 × 10⁶ V/m.",5.8 × 10^6,V/m
LD319,Three charges q1 = q2 = q3 = 2.6 × 10^-6 C are placed at the three vertices of an equilateral triangle with a side length of 10.3 cm. Calculate the net electric field strength at the position of q3. Give your answer rounded two decimal places.,"Step 1: Identify the given charge magnitudes and the side length of the equilateral triangle. Each charge q = 2.6 × 10⁻⁶ C, and the side length s = 10.3 cm.
Step 2: Convert the side length from centimeters to meters and state Coulomb's constant (k). r = 10.3 cm = 0.103 m. We will use k = 8.99 × 10⁹ N×m²/C².
Step 3: Calculate the magnitude of the electric field produced by charge q1 at the position of q3 (E13) and by charge q2 at the position of q3 (E23). Since q1 = q2 and the distances are equal, E13 = E23 = k × |q| / r².
E13 = E23 = (8.99 × 10⁹) × (2.6 × 10⁻⁶) / (0.103)² = 2.2033 × 10⁶ V/m.
Step 4: Determine the directions of the electric field vectors E13 and E23 at q3. Both q1 and q2 are positive, so their fields point away from them. In an equilateral triangle, the angle between the two field vectors (E13 and E23) at the vertex q3 is 60°.
Step 5: Determine the resultant field strength at the position of q3. Because the two vectors have equal magnitude and a 60° angle between them, the net field is calculated using E_net = E13 × √3:
E_net = (2.2033 × 10⁶ V/m) × 1.7321 = 3.8163 × 10⁶ V/m ≈ 3.82 × 10⁶ V/m.",3.82 × 10^6,V/m
LD320,Three identical charges q = 5.7 × 10^-6 C are placed at the three vertices of an isosceles right triangle with side length 9.7 cm. Calculate the net electric field strength at the right-angle vertex. Give your answer rounded two decimal places.,"Step 1: Identify the given charge value (q) and the side length (s) of the isosceles right triangle. q = 5.7 × 10⁻⁶ C and the leg length s = 9.7 cm.
Step 2: Recognize that the electric field at the right-angle vertex is due to the two charges located at the other two vertices, as a charge does not create an electric field at its own location. The third charge at the vertex where the field is being calculated is ignored for this specific calculation.
Step 3: Convert the side length from centimeters to meters: s = 9.7 cm = 0.097 m.
Step 4: Calculate the magnitude of the electric field (E) produced by one of these charges at the right-angle vertex using Coulomb's law: E = k × |q| / r², where k = 9.0 × 10⁹ N×m²/C² and r is the side length s.
E1 = E2 = (9.0 × 10⁹) × (5.7 × 10⁻⁶) / (0.097)² = 5.4523 × 10⁶ V/m.
Step 5: Determine the resultant field strength at the right-angle vertex. Since the two electric field vectors are perpendicular to each other (pointing along the legs of the triangle), the net field is found using the Pythagorean theorem:
E_net = √(E1² + E2²) = E1 × √2 = (5.4523 × 10⁶ V/m) × 1.4142 = 7.7107 × 10⁶ V/m ≈ 7.71 × 10⁶ V/m.",7.71 × 10^6,V/m
LD321,"Two electric charges, q1 = +1.2 × 10^-6 C and q2 = -1.2 × 10^-6 C, are placed at points A and B, separated by 8.1 cm. Consider point M as the midpoint of AB. Calculate the net electric field strength at M. Give your answer rounded two decimal places.","Step 1: Identify the given values: charges q1 = +1.2 × 10⁻⁶ C, q2 = -1.2 × 10⁻⁶ C; separation distance d = 8.1 cm; Coulomb's constant k = 8.99 × 10⁹ N×m²/C².
Step 2: Convert the separation distance to meters and determine the distance from each charge to the midpoint M. d = 0.081 m. The distance from q1 to M (r1) and from q2 to M (r2) is r1 = r2 = d/2 = 0.081 m / 2 = 0.0405 m.
Step 3: Calculate the magnitude of the electric field E1 at M due to charge q1 using the formula E = k × |q| / r².
E1 = (8.99 × 10⁹ N×m²/C²) × (1.2 × 10⁻⁶ C) / (0.0405 m)² = 0.6578 × 10⁷ V/m.
Step 4: Analyze the directions of the electric fields. Since q1 is positive, E1 points away from A (towards B). Since q2 is negative, its field E2 points towards B. Both fields point in the same direction, so the magnitudes are added. Because the charges and distances are identical, E1 = E2.
Step 5: Determine the resultant electric field strength at M.
E_net = E1 + E2 = 0.6578 × 10⁷ V/m + 0.6578 × 10⁷ V/m = 1.3156 × 10⁷ V/m ≈ 1.32 × 10⁷ V/m.",1.32 × 10^7,V/m
LD322,"Three charges, q1 = q2 = q3 = 1.2 × 10^-6 C, are placed at the three vertices of an equilateral triangle with a side length of 5.2 cm. Calculate the net electric field strength at the position of q3. Give your answer rounded two decimal places.","Step 1: Identify the charges creating the electric field at the position of q3, which are q1 and q2. Note that q3 does not create a field at its own location.
Step 2: Note the given values: q1 = q2 = 1.2 × 10⁻⁶ C and the side length of the equilateral triangle s = 5.2 cm.
Step 3: Convert the side length to meters: s = 5.2 cm = 0.052 m.
Step 4: Calculate the magnitude of the electric field (E) produced by a point charge (q) at a distance (r) using E = k|q|/r², where k = 8.99 × 10⁹ N×m²/C².
E1 = E2 = (8.99 × 10⁹) × (1.2 × 10⁻⁶) / (0.052)² = 3.9956 × 10⁶ V/m.
Step 5: Determine the resultant field strength at the position of q3. In an equilateral triangle, the electric field vectors E1 and E2 at vertex 3 point away from the other vertices, forming a 60° angle between them. The net electric field is calculated using the vector sum for equal magnitudes:
E_net = E1 × √3 = (3.9956 × 10⁶ V/m) × 1.7321 = 6.9208 × 10⁶ V/m ≈ 6.92 × 10⁶ V/m.",6.92 × 10^6,V/m
LD323,"Two electric charges, q1 = +4.8 × 10^-6 C and q2 = -4.8 × 10^-6 C, are placed at points A and B, separated by 5.2 cm. Point M is the midpoint of AB. Calculate the resultant electric field strength at M.Give your answer rounded two decimal places.","Step 1: Identify the given charges and the distance between them. The charges are q1 = +4.8 × 10⁻⁶ C and q2 = -4.8 × 10⁻⁶ C. The total separation distance is d = 5.2 cm.
Step 2: Determine the distance from each charge to point M, which is the midpoint of AB. Converting to meters, d = 0.052 m. The distance from either charge to the midpoint M is r = d / 2 = 0.052 m / 2 = 0.026 m.
Step 3: Recognize that the electric field at point M due to a positive charge (q1) points away from q1 (towards B), and the electric field due to a negative charge (q2) points towards q2 (also towards B). Since both vectors point in the same direction, they will be added together.
Step 4: Calculate the magnitude of the electric field (E1) produced by q1 at M using the formula E = k × |q| / r², where k = 8.99 × 10⁹ N×m²/C².
E1 = (8.99 × 10⁹) × (4.8 × 10⁻⁶) / (0.026)² = 0.6384 × 10⁸ V/m.
Step 5: Determine the net electric field strength at M. Since the magnitudes are identical (E1 = E2) and the directions are the same:
E1 + E2 = 0.6384 × 10⁸ V/m + 0.6384 × 10⁸ V/m = 1.2768 × 10⁸ V/m ≈ 1.28 × 10⁸ V/m.",1.28 × 10^8,V/m
LD324,Three identical charges q = 1.2 × 10^-6 C are placed at the three vertices of an isosceles right triangle with equal sides of 9.7 cm. Calculate the net electric field strength at the vertex of the right angle. Give your answer rounded two decimal places.,"Step 1: Convert the given side length from centimeters to meters. r = 9.7 cm = 0.097 m.
Step 2: Identify the charges contributing to the electric field at the right-angle vertex. The electric field at the right-angle vertex is due to the two charges placed at the other two vertices. The charge at the right-angle vertex itself does not contribute to the field at that specific point.
Step 3: Calculate the magnitude of the electric field (E1) at the right-angle vertex due to one of the charges on an equal side. Use the formula E = k × |q| / r², where k = 9 × 10⁹ N×m²/C², q = 1.2 × 10⁻⁶ C, and r = 0.097 m.
E1 = (9 × 10⁹) × (1.2 × 10⁻⁶) / (0.097)² = 1.1479 × 10⁶ V/m.
Step 4: Calculate the magnitude of the electric field (E2) at the right-angle vertex due to the other charge on the second equal side. Since the charges are identical and the distances are equal, E2 = E1 = 1.1479 × 10⁶ V/m.
Step 5: Determine the net electric field strength at the right-angle vertex. Since the triangle is a right triangle, the field vectors E1 and E2 are perpendicular to each other. The resultant field is calculated using the Pythagorean theorem:
E_net = E1 × √2 = (1.1479 × 10⁶ V/m) × 1.4142 = 1.6234 × 10⁶ V/m ≈ 1.62 × 10⁶ V/m.",1.62 × 10^6,V/m
LD325,"Two charges, q1 = +2.6 × 10^-6 C and q2 = -2.6 × 10^-6 C, are placed at points A and B, separated by 8.1 cm. Point M lies on the perpendicular bisector of AB and is 4.9 cm from the line segment AB. Calculate the resultant electric field strength at M. Give your answer rounded three decimal places.","Step 1: Identify the given values and convert them to SI units. The charges are q1 = +2.6 x 10^-6 C and q2 = -2.6 x 10^-6 C. The separation distance AB = 8.1 cm (0.081 m), and the perpendicular distance to point M from the line segment AB is y = 4.9 cm (0.049 m). We will use the Coulomb constant k = 9.0 x 10^9 N m^2/C^2 as requested.
Step 2: Determine the distance from each charge to point M. The horizontal distance from the midpoint to either charge is x = 0.081 m / 2 = 0.0405 m. Using the Pythagorean theorem, the distance r from each charge to M is:
r = sqrt(x^2 + y^2) = sqrt((0.0405)^2 + (0.049)^2) = 0.0636 m.

Step 3: Calculate the magnitude of the electric field (E1) produced by charge q1 at point M using the formula E = k × |q| / r^2.
E1 = (9.0 x 10^9) × (2.6 x 10^-6) / (0.0636)^2 = 5.7903 x 10^6 V/m. (Rounding up the fourth digit after the decimal as per your preference).

Step 4: Determine the expression for the resultant electric field strength at M. The field from the positive charge points away from it, while the field from the negative charge points toward it. Because of the symmetry, the vertical components cancel out and the horizontal components add together:
E1 + E2 = 2 × E1 × cos(theta), where cos(theta) = x / r = 0.0405 / 0.0636 = 0.6368.
Step 5: Calculate the final resultant field strength at point M:
E_net = 2 × (5.7903 x 10^6 V/m) × 0.6368 ≈ 7.378 x 10^6 V/m.",7.378*10^6,V/m
LD326,"Two electric charges, q1 = +4.8 × 10^-6 C and q2 = -4.8 × 10^-6 C, are placed at two points A and B, separated by 5.2 cm. Consider point M as the midpoint of AB. Calculate the net electric field strength at M. Give your answer rounded two decimal places.","Step 1: Identify the given charges and the distance between them. The charges are q1 = +4.8 × 10⁻⁶ C and q2 = -4.8 × 10⁻⁶ C, separated by a distance d = 5.2 cm.
Step 2: Convert the distance to meters and determine the distance from each charge to point M. The separation d = 0.052 m. Since point M is the midpoint of the segment AB, the distance from each charge to M is r = d / 2 = 0.026 m.
Step 3: Calculate the magnitude of the electric field (E1) at M due to charge q1 using Coulomb's law: E = k × |q| / r². We use Coulomb's constant k = 8.99 × 10⁹ N×m²/C². Rounding up the fourth digit after the decimal as requested:
E1 = (8.99 × 10⁹) × (4.8 × 10⁻⁶) / (0.026)² = 0.6384 × 10⁸ V/m.
Step 4: Determine the direction of E1. Since q1 is a positive charge, the electric field E1 at point M points away from point A (towards point B). Similarly, because q2 is a negative charge, its electric field E2 at point M points towards point B.
Step 5: Calculate the net electric field strength at M. Since both electric field vectors E1 and E2 point in the same direction, the total field is found by adding their magnitudes. Given that the charges are equal in magnitude and M is the midpoint, E1 = E2.
E1 + E2 = 0.6384 × 10⁸ V/m + 0.6384 × 10⁸ V/m = 1.2768 × 10⁸ V/m ≈ 1.28 × 10⁸ V/m.",1.28 × 10^8,V/m
LD327,"Two electric charges, q1 = +5.7 × 10^-6 C and q2 = -5.7 × 10^-6 C, are placed at two points A and B, separated by 9.7 cm. Point M is the midpoint of AB. Calculate the resultant electric field strength at M. Give your answer rounded two decimal places.","Step 1: Identify the magnitudes of the charges q1 = +5.7 x 10^-6 C and q2 = -5.7 x 10^-6 C.
Step 2: Identify the total separation between points A and B as d_AB = 9.7 cm.
Step 3: Convert the total separation to meters: d_AB = 0.097 m.
Step 4: Determine the distance r from each charge to the midpoint M, which is r = d_AB / 2 = 0.097 m / 2 = 0.0485 m.
Step 5: Calculate the magnitude of the electric field (E1) produced by charge q1 at point M using Coulomb's law: E = k × |q| / r^2. Using the Coulomb constant k = 8.9875 x 10^9 N×m^2/C^2 and rounding up the fourth digit after the decimal as per the instruction you previously shared with me:
E1 = (8.9875 x 10^9) × (5.7 x 10^-6) / (0.0485)^2 = 2.1779 x 10^7 V/m.
Step 6: Determine the direction of the fields. Since q1 is positive, E1 points away from A (towards B). Since q2 is negative, its electric field E2 also points towards B. Since both vectors point in the same direction, the net field is the sum of their magnitudes. Given the symmetry of the positions and charge magnitudes:
E1 + E2 = 2.1779 x 10^7 V/m + 2.1779 x 10^7 V/m = 4.3558 x 10^7 V/m ≈ 4.36 x 10^7 V/m.",4.36 × 10^7,V/m
LD328,"Two charges, q1 = +1.2 × 10^-6 C and q2 = -1.2 × 10^-6 C, are placed at points A and B, separated by 5.2 cm. Point M is on the perpendicular bisector of AB, at a distance of 4.9 cm from AB. Calculate the net electric field at M. Give your answer rounded two decimal places.","Step 1: Identify the given values and convert them to SI units. The charges are q1 = +1.2 × 10⁻⁶ C and q2 = -1.2 × 10⁻⁶ C. The separation between points A and B is d = 5.2 cm (0.052 m). Point M is located on the perpendicular bisector at a distance y = 4.9 cm (0.049 m) from the segment AB. We use Coulomb's constant k = 8.99 × 10⁹ N×m²/C².
Step 2: Determine the distance (r) from each charge to point M. The horizontal distance from the midpoint to each charge is x = d / 2 = 0.052 m / 2 = 0.026 m. Using the Pythagorean theorem:
r = sqrt(x² + y²) = sqrt((0.026)² + (0.049)²) = sqrt(0.003077) ≈ 0.05547 m.
Step 3: Calculate the magnitude of the electric field (E1) at M due to charge q1 using the formula E = k × |q| / r². Following your instruction to round up the fourth digit after the decimal for intermediate values:
E1 = (8.99 × 10⁹) × (1.2 × 10⁻⁶) / 0.003077 = 3.5061 × 10⁶ V/m.
Step 4: Determine the direction of the electric fields and the expression for the net field. The field E1 points away from the positive charge q1, and E2 points toward the negative charge q2. Due to the symmetry of the perpendicular bisector, the vertical components cancel out, and the horizontal components add together.
The net electric field is E1 × cos(theta) + E2 × cos(theta) = 2 × E1 × cos(theta), where cos(theta) = x / r = 0.026 / 0.05547 ≈ 0.4687.
Step 5: Calculate the final resultant electric field strength at M:
E_net = 2 × (3.5061 × 10⁶ V/m) × 0.4687 ≈ 3.29 × 10⁶ V/m.",3.29*10^6,V/m
LD329,"Three electric charges, q1 = q2 = q3 = 1.2 × 10⁻⁶ C, are placed at the three vertices of an equilateral triangle with a side length of 10.3 cm. Calculate the resultant electric field strength at the position of q3. Give your answer rounded two decimal places.","Step 1: Identify the charges creating the electric field at the position of q3. These are q1 and q2. The charge q3 itself does not create a field at its own location.
Step 2: Note the given values: q1 = q2 = 1.2 × 10⁻⁶ C, and the side length of the equilateral triangle is r = 10.3 cm.
Step 3: Convert the distance to meters: r = 10.3 cm = 0.103 m.
Step 4: Recall the formula for the magnitude of the electric field (E) due to a point charge: E = k × |q| / r², where k is Coulomb's constant (9 × 10⁹ N×m²/C²). Following the rounding instruction for intermediate steps:
E1 = (9 × 10⁹) × (1.2 × 10⁻⁶) / (0.103)² = 1.0180 × 10⁶ V/m.
Since q1 = q2 and the distances are equal, E2 = E1 = 1.0180 × 10⁶ V/m.
Step 5: Determine the direction of the fields and calculate the resultant field. In an equilateral triangle, the angle between the two field vectors E1 and E2 at the vertex of q3 is 60°. The resultant electric field for two equal vectors separated by 60° is found using the formula:
E_net = E1 × √3 = (1.0180 × 10⁶ V/m) × 1.73205 = 1.7633 × 10⁶ V/m ≈ 1.76 × 10⁶ V/m.",1.76 × 10^6,V/m
LD330,Three identical charges q = 2.6 × 10^-6 C are placed at the three vertices of an isosceles right triangle with side length 10.3 cm. Calculate the net electric field strength at the right-angle vertex. Give your answer rounded two decimal places.,"Step 1: Identify the charges and their locations. Three identical charges, q = 2.6 × 10⁻⁶ C, are placed at the three vertices of an isosceles right triangle with side length r = 10.3 cm (0.103 m).
Step 2: Identify the point where the net electric field strength is to be calculated. This point is the right-angle vertex.
Step 3: Recognize which charges contribute to the field at that point. The electric field at the right-angle vertex is created only by the two charges located at the other two vertices (the ends of the equal sides). The charge located at the right-angle vertex itself does not contribute to the field at its own position because the distance r would be zero.
Step 4: Calculate the magnitude of the electric field (E1) at the right-angle vertex due to one of the charges. Using k = 8.99 × 10⁹ N×m²/C² and following the rounding instruction to round up the fourth digit after the decimal:
E1 = (8.99 × 10⁹) × (2.6 × 10⁻⁶) / (0.103)² = 2.2032 × 10⁶ V/m.
Since the triangle is isosceles, the second contributing charge is at the same distance, so E2 = E1 = 2.2032 × 10⁶ V/m.
Step 5: Calculate the net electric field strength. The two field vectors are perpendicular (at a 90° angle) because they align with the legs of the right triangle. Using the Pythagorean theorem:
E_net = E1 × √2 = (2.2032 × 10⁶ V/m) × 1.41421 = 3.1157 × 10⁶ V/m ≈ 3.12 × 10⁶ V/m.",3.12 × 10^6,V/m
LD331,"Two electric charges, q1 = +3.5 × 10^-6 C and q2 = -3.5 × 10^-6 C, are placed at points A and B, separated by 8.1 cm. Point M lies on the perpendicular bisector of AB, at a distance of 4.9 cm from AB. Calculate the net electric field at M. Give your answer rounded three decimal places.","Step 1: Identify given values and state Coulomb's constant. The charges are q1 = +3.5 × 10⁻⁶ C and q2 = -3.5 × 10⁻⁶ C. The separation distance AB is 8.1 cm and the distance from the midpoint to point M is 4.9 cm. We use Coulomb's constant k = 8.99 × 10⁹ N×m²/C².
Step 2: Convert distances to meters. The separation AB = 0.081 m and the perpendicular distance y = 0.049 m.
Step 3: Determine the horizontal distance x_half from the midpoint of AB to points A or B. Since the total distance is 0.081 m, x_half = 0.081 / 2 = 0.0405 m.
Step 4: Calculate the distance r from each charge (q1 or q2) to point M using the Pythagorean theorem.
r = √((0.0405)² + (0.049)²) = √(0.00164025 + 0.002401) = 0.06357 m.
Step 5: Calculate the magnitude of the electric field (E1) produced by charge q1 at M. 
E1 = (8.99 × 10⁹) × (3.5 × 10⁻⁶) / (0.06357)² = 7.7891 × 10⁶ V/m.
Step 6: Determine the expression for the resultant electric field strength at M. The vertical components of the fields from q1 and q2 cancel out, while the horizontal components add together.
E_net = 2 × E1 × cos(theta), where cos(theta) = x_half / r = 0.0405 / 0.06357 = 0.6371.
Step 7: Calculate the final net electric field:
E_net = 2 × (7.7891 × 10⁶ V/m) × 0.6371 ≈ 9.932 × 10⁶ V/m.",9.932*10^6,V/m
LD332,"Two electric charges, q1 = +1.2 × 10^-6 C and q2 = -1.2 × 10^-6 C, are placed at points A and B, separated by 10.3 cm. Point M lies on the perpendicular bisector of AB, at a distance of 4.0 cm from the midpoint of AB. Calculate the net electric field strength at M. Give your answer rounded three decimal places.","Step 1: Identify given values. Charges q1 = +1.2 × 10⁻⁶ C and q2 = -1.2 × 10⁻⁶ C. Separation d = 10.3 cm (0.103 m). Distance from midpoint to M is y = 4.0 cm (0.040 m). Coulomb's constant k = 9.0 × 10⁹ N×m²/C².
Step 2: Calculate the distance r from each charge to point M. The distance from the midpoint to each charge is x = 0.103 / 2 = 0.0515 m.
r = √(x² + y²) = √((0.0515)² + (0.040)²) = √(0.00425225) = 0.065209... m.
Step 3: Calculate the magnitude of the electric field E1 due to charge q1 at M.
E1 = (9.0 × 10⁹) × (1.2 × 10⁻⁶) / 0.00425225 = 2.5399 × 10⁶ V/m.
By symmetry, E2 = E1 = 2.5399 × 10⁶ V/m.
Step 4: Determine the horizontal components. The vertical components cancel, so the net field is the sum of the horizontal components. Let φ be the angle between the horizontal axis and the line r.
cos(φ) = x / r = 0.0515 / 0.065209... = 0.78976...
Step 5: Calculate the net electric field strength E_net at M.
E_net = E1 × cos(φ) + E2 × cos(φ) = 2 × (2.5399 × 10⁶ V/m) × 0.78976... ≈ 4.012 × 10⁶ V/m.",4.012*10^6,V/m
LD333,"Two charges q1 = +1.2 × 10^-6 C and q2 = -1.2 × 10^-6 C are placed at points A and B, separated by 9.7 cm. Let M be the midpoint of AB. Calculate the resultant electric field strength at M. Give your answer rounded two decimal places.","Step 1: Identify the given charges, q1 = +1.2 × 10⁻⁶ C and q2 = -1.2 × 10⁻⁶ C, and the distance between points A and B, which is 9.7 cm.
Step 2: Convert the distance to meters: 9.7 cm = 0.097 m. Point M is the midpoint, so the distance from each charge to M is r = 0.097 m / 2 = 0.0485 m.
Step 3: State Coulomb's constant, k ≈ 9.0 × 10⁹ N×m²/C², and the formula for the electric field due to a point charge, E = k|q|/r².
Step 4: Calculate the magnitude of the electric field (E1) produced by q1 at M: E1 = (9.0 × 10⁹) × (1.2 × 10⁻⁶) / (0.0485)² = 4.5914 × 10⁶ V/m. Since the magnitudes of the charges and the distances are equal, E2 = E1 = 4.5914 × 10⁶ V/m.
Step 5: Determine the net electric field at the midpoint. Since q1 is positive, E1 points away from A (towards B). Since q2 is negative, its electric field E2 also points towards B. Since both vectors point in the same direction, the net field is the sum of their magnitudes:
E1 + E2 = 4.5914 × 10⁶ V/m + 4.5914 × 10⁶ V/m = 9.1828 × 10⁶ V/m ≈ 9.18 × 10⁶ V/m.",9.18 × 10^6,V/m
LD334,"Two electric charges, q1 = +3.5 × 10^-6 C and q2 = -3.5 × 10^-6 C, are placed at two points A and B, separated by 8.1 cm. Point M lies on the perpendicular bisector of AB, 4.9 cm away from AB. Calculate the resultant electric field strength at M. Give your answer rounded three decimal places.","Step 1: Identify given values and convert distances to SI units. The charges are q1 = +3.5 × 10⁻⁶ C and q2 = -3.5 × 10⁻⁶ C. The separation distance AB = 8.1 cm (0.081 m). The distance from the midpoint to point M is y = 4.9 cm (0.049 m).
Step 2: Calculate the distance from each charge (A or B) to the midpoint of the segment AB.
x = 0.081 / 2 = 0.0405 m.
Step 3: Calculate the distance (r) from each charge (q1 or q2) to point M using the Pythagorean theorem.
r = √(x² + y²) = √((0.0405)² + (0.049)²) = √(0.00164025 + 0.002401) = 0.06357 m.
Step 4: State the value of Coulomb's constant (k). We use k = 9.0 × 10⁹ N×m²/C².
Step 5: Calculate the magnitude of the electric field (E1) produced by q1 at M. Rounding up the fourth digit after the decimal:
E1 = (9.0 × 10⁹) × (3.5 × 10⁻⁶) / (0.06357)² = 7.7949 × 10⁶ V/m.
By symmetry, E2 = E1 = 7.7949 × 10⁶ V/m.
Step 6: Determine the direction of the field and calculate components. At point M, the vertical components cancel. The horizontal components add together. Let φ be the angle between the horizontal axis AB and the line r.
cos(φ) = x / r = 0.0405 / 0.06357 = 0.6371.
Step 7: Calculate the resultant electric field strength E_net at M.
E_net = E1 × cos(φ) + E2 × cos(φ) = 2 × (7.7949 × 10⁶ V/m) × 0.6371 ≈ 9.932 × 10⁶ V/m.",9.932*10^6,V/m
LD335,"Three identical charges, q = 1.2 × 10^-6 C, are placed at the three vertices of an isosceles right triangle with legs of 5.2 cm. Calculate the net electric field strength at the right-angle vertex. Give your answer rounded two decimal places.","Step 1: Convert the leg length from centimeters to meters. The leg length is r = 5.2 cm, which is 0.052 m.
Step 2: Identify the charges contributing to the electric field at the right-angle vertex. The net electric field at this point is produced only by the two charges located at the other two vertices of the triangle. The charge located at the right-angle vertex itself does not contribute to the field at its own position.
Step 3: Calculate the magnitude of the electric field (E1) produced by one of these charges at the right-angle vertex. Using Coulomb's constant k = 9.0 x 10⁹ N×m²/C² and rounding up the fourth digit after the decimal:
E1 = (9.0 x 10⁹) × (1.2 x 10⁻⁶) / (0.052)² = 3.9941 x 10⁶ V/m.
By symmetry, the field from the second charge is E2 = E1 = 3.9941 x 10⁶ V/m.
Step 4: Recognize that the two electric field vectors (E1 and E2) at the right-angle vertex are perpendicular to each other (at a 90° angle), pointing away from their respective source charges along the legs of the triangle.
Step 5: Calculate the net electric field strength (E_net) using the Pythagorean theorem for perpendicular vectors:
E_net = √(E1² + E2²) = E1 × √2.
E_net = (3.9941 x 10⁶ V/m) × 1.41421 ≈ 5.65 x 10⁶ V/m.",5.65 × 10^6,V/m
LD336,Two charges q1 = -3.6 × 10^-6 C and q2 = -2.1 × 10^-6 C are 6.0 cm apart. Point M is equidistant from A and B along a line perpendicular to AB and is 5.0 cm from the midpoint of AB. Calculate the total electric field strength at M. Give your answer rounded two decimal places.,"Step 1: Convert given distances to meters. The distance between q1 and q2 is 6.0 cm = 0.06 m. The distance from M to the midpoint of AB is 5.0 cm = 0.05 m.
Step 2: Calculate the distance (r) from each charge to point M. The midpoint is x = 0.03 m from each charge.
r = √(x² + y²) = √((0.03)² + (0.05)²) = √(0.0034) = 0.05831 m.
Step 3: Calculate the magnitude of the electric field produced by each charge at point M. Using k = 8.99 × 10⁹ N×m²/C² and rounding up the fourth digit after the decimal:
E1 = (8.99 × 10⁹ × 3.6 × 10⁻⁶) / 0.0034 = 9.5189 × 10⁶ V/m.
E2 = (8.99 × 10⁹ × 2.1 × 10⁻⁶) / 0.0034 = 5.5527 × 10⁶ V/m.
Step 4: Determine the components of E1 and E2. Let θ be the angle between the line connecting M to a charge and the perpendicular bisector (y-axis).
sin(θ) = 0.03 / 0.05831 = 0.5145.
cos(θ) = 0.05 / 0.05831 = 0.8575.
Step 5: Calculate the horizontal (Ex) and vertical (Ey) components. Since both charges are negative, E1 points toward q1 and E2 points toward q2.
E1x = -E1 × sin(θ) = -9.5189 × 0.5145 = -4.8975 × 10⁶ V/m.
E2x = +E2 × sin(θ) = +5.5527 × 0.5145 = +2.8569 × 10⁶ V/m.
E1y = -E1 × cos(θ) = -9.5189 × 0.8575 = -8.1625 × 10⁶ V/m.
E2y = -E2 × cos(θ) = -5.5527 × 0.8575 = -4.7615 × 10⁶ V/m.
Step 6: Calculate the net components and the resultant field strength.
Ex_net = E1x + E2x = -4.8975 + 2.8569 = -2.0406 × 10⁶ V/m.
Ey_net = E1y + E2y = -8.1625 + (-4.7615) = -12.9240 × 10⁶ V/m.
E_net = √((-2.0406)² + (-12.9240)²) × 10⁶ = √(4.1641 + 167.0298) × 10⁶ = 1.3084 × 10⁷ V/m ≈ 1.31 × 10⁷ V/m.",1.31*10^7,V/m
LD337,"Two point charges, q1 = -5.3 × 10^-6 C and q2 = -1.2 × 10^-6 C, are separated by a distance of 7.5 cm. Point M lies on the perpendicular bisector of the line segment connecting q1 and q2 (let's call this segment AB), and is located 3.8 cm away from AB. Calculate the resultant electric field strength at point M. Give your answer rounded two decimal places.","Step 1: Convert given distances from centimeters to meters. Separation distance AB = 7.5 cm (0.075 m). Vertical distance to M is y = 3.8 cm (0.038 m).
Step 2: Calculate the distance (r) from each charge to point M using the Pythagorean theorem. The horizontal distance from each charge to the midpoint is x = 0.0375 m.
r = √(x² + y²) = √((0.0375)² + (0.038)²) = √(0.00285025) = 0.0533877... m.
Step 3: Calculate the magnitude of the electric field (E1) produced by charge q1 at point M using Coulomb's constant k = 8.99 × 10⁹ N×m²/C². Rounding up the fourth digit after the decimal:
E1 = (8.99 × 10⁹ × 5.3 × 10⁻⁶) / 0.00285025 = 1.6717 × 10⁷ V/m.
Step 4: Calculate the magnitude of the electric field (E2) produced by charge q2 at point M.
E2 = (8.99 × 10⁹ × 1.2 × 10⁻⁶) / 0.00285025 = 0.3785 × 10⁷ V/m.
Step 5: Determine the components of the electric fields. Both charges are negative, so E1 points toward q1 and E2 points toward q2. Let φ be the angle between the horizontal axis AB and the line r.
cos(φ) = x / r = 0.0375 / 0.0533877... = 0.7024
sin(φ) = y / r = 0.038 / 0.0533877... = 0.7118
Step 6: Calculate the net horizontal (Ex) and vertical (Ey) components.
E1x = -E1 × cos(φ) = -1.6717 × 0.7024 = -1.1742 × 10⁷ V/m.
E2x = +E2 × cos(φ) = +0.3785 × 0.7024 = +0.2659 × 10⁷ V/m.
E1y = -E1 × sin(φ) = -1.6717 × 0.7118 = -1.1900 × 10⁷ V/m.
E2y = -E2 × sin(φ) = -0.3785 × 0.7118 = -0.2695 × 10⁷ V/m.
Ex_net = E1x + E2x = -1.1742 + 0.2659 = -0.9083 × 10⁷ V/m.
Ey_net = E1y + E2y = -1.1900 - 0.2695 = -1.4595 × 10⁷ V/m.
Step 7: Calculate the resultant electric field strength E_net at M.
E_net = √((Ex_net)² + (Ey_net)²)
√((-0.9083)² + (-1.4595)²) × 10⁷ = √(0.8250 + 2.1301) × 10⁷ = √(2.9551) × 10⁷ ≈ 1.72 × 10⁷ V/m.",1.72*10^7,V/m
LD338,"Two electric charges q1 = 4.2 × 10^-6 C and q2 = 2.1 × 10^-6 C are separated by a distance of 9.2 cm. Point M is located on the perpendicular bisector of the line segment connecting q1 and q2, and is 4.6 cm away from this line segment. Calculate the resultant electric field at point M. Give your answer rounded two decimal places.","Step 1: Identify given values and convert units to SI. Charges are q1 = 4.2 × 10⁻⁶ C and q2 = 2.1 × 10⁻⁶ C. Separation distance AB = 9.2 cm (0.092 m). Perpendicular distance to M is y = 4.6 cm (0.046 m). Coulomb's constant k = 8.99 × 10⁹ N×m²/C².
Step 2: Determine the geometry and calculate the distance (r) from each charge to point M. The horizontal distance from each charge to the midpoint is x = 0.092 / 2 = 0.046 m.
r = √(x² + y²) = √((0.046)² + (0.046)²) = √(0.002116 + 0.002116) = √(0.004232) = 0.065053... m.
Step 3: Calculate the magnitude of the electric field E1 due to q1 at M. Rounding up the fourth digit after the decimal:
E1 = (8.99 × 10⁹ × 4.2 × 10⁻⁶) / 0.004232 = 8.9221 × 10⁶ V/m.
Step 4: Calculate the magnitude of the electric field E2 due to q2 at M.
E2 = (8.99 × 10⁹ × 2.1 × 10⁻⁶) / 0.004232 = 4.4611 × 10⁶ V/m.
Step 5: Determine the components of the electric fields. Both charges are positive, so vectors point away from the charges. Since x = y (0.046 m), the angle φ is 45°.
cos(φ) = 0.046 / 0.065053 = 0.7071
sin(φ) = 0.046 / 0.065053 = 0.7071
Step 6: Calculate the net horizontal (Ex) and vertical (Ey) components.
E1x = -E1 × cos(φ) = -8.9221 × 0.7071 = -6.3088 × 10⁶ V/m.
E2x = +E2 × cos(φ) = +4.4611 × 0.7071 = +3.1545 × 10⁶ V/m.
E1y = +E1 × sin(φ) = +8.9221 × 0.7071 = +6.3088 × 10⁶ V/m.
E2y = +E2 × sin(φ) = +4.4611 × 0.7071 = +3.1545 × 10⁶ V/m.
Ex_net = E1x + E2x = -6.3088 + 3.1545 = -3.1543 × 10⁶ V/m.
Ey_net = E1y + E2y = 6.3088 + 3.1545 = 9.4633 × 10⁶ V/m.
Step 7: Calculate the resultant electric field strength E_net at M.
E_net = √((Ex_net)² + (Ey_net)²)
√((-3.1543)² + (9.4633)²) × 10⁶ = √(9.9496 + 89.5540) × 10⁶ = √(99.5036) × 10⁶ ≈ 0.9975 × 10⁷ V/m.
Rounding to two decimal places: ≈ 1.00 × 10⁷ V/m.",1.00 × 10⁷,V/m
LD339,"Two charges, q1 = 5.3 × 10^-6 C and q2 = -3.0 × 10^-6 C, are separated by 9.2 cm. Point M is on the perpendicular bisector of the line segment connecting the charges, 4.6 cm from its midpoint. Calculate the net electric field strength at M. Give your answer rounded two decimal places.","Step 1: Convert all given distances to meters. Separation AB = 9.2 cm (0.092 m). Midpoint to M distance y = 4.6 cm (0.046 m). For this calculation, we use k = 9.0 x 10⁹ N×m²/C².

Step 2: Calculate the distance r from each charge to point M. The horizontal distance from the midpoint to each charge is x = 0.046 m.
r = √(x² + y²) = √((0.046)² + (0.046)²) = √(0.004232) ≈ 0.065053 m.

Step 3: Calculate the magnitude of the electric field E1 due to charge q1 at point M. Rounding up the fourth digit after the decimal:
E1 = (9.0 x 10⁹ × 5.3 x 10⁻⁶) / 0.004232 = 11.2713 x 10⁶ V/m.

Step 4: Calculate the magnitude of the electric field E2 due to charge q2 at point M.
E2 = (9.0 x 10⁹ × 3.0 x 10⁻⁶) / 0.004232 = 6.3800 x 10⁶ V/m.

Step 5: Determine the components of the fields. Since x = y, the angle φ is 45°. q1 is positive (field away from A), and q2 is negative (field toward B).
cos(45°) = 0.7071
sin(45°) = 0.7071

Ex_net = (-E1 × cos(45°)) + (E2 × cos(45°)) = (-11.2713 + 6.3800) × 0.7071 = -3.4587 x 10⁶ V/m.
Ey_net = (E1 × sin(45°)) + (E2 × sin(45°)) = (11.2713 + 6.3800) × 0.7071 = 12.4814 x 10⁶ V/m.

Step 6: Calculate the resultant electric field strength E_net at M.
E_net = √((Ex_net)² + (Ey_net)²)
√((-3.4587)² + (12.4814)²) × 10⁶ = √(11.9626 + 155.7853) × 10⁶ ≈ 1.30 x 10⁷ V/m.",1.3*10^7,V/m
LD340,"Two point charges, q1 = 3.6 × 10^-6 C and q2 = -2.1 × 10^-6 C, are separated by 9.2 cm. Point M is located on the perpendicular bisector of the line segment connecting the charges, at a distance of 4.6 cm from the midpoint of this segment. Calculate the resultant electric field strength at M. Give your answer rounded two decimal places.","Step 1: Identify given values and convert units to SI. Charges are q1 = 3.6 × 10⁻⁶ C and q2 = -2.1 × 10⁻⁶ C. Separation distance AB = 9.2 cm (0.092 m). Midpoint to M distance y = 4.6 cm (0.046 m). For this calculation, we use k = 9.0 × 10⁹ N×m²/C².
Step 2: Calculate the distance r from each charge to point M. The horizontal distance from the midpoint to each charge is x = 0.046 m.
r = √((x² + y²)) = √((0.046)² + (0.046)²) = √(0.004232) ≈ 0.0650538... m.
Step 3: Calculate the magnitude of the electric field E1 due to charge q1 at point M.
E1 = (9.0 × 10⁹ × 3.6 × 10⁻⁶) / 0.004232 = 7.6559546... × 10⁶ V/m.
Step 4: Calculate the magnitude of the electric field E2 due to charge q2 at point M.
E2 = (9.0 × 10⁹ × 2.1 × 10⁻⁶) / 0.004232 = 4.4659735... × 10⁶ V/m.
Step 5: Determine the components of the fields. Since x = y, the angle phi is 45 degrees. q1 is positive (field away from A / Up and Left), and q2 is negative (field toward B / Up and Right).
cos(45) = 0.7071067...
sin(45) = 0.7071067...
Ex_net = (-E1 × cos(45)) + (E2 × cos(45)) = (-7.6559546 + 4.4659735) × 0.7071067 × 10⁶ = -2.255656... × 10⁶ V/m.
Ey_net = (E1 × sin(45)) + (E2 × sin(45)) = (7.6559546 + 4.4659735) × 0.7071067 × 10⁶ = 8.571490... × 10⁶ V/m.
Step 6: Calculate the resultant electric field strength E_net at M.
E_net = √((Ex_net)² + (Ey_net)²)
√((-2.255656)² + (8.571490)²) × 10⁶ = √(5.08798... + 73.46944...) × 10⁶ = √(78.55742...) × 10⁶ ≈ 8.87 × 10⁶ V/m.",8.87*10^6,V/m
LD341,"Two point charges, q1 = 4.2 × 10^-6 C and q2 = 1.2 × 10^-6 C, are placed at points A and B, respectively, separated by 6.0 cm. Point M lies on the line connecting A and B, 3.3 cm from A. Calculate the net electric field strength at M. Give your answer rounded two decimal places.","Step 1: Identify given values and convert units to SI. Charges are q1 = 4.2 × 10⁻⁶ C and q2 = 1.2 × 10⁻⁶ C. Separation AB = 6.0 cm (0.060 m). Point M is located between A and B, distance r1 = 3.3 cm (0.033 m) from A. For this calculation, we use k = 9.0 × 10⁹ N×m²/C².
Step 2: Calculate the distance r2 from charge q2 (at B) to point M.
r2 = 0.060 m - 0.033 m = 0.027 m.
Step 3: Calculate the magnitude of the electric field E1 due to charge q1 at point M.
E1 = (9.0 × 10⁹ × 4.2 × 10⁻⁶) / (0.033)² = 34.710743... × 10⁶ V/m.
Step 4: Calculate the magnitude of the electric field E2 due to charge q2 at point M.
E2 = (9.0 × 10⁹ × 1.2 × 10⁻⁶) / (0.027)² = 14.814814... × 10⁶ V/m.
Step 5: Determine the net electric field. Since both charges are positive and M is between them, the fields point in opposite directions. Field E1 points away from A (right) and E2 points away from B (left).
E_net = E1 - E2 = 34.710743... × 10⁶ - 14.814814... × 10⁶ = 19.895929... × 10⁶ V/m ≈ 1.99 × 10⁷ V/m.",1.98*10^7,V/m
LD342,"Two point charges, q1 = 3.6 × 10^-6 C and q2 = 3.0 × 10^-6 C, are separated by a distance of 9.2 cm. Point M lies on the line connecting A and B, but outside the segment AB, and is 14.2 cm from A(M is to the right side of A and B). Calculate the net electric field strength at M. Give your answer rounded two decimal places.","Step 1: Identify given values and convert units to SI. Charges are q1 = 3.6 × 10⁻⁶ C and q2 = 3.0 × 10⁻⁶ C. Separation AB = 9.2 cm (0.092 m). Point M is located on the line connecting A and B, outside the segment AB, at a distance r1 = 14.2 cm (0.142 m) from A. For this calculation, we use k = 9.0 × 10⁹ N×m²/C².
Step 2: Identify the geometric arrangement for Case 2 (M-A-B). In this case, A lies between M and B. The distance from q1 to M is r1 = 0.142 m, and the distance from q2 to M is r2.
r2 = 0.142 m + 0.092 m = 0.234 m.
Step 3: Calculate the magnitude of the electric field E1 due to charge q1 at point M.
E1 = (9.0 × 10⁹ × 3.6 × 10⁻⁶) / (0.142)² = 32400 / 0.020164 = 1.606823... × 10⁶ V/m.
Step 4: Calculate the magnitude of the electric field E2 due to charge q2 at point M.
E2 = (9.0 × 10⁹ × 3.0 × 10⁻⁶) / (0.234)² = 27000 / 0.054756 = 0.493096... × 10⁶ V/m.
Step 5: Determine the net electric field. Since both charges are positive and M is to the left of both A and B, both fields point in the same direction (away from the charges to the left).
E_net = E1 + E2 = 1.606823... × 10⁶ + 0.493096... × 10⁶ = 2.099920... × 10⁶ V/m ≈ 2.1 × 10⁶ V/m.",2.1*10^6,V/m
LD343,"Two charges, q1 = -2.4 × 10^-6 C and q2 = -2.1 × 10^-6 C, are separated by 7.5 cm. Point M lies on the line connecting the two charges but outside the segment between them, and is located 11.9 cm to the left of charge q1. Calculate the net electric field at M. Give your answer rounded three decimal places.","Step 1: Identify the given values and the electrostatic constant.
Charge q₁ = -2.4 × 10⁻⁶ C, q₂ = -2.1 × 10⁻⁶ C, and separation d = 0.075 m. The Coulomb constant k = 9 × 10⁹ N×m²/C².
Step 2: Determine the position of point M and its distances from each charge.
Point M is 0.119 m to the left of q₁. Since q₂ is to the right of q₁, the distance from q₂ to M is found by adding the separation:
r₁ = 0.119 m.
r₂ = 0.119 + 0.075 = 0.194 m.
Step 3: Calculate the magnitude of the electric field (E1) produced by charge q1 at point M.
E1 = (9 × 10⁹ × 2.4 × 10⁻⁶) / 0.119² = 21600 / 0.014161 = 1525316.009... V/m.
Step 4: Determine the direction of E1 and calculate E2.
Since both charges are negative, both electric field vectors point toward the charges (to the right).
E2 = (9 × 10⁹ × 2.1 × 10⁻⁶) / 0.194² = 18900 / 0.037636 = 502178.765... V/m.
Step 5: Calculate the net electric field strength at M.
Because both vectors point in the same direction, we add their magnitudes:
Enet = E1 + E2 = 1525316.009 + 502178.765 = 2027494.774 V/m ≈ 2.027 × 10⁶ V/m.",2.027*10^6,V/m
LD344,"Two point charges, q1 = 3.6 × 10^-6 C and q2 = -1.2 × 10^-6 C, are separated by 8.0 cm. Point M lies on the perpendicular bisector of the line segment connecting the two charges and is 4.0 cm from each charge. Calculate the resultant electric field strength at M. Give your answer rounded one decimal places.","Step 1: Identify given values and set up the coordinate system.
Charge q₁ = 3.6 × 10⁻⁶ C, q₂ = -1.2 × 10⁻⁶ C, and separation d = 0.08 m. Place the midpoint at (0, 0), so q₁ is at (-0.04, 0) and q₂ is at (0.04, 0). Since point M is on the perpendicular bisector and is 0.04 m from each charge, it must be located exactly at the midpoint (0, 0). Use k = 9 × 10⁹ N×m²/C².
Step 2: Calculate the distance from each charge to point M.
The distance r from each charge to point M is given as 4.0 cm, which is 0.04 m.
r₁ = 0.04 m.
r₂ = 0.04 m.
Step 3: Calculate the magnitudes of the electric fields E1 (due to q1) and E2 (due to q2) at point M.
Using E = k × |q| / r²:
E1 = (9 × 10⁹ × 3.6 × 10⁻⁶) / 0.04² = 32400 / 0.0016 = 20250000 V/m.
E2 = (9 × 10⁹ × 1.2 × 10⁻⁶) / 0.04² = 10800 / 0.0016 = 6750000 V/m.
Step 4: Determine the components of E1 and E2 along the x and y axes.
E1 points away from the positive charge q₁ (to the right). E2 points toward the negative charge q₂ (also to the right).
E1x = 20250000 V/m, E1y = 0 V/m.
E2x = 6750000 V/m, E2y = 0 V/m.
Step 5: Calculate the net electric field strength at M.
Ex = E1x + E2x = 20250000 + 6750000 = 27000000 V/m.
Ey = E1y + E2y = 0 V/m.
Enet = √(Ex² + Ey²) = 27000000 ≈ 2.7 × 10⁷ V/m.",2.7*10^7,V/m
LD345,Two charges q1 = -2.4 × 10^-6 C and q2 = 1.2 × 10^-6 C are placed at two points separated by 9.2 cm. A point M is located 2.0 cm from q1 and 7.2 cm from q2. Calculate the total electric field intensity at M. Give your answer rounded three decimal places.,"Step 1: Identify the given charges and distances, and determine the geometric arrangement of point M.
Charge q₁ = -2.4 × 10⁻⁶ C, q₂ = 1.2 × 10⁻⁶ C, and separation d = 9.2 cm. Point M is 2.0 cm from q₁ and 7.2 cm from q₂. Since 2.0 + 7.2 = 9.2, point M lies on the segment connecting the two charges, between q₁ and q₂.
Step 2: Convert distances to meters and recall Coulomb's constant.
r₁ = 0.02 m.
r₂ = 0.072 m.
k = 9 × 10⁹ N×m²/C².
Step 3: Calculate the magnitude of the electric field E1 due to q1 at M.
E1 = (9 × 10⁹ × 2.4 × 10⁻⁶) / 0.02² = 21600 / 0.0004 = 54000000 V/m.
Step 4: Determine the direction of E1 and calculate E2.
Since q₁ is negative, E1 points toward q₁ (to the left). Since q₂ is positive, E2 also points away from q₂ (to the left).
E2 = (9 × 10⁹ × 1.2 × 10⁻⁶) / 0.072² = 10800 / 0.005184 = 2083333.333... V/m.
Step 5: Calculate the total electric field intensity at M.
Enet = E1 + E2 = 54000000 + 2083333.333 ≈ 5.608 × 10⁷ V/m.",5.608*10^7,V/m
LD346,"Two electric charges, q1 = 4.2 × 10^-6 C and q2 = 4.8 × 10^-6 C, are separated by 6.0 cm. Point M lies on the line connecting the two charges (let's denote their positions as A and B respectively) but outside the segment AB. M is located 8.0 cm from A. Calculate the net electric field strength at M. Give your answer rounded two decimal places.","Step 1: Identify the given electric charges and their separation.
Charge q₁ = 4.2 × 10⁻⁶ C, charge q₂ = 4.8 × 10⁻⁶ C. The distance between them is 6.0 cm (0.06 m). Use k = 9 × 10⁹ N×m²/C².
Step 2: Determine the position of point M and its distances from each charge.
Point M lies on the line AB but outside the segment. Since M is 0.08 m from A and the separation AB is 0.06 m, M must be on the side of A (arrangement M---A---B).
r₁ = 0.08 m.
r₂ = 0.08 + 0.06 = 0.14 m.
Step 3: Calculate the magnitude of the electric field E1 produced by charge q1 at point M.
E1 = (9 × 10⁹ × 4.2 × 10⁻⁶) / 0.08² = 37800 / 0.0064 = 5906250 V/m.
Step 4: Determine the direction of E1 and calculate E2.
Since both charges are positive, both fields point away from the charges (to the left).
E2 = (9 × 10⁹ × 4.8 × 10⁻⁶) / 0.14² = 43200 / 0.0196 ≈ 2204081.633 V/m.
Step 5: Calculate the net electric field strength at M.
Enet = E1 + E2 = 5906250 + 2204081.633 ≈ 8.11 × 10⁶ V/m.",8.11*10^6,V/m
LD347,"Two electric charges, q1 = -2.4 × 10^-6 C and q2 = -1.2 × 10^-6 C, are placed 6.0 cm apart. A point M is located 2.0 cm from q1 and 4.0 cm from q2. Calculate the resultant electric field strength at M. Give your answer rounded three decimal places.","Step 1: Identify the given charges (q₁ = -2.4 × 10⁻⁶ C, q₂ = -1.2 × 10⁻⁶ C) and the distances from them to point M (r₁ = 2.0 cm = 0.02 m, r₂ = 4.0 cm = 0.04 m).
The total separation is 6.0 cm, which equals r₁ + r₂, confirming that point M lies on the line segment between the two charges. Use k = 9 × 10⁹ N×m²/C².
Step 2: Determine the direction of the electric field produced by each charge at M.
Since both charges are negative, the electric field due to q₁ (E1) at M points toward q₁ (to the left), and the electric field due to q₂ (E2) at M points toward q₂ (to the right).
Step 3: Calculate the magnitude of the electric field E1 due to q1 at M.
E1 = (9 × 10⁹ × 2.4 × 10⁻⁶) / 0.02² = 21600 / 0.0004 = 54000000 V/m.
Step 4: Calculate the magnitude of the electric field E2 due to q2 at M.
E2 = (9 × 10⁹ × 1.2 × 10⁻⁶) / 0.04² = 10800 / 0.0016 = 6750000 V/m.
Step 5: Calculate the net electric field strength at M.
Since the fields point in opposite directions, we subtract the smaller magnitude from the larger one.
Enet = E1 - E2 = 54000000 - 6750000 = 47250000 ≈ 4.725 × 10⁷ V/m.",4.725*10^7,V/m
LD349,"Two electric charges, q1 = 3.6 × 10^-6 C and q2 = -3.0 × 10^-6 C, are placed at two points equidistant from point M. Each point is 5.0 cm away from M, and the angle between the lines connecting these two points to M is 60°. Calculate the net electric field strength at M. Give your answer rounded one decimal places.","Step 1: Identify given values and geometric arrangement.
Charge q₁ = 3.6 × 10⁻⁶ C, q₂ = -3.0 × 10⁻⁶ C, and distance r = 0.05 m. The angle between the lines connecting the charges to point M is 60°.
Step 2: Calculate the magnitude of the electric field E1 due to charge q1 at point M.
Using E = k × |q| / r² with k = 9.0 × 10⁹ N×m²/C²:
E1 = (9.0 × 10⁹ × 3.6 × 10⁻⁶) / 0.05² = 1.296 × 10⁷ V/m.
Step 3: Calculate the magnitude of the electric field E2 due to charge q2 at point M.
E2 = (9.0 × 10⁹ × 3.0 × 10⁻⁶) / 0.05² = 1.08 × 10⁷ V/m.
Step 4: Determine the angle between the vectors E1 and E2.
Since q₁ is positive, E1 points away from q₁. Since q₂ is negative, E2 points toward q₂. In this specific geometry, if the charges are placed such that the vectors diverge from M at 60°, but one points toward the charge and one points away, the angle between the two vectors at point M is actually 120°.
Step 5: Calculate the net electric field strength at M.
Using the law of cosines for vector addition with an angle of 120°:
Enet = √(E1² + E2² + 2 × E1 × E2 × cos(120°))
Enet = √((1.296 × 10⁷)² + (1.08 × 10⁷)² + 2 × 1.296 × 10⁷ × 1.08 × 10⁷ × (-0.5))
Enet = √(1.679616 × 10¹⁴ + 1.1664 × 10¹⁴ - 1.39968 × 10¹⁴)
Enet = √1.446336 × 10¹⁴ ≈ 1.2 × 10⁷ V/m.",1.2*10^7,V/m
LD351,"Two electric charges q1 = 3.6 × 10^-6 C and q2 = 1.2 × 10^-6 C are placed at points A and B, separated by 7.5 cm. Point M lies on the line connecting A and B, at a distance of 3.3 cm from A. Calculate the net electric field strength at M. Give your answer rounded two decimal places.","Step 1: Identify the given values and convert distances to meters.
Charge q₁ = 3.6 × 10⁻⁶ C, q₂ = 1.2 × 10⁻⁶ C, and separation d = 0.075 m. Point M is 0.033 m from A. Use k = 9.0 × 10⁹ N×m²/C².
Step 2: Calculate the distance from each charge to point M.
Since M lies on the segment AB between the charges:
r₁ = 0.033 m.
r₂ = 0.075 - 0.033 = 0.042 m.
Step 3: Calculate the magnitude of the electric field E1 due to q1 at M.
E1 = (9.0 × 10⁹ × 3.6 × 10⁻⁶) / 0.033² = 32400 / 0.001089 ≈ 29752066.12 V/m.
Step 4: Calculate the magnitude of the electric field E2 due to q2 at M.
E2 = (9.0 × 10⁹ × 1.2 × 10⁻⁶) / 0.042² = 10800 / 0.001764 ≈ 6122448.98 V/m.
Step 5: Calculate the net electric field strength at M.
Since both charges are positive, E1 points away from q₁ (to the right) and E2 points away from q₂ (to the left). We subtract the magnitudes:
Enet = E1 - E2 = 29752066.12 - 6122448.98 ≈ 2.36 × 10⁷ V/m",2.36*10^7,V/m
LD352,"Two electric charges, q1 = 5.3 × 10^-6 C and q2 = 3.0 × 10^-6 C, are placed such that each is 5.0 cm from point M. The angle formed by the two charges at point M is 60°. Calculate the resultant electric field strength at M. Give your answer rounded two decimal places. Give your answer rounded two decimal places.","Step 1: State the value of Coulomb's constant, k.
k = 9.0 × 10⁹ N×m²/C².
Step 2: Convert the distances from centimeters to meters.
r₁ = 5.0 cm = 0.05 m.
r₂ = 5.0 cm = 0.05 m.
Step 3: Calculate the magnitude of the electric field E1 at point M due to charge q1.
E1 = (9.0 × 10⁹ × 5.3 × 10⁻⁶) / 0.05² = 47700 / 0.0025 = 19080000 V/m.
Step 4: Calculate the magnitude of the electric field E2 at point M due to charge q2.
E2 = (9.0 × 10⁹ × 3.0 × 10⁻⁶) / 0.05² = 27000 / 0.0025 = 10800000 V/m.
Step 5: Calculate the net electric field strength at M.
Since both charges are positive, both E1 and E2 point away from their respective charges. The angle between the two field vectors at M is 60°.
Enet = √(E1² + E2² + 2 × E1 × E2 × cos(60°))
Enet = √(19080000² + 10800000² + 2 × 19080000 × 10800000 × 0.5)
Enet = √(3.640464 × 10¹⁴ + 1.1664 × 10¹⁴ + 2.06064 × 10¹⁴)
Enet = √6.867504 × 10¹⁴ ≈ 2.62 × 10⁷ V/m",2.62 × 10^7,V/m
LD353,"Two electric charges, q1 = 5.3 × 10^-6 C and q2 = 3.0 × 10^-6 C, are placed at two points. Both points are 3.3 cm away from a central point M. The lines connecting these points to M form an angle of 60°. Calculate the resultant electric field strength at M. Give your answer rounded two decimal places.","Step 2: Convert the distance from centimeters to meters.
r = 3.3 cm = 0.033 m.
Step 3: Calculate the magnitude of the electric field strength E1 at M due to charge q1.
E1 = (9.0 × 10⁹ × 5.3 × 10⁻⁶) / 0.033² = 47700 / 0.001089 ≈ 43801652.89 V/m.
Step 4: Calculate the magnitude of the electric field strength E2 at M due to charge q2.
E2 = (9.0 × 10⁹ × 3.0 × 10⁻⁶) / 0.033² = 27000 / 0.001089 ≈ 24793388.43 V/m.
Step 5: Calculate the net electric field strength at M.
Since both charges are positive, the vectors E1 and E2 point away from their respective charges. The angle between the two vectors at point M is 60°.
Enet = √(E1² + E2² + 2 × E1 × E2 × cos(60°))
Enet = √((4.380 × 10⁷)² + (2.479 × 10⁷)² + 2 × 4.380 × 10⁷ × 2.479 × 10⁷ × 0.5)
Enet = √(1.9186 × 10¹⁵ + 6.1454 × 10¹⁴ + 1.0858 × 10¹⁵)
Enet = √3.6189 × 10¹⁵ ≈ 6.02 × 10⁷ V/m.",6.02 × 10^7,V/m
LD354,"Two electric charges, q1 = 5.3 × 10^-6 C and q2 = 1.2 × 10^-6 C, are separated by 9.2 cm. Point M lies on the perpendicular bisector of the line connecting the charges, at a distance of 4.6 cm from its midpoint. Calculate the net electric field at point M. Give your answer rounded three decimal places.","Step 1: Identify the given values and convert units to SI.
Charge q₁ = 5.3 × 10⁻⁶ C, q₂ = 1.2 × 10⁻⁶ C, and separation d = 0.092 m. The midpoint O is 0.046 m from each charge. Point M is 0.046 m from the midpoint on the perpendicular bisector. Use k = 9.0 × 10⁹ N×m²/C².
Step 2: Determine the distance from each charge to point M.
The distance r from either charge to M is found using the Pythagorean theorem:
r = √(0.046² + 0.046²) = √0.004232 ≈ 0.065054 m.
Step 3: Calculate the magnitude of the electric field E1 produced by charge q1 at point M.
E1 = (9.0 × 10⁹ × 5.3 × 10⁻⁶) / 0.004232 = 47700 / 0.004232 ≈ 11271266.541 V/m.
Step 4: Calculate the magnitude of the electric field E2 produced by charge q2 at point M.
E2 = (9.0 × 10⁹ × 1.2 × 10⁻⁶) / 0.004232 = 10800 / 0.004232 ≈ 2551984.877 V/m.
Step 5: Calculate the net electric field strength at M.
Since r = d/2, the angle is 45°. Both charges are positive, so E1 and E2 point away from the charges.
Ex = E1 × cos(45°) - E2 × cos(45°) = (11271266.541 - 2551984.877) × 0.7071 = 6165509.302 V/m.
Ey = E1 × sin(45°) + E2 × sin(45°) = (11271266.541 + 2551984.877) × 0.7071 = 9774390.871 V/m.
Enet = √(Ex² + Ey²) = √(3.8013 × 10¹³ + 9.5539 × 10¹³) ≈ 1.155 × 10⁷ V/m.",1.155*10^7,V/m
LD355,"Two electric charges q1 = 4.2 × 10⁻⁶ C and q2 = -1.2 × 10⁻⁶ C are separated by 7.5 cm. Point M lies on the line connecting A and B, but outside the segment AB, and is 10.8 cm to the right of A. Calculate the resultant electric field strength at M. Give your answer rounded two decimal places.","Step 1: Identify the given values and geometric arrangement.
Charge q1 = 4.2 × 10⁻⁶ C, q2 = -1.2 × 10⁻⁶ C, and separation d = 7.5 cm. Point M is 10.8 cm to the right of A. Since 10.8 cm is greater than the 7.5 cm separation, point M lies to the right of B. Use k = 9.0 × 10⁹ N×m²/C².
Step 2: Convert units and determine distances from each charge to point M.
r1 = 0.108 m.
r2 = 0.108 - 0.075 = 0.033 m.
Step 3: Calculate the magnitude of the electric field E1 produced by q1 at M.
E1 = (9.0 × 10⁹ × 4.2 × 10⁻⁶) / 0.108² = 37800 / 0.011664 ≈ 3240740.74 V/m.
Step 4: Calculate the magnitude of the electric field E2 produced by q2 at M.
E2 = (9.0 × 10⁹ × 1.2 × 10⁻⁶) / 0.033² = 10800 / 0.001089 ≈ 9917355.37 V/m.
Step 5: Calculate the net electric field strength at M.
Since q1 is positive, E1 points away from A (to the right). Since q2 is negative, E2 points toward B (to the left). Subtracting the magnitudes:
Enet = E2 - E1 = 9917355.37 - 3240740.74 ≈ 6.68 × 10⁶ V/m.",6.68 × 10^6,V/m
LD356,Two charges q1 = 3.6 × 10^-6 C and q2 = 3.0 × 10^-6 C are placed 9.2 cm apart. A point M is 3.3 cm from q1 and 5.9 cm from q2. Calculate the net electric field strength at M. Give your answer rounded two decimal places.,"Step 1: Identify the given charges (q1 = 3.6 × 10⁻⁶ C, q2 = 3.0 × 10⁻⁶ C), distances (r1 = 3.3 cm, r2 = 5.9 cm), and Coulomb's constant (k = 9.0 × 10⁹ N×m²/C²).
Step 2: Convert all given distances from centimeters to meters: r1 = 0.033 m, r2 = 0.059 m, and the separation d = 0.092 m.
Step 3: Determine the geometric arrangement of point M relative to charges q1 and q2. Since r1 + r2 = 0.033 + 0.059 = 0.092 m, which is exactly the separation distance, point M lies on the line segment directly between the two charges.
Step 4: Calculate the magnitude of the electric field E1 at point M due to charge q1 using E = k × |q| / r².
E1 = (9.0 × 10⁹ × 3.6 × 10⁻⁶) / 0.033² = 32400 / 0.001089 ≈ 29752066.12 V/m.
Step 5: Calculate the magnitude of the electric field E2 at point M due to charge q2.
E2 = (9.0 × 10⁹ × 3.0 × 10⁻⁶) / 0.059² = 27000 / 0.003481 ≈ 7756391.84 V/m.
Step 6: Calculate the net electric field strength at M.
Since both charges are positive, the field E1 points away from q1 (to the right) and E2 points away from q2 (to the left). These vectors are in opposite directions, so we subtract their magnitudes:
Enet = E1 - E2 = 29752066.12 - 7756391.84 ≈ 2.2 × 10⁷ V/m.",2.2*10^7,V/m
LD357,"Two electric charges q1 = 3.6 × 10^-6 C and q2 = -3.0 × 10^-6 C are placed at points A and B, respectively, separated by 9.2 cm. Point M lies on the line connecting A and B, and is 4.4 cm from A. Calculate the resultant electric field strength at M. Give your answer rounded two decimal places.","Step 1: Identify the given charges (q1 = 3.6 × 10⁻⁶ C, q2 = -3.0 × 10⁻⁶ C), distances (r_AM = 4.4 cm, r_AB = 9.2 cm), and Coulomb's constant (k = 9.0 × 10⁹ N×m²/C²).
Step 2: Convert all given distances from centimeters to meters: r_AM = 0.044 m and the total separation r_AB = 0.092 m.
Step 3: Determine the geometric arrangement of point M relative to charges q1 and q2. Since M is 0.044 m from A on the line connecting A and B, the distance from B is r_BM = 0.092 - 0.044 = 0.048 m. Point M lies directly between the two charges.
Step 4: Calculate the magnitude of the electric field E1 at point M due to charge q1 using E = k × |q| / r².
E1 = (9.0 × 10⁹ × 3.6 × 10⁻⁶) / 0.044² = 32400 / 0.001936 ≈ 16735537.19 V/m.
Step 5: Calculate the magnitude of the electric field E2 at point M due to charge q2.
E2 = (9.0 × 10⁹ × 3.0 × 10⁻⁶) / 0.048² = 27000 / 0.002304 ≈ 11718750.00 V/m.
Step 6: Calculate the net electric field strength at M.
Charge q1 is positive, so E1 points away from A (toward B). Charge q2 is negative, so E2 points toward B. Since both vectors point in the same direction (toward B), we add their magnitudes:
Enet = E1 + E2 = 16735537.19 + 11718750.00 ≈ 2.85 × 10⁷ V/m",2.85*10^7,V/m
LD358,"Two electric charges, q1 = -3.6 × 10^-6 C and q2 = 1.2 × 10^-6 C, are separated by 8.0 cm. Point M lies on the line connecting A and B, but outside the segment AB, and is 12.4 cm to the right of A. Calculate the net electric field strength at M. Give your answer rounded two decimal places.","Step 1: Identify given charges and distances, converting to SI units.
q1 = -3.6 × 10⁻⁶ C, q2 = 1.2 × 10⁻⁶ C, and separation d = 8.0 cm = 0.08 m. Use k = 9.0 × 10⁹ N×m²/C².
Step 2: Determine the relative arrangement of points A, B, and M.
Point M is 12.4 cm to the right of A. Since the distance AB = 8.0 cm, and 12.4 > 8.0, point M lies to the right of B. The order of points along the line is A (q1), then B (q2), then M.
Step 3: Calculate the distance from each charge to point M.
r1 = 12.4 cm = 0.124 m.
r2 = 12.4 cm - 8.0 cm = 4.4 cm = 0.044 m.
Step 4: Calculate the magnitude of the electric field E1 at point M due to charge q1.
E1 = (9.0 × 10⁹ × 3.6 × 10⁻⁶) / 0.124² = 32400 / 0.015376 ≈ 2107180.02 V/m.
Step 5: Calculate the magnitude of the electric field E2 at point M due to charge q2.
E2 = (9.0 × 10⁹ × 1.2 × 10⁻⁶) / 0.044² = 10800 / 0.001936 ≈ 5578512.40 V/m.
Step 6: Calculate the net electric field strength at M.
Since q1 is negative, E1 points toward A (to the left). Since q2 is positive, E2 points away from B (to the right). Subtracting the magnitudes:
Enet = E2 - E1 = 5578512.40 - 2107180.02 ≈ 3.47 × 10⁶ V/m.",3.47 × 10^6,V/m
LD359,"Two charges, q1 = -2.4 × 10^-6 C and q2 = -3.0 × 10^-6 C, are separated by 6.0 cm. M is the midpoint of the line segment connecting q1 and q2. Calculate the resultant electric field strength at point M. Give your answer rounded to the nearest interger.","Step 1: Identify given charges, distances, and Coulomb's constant.
q1 = -2.4 × 10⁻⁶ C
q2 = -3.0 × 10⁻⁶ C
k = 9.0 × 10⁹ N×m²/C²
r = 0.03 m
Step 2: Calculate the magnitude of the electric field E1 at M due to q1.
E1 = (9.0 × 10⁹ × 2.4 × 10⁻⁶) / 0.03² = 24000000 V/m
Step 3: Calculate the magnitude of the electric field E2 at M due to q2.
E2 = (9.0 × 10⁹ × 3.0 × 10⁻⁶) / 0.03² = 30000000 V/m
Step 4: Determine the net electric field at the midpoint.
Since both charges are negative, E1 points toward q1 and E2 points toward q2. At the midpoint, these fields oppose each other.
Enet = E2 - E1 = 30000000 - 24000000 = 6000000 V/m = 6 × 10⁶ V/m.",6*10^6,V/m
LD360,"Two electric charges, q1 = -5.3 × 10^-6 C and q2 = -1.2 × 10^-6 C, are placed 7.5 cm apart. A point M is 4.4 cm from q1 and 3.1 cm from q2. Calculate the resultant electric field strength at M. Give your answer rounded two decimal places.","Step 1: Identify the given charges and distances, and convert distances to meters.
q1 = -5.3 × 10⁻⁶ C, q2 = -1.2 × 10⁻⁶ C, and separation d = 0.075 m.
r1 = 4.4 cm = 0.044 m.
r2 = 3.1 cm = 0.031 m.
k = 9.0 × 10⁹ N×m²/C².
Step 2: Determine the geometric arrangement of the charges and point M.
Since r1 + r2 = 0.044 + 0.031 = 0.075 m, which equals the separation d, point M lies on the line segment directly between q1 and q2.
Step 3: Calculate the magnitude of the electric field E1 produced by q1 at point M.
E1 = (9.0 × 10⁹ × 5.3 × 10⁻⁶) / 0.044² = 47700 / 0.001936 = 24638429.75 V/m.
Step 4: Determine the direction of E1.
Since q1 is negative, the electric field E1 at M points toward q1 (to the left).
Step 5: Calculate the magnitude of the electric field E2 produced by q2 at point M.
E2 = (9.0 × 10⁹ × 1.2 × 10⁻⁶) / 0.031² = 10800 / 0.000961 = 11238293.44 V/m.
Since q2 is negative, the electric field E2 at M points toward q2 (to the right).
Step 6: Calculate the net electric field strength at M.
The fields point in opposite directions, so we subtract their magnitudes:
E1 - E2 = 24638429.75 - 11238293.44 ≈ 1.34 × 10⁷ V/m.",1.34 × 10⁷,V/m
LD361,"Two charges, q1 = 4.98 × 10^-6 C and q2 = 4.74 × 10^-6 C, are located such that each is 4.56 cm away from point M. The electric fields they produce at M are at a 90° angle to each other. Calculate the magnitude of the resultant electric field at M. Give your answer rounded two decimal places.","Step 1: Identify the given charges as q1 = 4.98 × 10⁻⁶ C and q2 = 4.74 × 10⁻⁶ C.
Step 2: Identify the distance from each charge to point M as r = 4.56 cm.
Step 3: Convert the distance r from centimeters to meters: r = 4.56 cm = 0.0456 m.
Step 4: Calculate the magnitude of the electric field E1 produced by q1 at M.
E1 = (9.0 × 10⁹ × 4.98 × 10⁻⁶) / 0.0456² = 44820 / 0.00207936 ≈ 21554709.14 V/m.
Step 5: Calculate the magnitude of the electric field E2 produced by q2 at M.
E2 = (9.0 × 10⁹ × 4.74 × 10⁻⁶) / 0.0456² = 42660 / 0.00207936 ≈ 20515928.05 V/m.
Step 6: Determine the resultant electric field magnitude at M.
Since the two field vectors are at a 90° angle, we use the Pythagorean theorem for the vector addition:
Enet = √(E1² + E2²)
Enet = √(21554709.14² + 20515928.05²)
Enet = √(4.64605486 × 10¹⁴ + 4.20903304 × 10¹⁴)
Enet = √(8.85508790 × 10¹⁴) ≈ 2.98 × 10⁷ V/m..",2.98*10^7,V/m
LD362,"Two electric charges, q1 = 1.68 × 10^-6 C and q2 = 4.59 × 10^-6 C, are each located 2.80 cm from point M. The electric fields they produce at M are perpendicular to each other (or form a 90° angle). Calculate the magnitude of the resultant electric field at M. Give your answer rounded two decimal places.","Step 1: Identify given charges q1 = 1.68 × 10⁻⁶ C and q2 = 4.59 × 10⁻⁶ C.
Step 2: Identify the distance from each charge to point M, r = 2.80 cm.
Step 3: Convert the distance to SI units: r = 0.028 m.
Step 4: Calculate the magnitude of the electric field E1 produced by q1 at M.
E1 = (9.0 × 10⁹ × 1.68 × 10⁻⁶) / 0.028² ≈ 19285714.29 V/m.
Step 5: Calculate the magnitude of the electric field E2 produced by q2 at M.
E2 = (9.0 × 10⁹ × 4.59 × 10⁻⁶) / 0.028² ≈ 52691326.53 V/m.
Step 6: Determine the resultant electric field magnitude at M using the Pythagorean theorem for perpendicular vectors:
Enet = √(E1² + E2²) = √(19285714.29² + 52691326.53²) ≈ 56.11 × 10⁶ V/m.",56.11 × 10^6,V/m
LD363,"Two electric charges, q1 = 4.25 × 10^-6 C and q2 = 4.43 × 10^-6 C, are both 5.51 cm away from point M. The electric fields they produce at M form an angle of 60° with each other. Calculate the magnitude of the resultant electric field at M. Give your answer rounded two decimal places.","Step 1: Identify the given values for charges q1 = 4.25 × 10⁻⁶ C, q2 = 4.43 × 10⁻⁶ C, the distance from both charges to point M as r = 5.51 cm, and the angle between the electric fields at M as θ = 60°.
Step 2: Convert the distance r from centimeters to meters: r = 0.0551 m.
Step 3: Identify Coulomb's constant k = 9.0 × 10⁹ N×m²/C².
Step 4: Calculate the magnitude of the electric field E1 produced by q1 at M.
E1 = (9.0 × 10⁹ × 4.25 × 10⁻⁶) / 0.0551² = 38250 / 0.00303601 ≈ 12598772.73 V/m.
Step 5: Calculate the magnitude of the electric field E2 produced by q2 at M.
E2 = (9.0 × 10⁹ × 4.43 × 10⁻⁶) / 0.0551² = 39870 / 0.00303601 ≈ 13132367.81 V/m.
Step 6: Determine the resultant electric field magnitude at M using the law of cosines for vector addition:
Enet = √(E1² + E2² + 2 × E1 × E2 × cos(60°))
Enet = √(12598772.73² + 13132367.81² + 2 × 12598772.73 × 13132367.81 × 0.5)
Enet = √(1.58729074 × 10¹⁴ + 1.72459064 × 10¹⁴ + 1.65451680 × 10¹⁴)
Enet = √(4.96639818 × 10¹⁴) ≈ 22.29 × 10⁶ V/m.",22.29 × 10^6,V/m
LD364,"Two charges, q1 = 1.34 × 10^-6 C and q2 = 1.02 × 10^-6 C, are each located 4.55 cm from point M. The electric fields produced by these charges at point M are perpendicular to each other (form a 90° angle). Calculate the magnitude of the net electric field at M. Give your answer rounded two decimal places.","Step 1: Identify the given values and convert the distance from centimeters to meters.
q1 = 1.34 × 10⁻⁶ C, q2 = 1.02 × 10⁻⁶ C, and r = 4.55 cm = 0.0455 m. Use k = 8.9875 × 10⁹ N×m²/C².

Step 2: Calculate the magnitude of the electric field E1 produced by charge q1 at point M.
E1 = (8.9875 × 10⁹ × 1.34 × 10⁻⁶) / 0.0455² ≈ 5817292.60 V/m.

Step 3: Calculate the magnitude of the electric field E2 produced by charge q2 at point M.
E2 = (8.9875 × 10⁹ × 1.02 × 10⁻⁶) / 0.0455² ≈ 4428088.40 V/m.

Step 4: Determine the magnitude of the net electric field at M using the Pythagorean theorem for the perpendicular field vectors:
Enet = √(E1² + E2²) = √(5817292.60² + 4428088.40²) ≈ 7.32 × 10⁶ V/m.",7.32 × 10^6,V/m
LD365,"Two electric charges, q1 = 2.49 × 10⁻⁶ C and q2 = 1.63 × 10⁻⁶ C, are each 2.16 cm from point M. The electric fields they produce at M are at a 90° angle to each other. Calculate the magnitude of the resultant electric field at M. Give your answer rounded two decimal places.","Step 1: Identify the given charges and distances.
q1 = 2.49 × 10⁻⁶ C, q2 = 1.63 × 10⁻⁶ C, and r = 2.16 cm.
Step 2: Convert the distance from centimeters to meters.
r = 2.16 cm = 0.0216 m.
Step 3: State the value for Coulomb's constant.
k = 8.99 × 10⁹ N×m²/C².
Step 4: Calculate the magnitude of the electric field E1 due to q1 at point M.
E1 = (8.99 × 10⁹ × 2.49 × 10⁻⁶) / 0.0216² = 22385.1 / 0.00046656 ≈ 47979080.93 V/m.
Step 5: Calculate the magnitude of the electric field E2 due to q2 at point M.
E2 = (8.99 × 10⁹ × 1.63 × 10⁻⁶) / 0.0216² = 14653.7 / 0.00046656 ≈ 31407964.68 V/m.
Step 6: Determine the magnitude of the net electric field at M using the Pythagorean theorem for the perpendicular field vectors.
Enet = √(E1² + E2²) = √(47979080.93² + 31407964.68²) ≈ 57.34 × 10⁶ V/m.",57.41 × 10^6,V/m
LD366,"Two charges, q1 = 3.90 × 10^-6 C and q2 = 2.21 × 10^-6 C, are both located 5.47 cm away from point M. The electric fields they produce at M are perpendicular to each other. Calculate the magnitude of the resultant electric field at M. GIve your answer rounded two decimal places.","Step 1: Identify the given charges q1 = 3.90 × 10⁻⁶ C and q2 = 2.21 × 10⁻⁶ C.
Step 2: Identify the distance from each charge to point M, r = 5.47 cm.
Step 3: Convert the distance to meters: r = 0.0547 m.
Step 4: Use Coulomb's constant k = 9.0 × 10⁹ N×m²/C² to calculate the magnitude of the electric field E1 produced by q1 at M.
E1 = (9.0 × 10⁹ × 3.90 × 10⁻⁶) / 0.0547² = 35100 / 0.00299209 ≈ 11730930.55 V/m.
Step 5: Calculate the magnitude of the electric field E2 produced by q2 at M.
E2 = (9.0 × 10⁹ × 2.21 × 10⁻⁶) / 0.0547² = 19890 / 0.00299209 ≈ 6647527.31 V/m.
Step 6: Since the fields are perpendicular, calculate the magnitude of the resultant electric field using the Pythagorean theorem and provide the answer in base 10⁶.
Enet = √(E1² + E2²) = √(11730930.55² + 6647527.31²) ≈ 13.48 × 10⁶ V/m.",13.48 × 10^6,V/m
LD367,"Two electric charges, q1 = 4.10 × 10^-6 C and q2 = 3.68 × 10^-6 C, are located 3.47 cm from point M. The electric fields they produce at M form an angle of 60° with each other. Calculate the magnitude of the total electric field at M. Give your answer rounded two decimal places.","Step 1: Identify the given values and the standard Coulomb's constant (k) for calculations.
q1 = 4.10 × 10⁻⁶ C, q2 = 3.68 × 10⁻⁶ C, and r = 3.47 cm. Use k = 9.0 × 10⁹ N×m²/C².
Step 2: Convert the distance from centimeters to meters.
r = 3.47 cm = 0.0347 m.
Step 3: Calculate the magnitude of the electric field E1 produced by charge q1 at point M.
E1 = (9.0 × 10⁹ × 4.10 × 10⁻⁶) / 0.0347² = 36900 / 0.00120409 ≈ 30645549.75 V/m.
Step 4: Calculate the magnitude of the electric field E2 produced by charge q2 at point M.
E2 = (9.0 × 10⁹ × 3.68 × 10⁻⁶) / 0.0347² = 33120 / 0.00120409 ≈ 27506249.53 V/m.
Step 5: Determine the magnitude of the total electric field at M using the law of cosines for vector addition (Enet = √(E1² + E2² + 2 × E1 × E2 × cos(θ))).
Enet = √(30645549.75² + 27506249.53² + 2 × 30645549.75 × 27506249.53 × cos(60°))
Enet = √(9.39149718 × 10¹⁴ + 7.56593763 × 10¹⁴ + 8.42944061 × 10¹⁴)
Enet = √(25.38687542 × 10¹⁴) ≈ 50.39 × 10⁶ V/m.",50.39 × 10^6,V/m
LD368,"Two electric charges, q1 = 4.59 × 10^-6 C and q2 = 2.85 × 10^-6 C, are each located 5.60 cm from point M. The electric fields they produce at M are perpendicular to each other (form a 90° angle). Calculate the magnitude of the total electric field at M. Give your answer rounded two decimal places.","Step 1: Identify the given values: charge q1 = 4.59 × 10⁻⁶ C, charge q2 = 2.85 × 10⁻⁶ C, distance r = 5.60 cm, and the angle between fields is 90°.
Step 2: Convert the distance r from centimeters to meters: r = 0.0560 m.
Step 3: State the value for Coulomb's constant: k = 9.0 × 10⁹ N×m²/C².
Step 4: Calculate the magnitude of the electric field E1 produced by charge q1 at point M.
E1 = (9.0 × 10⁹ × 4.59 × 10⁻⁶) / 0.0560² = 41310 / 0.003136 ≈ 13172831.63 V/m.
Step 5: Calculate the magnitude of the electric field E2 produced by charge q2 at point M.
E2 = (9.0 × 10⁹ × 2.85 × 10⁻⁶) / 0.0560² = 25650 / 0.003136 ≈ 8179209.18 V/m.
Step 6: Determine the magnitude of the total electric field at M using the Pythagorean theorem for perpendicular vectors.
Enet = √(E1² + E2²) = √(13172831.63² + 8179209.18²) ≈ 15.51 × 10⁶ V/m.",15.51 × 10^6,V/m
LD369,"Two point charges, q1 = 3.91 × 10^-6 C and q2 = 3.90 × 10^-6 C, are each located 4.52 cm from point M. The electric fields they produce at M form an angle of 60° with each other. Calculate the magnitude of the resultant electric field at M. Give your answer rounded two decimal places.","Step 1: Identify the given values for charges q1 = 3.91 × 10⁻⁶ C, q2 = 3.90 × 10⁻⁶ C, and distance r = 4.52 cm.
Step 2: Convert the distance to meters: r = 0.0452 m.
Step 3: State the value for Coulomb's constant: k = 9.0 × 10⁹ N×m²/C².
Step 4: Calculate the magnitude of the electric field E1 produced by q1 at M.
E1 = (9.0 × 10⁹ × 3.91 × 10⁻⁶) / 0.0452² = 35190 / 0.00204304 ≈ 17224332.37 V/m.
Step 5: Calculate the magnitude of the electric field E2 produced by q2 at M.
E2 = (9.0 × 10⁹ × 3.90 × 10⁻⁶) / 0.0452² = 35100 / 0.00204304 ≈ 17180280.37 V/m.
Step 6: Determine the magnitude of the total electric field at M using the law of cosines for vector addition (Enet = √(E1² + E2² + 2 × E1 × E2 × cos(θ))).
Enet = √(17224332.37² + 17180280.37² + 2 × 17224332.37 × 17180280.37 × cos(60°))
Enet = √(2.96677604 × 10¹⁴ + 2.95162034 × 10¹⁴ + 2.95918859 × 10¹⁴)
Enet = √(8.87758497 × 10¹⁴) ≈ 29.80 × 10⁶ V/m.",29.80 × 10^6,V/m
LD370,"Two charges, q1 = 3.96 × 10⁻⁶ C and q2 = 4.13 × 10⁻⁶ C, are each located 5.58 cm from point M. The electric fields they produce at M are perpendicular to each other. Calculate the magnitude of the resultant electric field at M. Give your answer rounded two decimal places.","Step 1: Identify the given values and convert the distance from centimeters to meters.
q1 = 3.96 × 10⁻⁶ C, q2 = 4.13 × 10⁻⁶ C, and r = 5.58 cm = 0.0558 m. Use k = 9.0 × 10⁹ N×m²/C².
Step 2: Calculate the magnitude of the electric field E1 produced by charge q1 at point M.
E1 = (9.0 × 10⁹ × 3.96 × 10⁻⁶) / 0.0558² = 35640 / 0.00311364 ≈ 11446410.05 V/m.
Step 3: Calculate the magnitude of the electric field E2 produced by charge q2 at point M.
E2 = (9.0 × 10⁹ × 4.13 × 10⁻⁶) / 0.0558² = 37170 / 0.00311364 ≈ 11937796.28 V/m.
Step 4: Since the electric fields E1 and E2 are perpendicular, calculate the magnitude of the resultant electric field Enet using the Pythagorean theorem and provide the answer in base 10⁶.
Enet = √(E1² + E2²) = √(11446410.05² + 11937796.28²) ≈ 16.54 × 10⁶ V/m",16.54 × 10^6,V/m
LD371,"Two electric charges, q1 = 2.82 × 10^-6 C and q2 = 1.27 × 10^-6 C, are each located 4.99 cm from point M. The electric fields they produce at M form a 90° angle with each other. Calculate the magnitude of the resultant electric field at M. Give your answer rounded two decimal places.","Step 1: Identify the given values: charge q1 = 2.82 × 10⁻⁶ C, charge q2 = 1.27 × 10⁻⁶ C, and distance r = 4.99 cm. The angle between the fields is 90°.
Step 2: Convert the distance r from centimeters to meters.
r = 0.0499 m.
Step 3: State the formula for the magnitude of the electric field E due to a point charge: E = k × |q| / r², using Coulomb's constant k = 8.9875 × 10⁹ N×m²/C².
Step 4: Calculate the magnitude of the electric field E1 produced by q1 at M.
E1 = (8.9875 × 10⁹ × 2.82 × 10⁻⁶) / 0.0499² ≈ 10182498.41 V/m.
Step 5: Calculate the magnitude of the electric field E2 produced by q2 at M.
E2 = (8.9875 × 10⁹ × 1.27 × 10⁻⁶) / 0.0499² ≈ 4583151.05 V/m.
Step 6: Determine the magnitude of the total electric field at M using the Pythagorean theorem for perpendicular vectors and provide the answer in base 10⁶.
Enet = √(E1² + E2²) = √(10182498.41² + 4583151.05²) ≈ 11.18 × 10⁶ V/m.",11.18 × 10^6,V/m
LD372,Two electric charges q1 = 3.79 × 10^-6 C and q2 = 4.96 × 10^-6 C are each located 2.32 cm from point M. The electric fields they produce at M form a 60° angle with each other. Calculate the magnitude of the resultant electric field at M. Give your answer rounded two decimal places.,"Step 1: Identify the given electric charges q1 = 3.79 × 10⁻⁶ C and q2 = 4.96 × 10⁻⁶ C, the distance r = 2.32 cm, and the angle θ = 60° between the fields at point M.
Step 2: Convert the distance from centimeters to meters: r = 2.32 cm = 0.0232 m.
Step 3: Use Coulomb's constant k = 9.0 × 10⁹ N×m²/C².
Step 4: Calculate the magnitude of the electric field E1 produced by charge q1 at point M.
E1 = (9.0 × 10⁹ × 3.79 × 10⁻⁶) / 0.0232² ≈ 63.37 × 10⁶ V/M.
Step 5: Calculate the magnitude of the electric field E2 produced by charge q2 at point M.
E2 = (9.0 × 10⁹ × 4.96 × 10⁻⁶) / 0.0232² ≈ 82.94 × 10⁶ V/M.
Step 6: Determine the magnitude of the resultant electric field using the law of cosines for vector addition: √(E1² + E2² + 2E1E2 cos(θ)).
Enet = √((63.37 × 10⁶)² + (82.94 × 10⁶)² + 2(63.37 × 10⁶)(82.94 × 10⁶) cos(60°))
Enet = √(4015.76 × 10¹² + 6879.04 × 10¹² + 5255.91 × 10¹²)
Enet = √(16150.71 × 10¹²) ≈ 127.09 × 10⁶ V/M.",127.09 × 10^6,V/m
LD373,"Two electric charges, q1 = 2.66 × 10^-6 C and q2 = 1.01 × 10^-6 C, are each located 3.62 cm from point M. The electric fields they produce at M are perpendicular to each other (form a 90° angle). Calculate the magnitude of the resultant electric field at M. Give your answer rounded two decimal places.","Step 1: Identify the given charges and distances: q1 = 2.66 × 10⁻⁶ C, q2 = 1.01 × 10⁻⁶ C, and the distance from each charge to point M is r = 3.62 cm.
Step 2: Convert the distance from centimeters to meters: r = 3.62 cm = 0.0362 m.
Step 3: Use the requested Coulomb's constant, k = 9.0 × 10⁹ N×m²/C².
Step 4: Calculate the magnitude of the electric field E1 produced by q1 at point M.
E1 = (9.0 × 10⁹ × 2.66 × 10⁻⁶) / 0.0362² ≈ 18.27 × 10⁶ V/M.
Step 5: Calculate the magnitude of the electric field E2 produced by q2 at point M.
E2 = (9.0 × 10⁹ × 1.01 × 10⁻⁶) / 0.0362² ≈ 6.94 × 10⁶ V/M.
Step 6: Since the electric fields are perpendicular (form a 90° angle), calculate the magnitude of the resultant electric field E1 + E2 using the Pythagorean theorem.
√(E1² + E2²) = √((18.27 × 10⁶)² + (6.94 × 10⁶)²)
√(333.79 × 10¹² + 48.16 × 10¹²)
√(381.95 × 10¹²) ≈ 19.54 × 10⁶ V/M.",19.54 × 10^6,V/m
LD374,"Two electric charges, q1 = 4.10 × 10^-6 C and q2 = 1.19 × 10^-6 C, are each located 4.14 cm away from point M. The electric fields produced by these charges at point M make an angle of 60° with each other. Calculate the magnitude of the resultant electric field at M. Give your answer rounded to two decimal places.","Step 1: Convert the distance from centimeters to meters.
r = 4.14 cm = 0.0414 m.
Step 2: Calculate the magnitude of the electric field E1 at point M due to charge q1 using k = 9.0 × 10⁹ N×m²/C².
E1 = (9.0 × 10⁹ × 4.10 × 10⁻⁶) / 0.0414² ≈ 21.53 × 10⁶ N/C.
Step 3: Calculate the magnitude of the electric field E2 at point M due to charge q2.
E2 = (9.0 × 10⁹ × 1.19 × 10⁻⁶) / 0.0414² ≈ 6.24 × 10⁶ V/M.
Step 4: Calculate the magnitude of the resultant electric field E at M using the law of cosines for vector addition: √(E1² + E2² + 2E1E2 cos(60°)).
Enet = √((21.53 × 10⁶)² + (6.24 × 10⁶)² + 2(21.53 × 10⁶)(6.24 × 10⁶) cos(60°))
Enet = √(463.54 × 10¹² + 38.94 × 10¹² + 134.35 × 10¹²)
Enet = √(636.83 × 10¹²) ≈ 25.24 × 10⁶ V/M.",25.24 × 10^6,V/m
LD375,"Two charges, q1 = 3.13 × 10^-6 C and q2 = 4.76 × 10^-6 C, are each located 2.74 cm from point M. The electric fields they produce at point M form an angle of 60° with each other. Calculate the magnitude of the resultant electric field at M. Give your answer rounded to two decimal places.","Step 1: Convert the given distance from centimeters to meters: r = 2.74 cm = 0.0274 m.
Step 2: Calculate the magnitude of the electric field E1 produced by charge q1 at point M, using Coulomb's constant k = 9.0 × 10⁹ N×m²/C².
E1 = (9.0 × 10⁹ × 3.13 × 10⁻⁶) / 0.0274² ≈ 37.52 × 10⁶ V/M.
Step 3: Calculate the magnitude of the electric field E2 produced by charge q2 at point M.
E2 = (9.0 × 10⁹ × 4.76 × 10⁻⁶) / 0.0274² ≈ 57.06 × 10⁶ V/M.
Step 4: Use the law of cosines for vector addition to find the magnitude of the resultant electric field Enet, given the angle of 60° between E1 and E2.
Enet = √((37.52 × 10⁶)² + (57.06 × 10⁶)² + 2(37.52 × 10⁶)(57.06 × 10⁶) cos(60°))
Enet = √(1407.75 × 10¹² + 3255.84 × 10¹² + 2140.89 × 10¹²)
Enet = √(6804.48 × 10¹²) ≈ 82.49 × 10⁶ V/M.",82.49 × 10^6,V/m
LD376,"Two electric charges, q1 = 2.16 × 10^-6 C and q2 = 2.03 × 10^-6 C, are placed at the ends of a 9.29 cm long line segment. Calculate the electric field strength at the midpoint of that segment. Give your answer rounded to two decimal places.","Step 1: Identify the given charges as q1 = 2.16 × 10⁻⁶ C and q2 = 2.03 × 10⁻⁶ C.
Step 2: Identify the total distance between the charges as d = 9.29 cm.
Step 3: Convert the total distance to meters: d = 0.0929 m.
Step 4: Determine the distance from each charge to the midpoint, which is r = d/2 = 0.0929 m / 2 = 0.04645 m.
Step 5: Calculate the magnitudes of the electric fields E1 and E2 produced by each charge at the midpoint using k = 9.0 × 10⁹ N×m²/C².
E1 = (9.0 × 10⁹ × 2.16 × 10⁻⁶) / 0.04645² ≈ 9.01 × 10⁶ V/M.
E2 = (9.0 × 10⁹ × 2.03 × 10⁻⁶) / 0.04645² ≈ 8.47 × 10⁶ V/M.
Step 6: Since the charges are both positive and point M is between them, the electric field vectors at the midpoint point in opposite directions. The net electric field is the difference between the two magnitudes: Enet = E1 - E2.
Enet = (9.01 × 10⁶) - (8.47 × 10⁶) ≈ 0.54 × 10⁶ V/M.",0.54 × 10^6,V/m
LD377,"Three charges, q1 = q2 = 3.32 × 10^-6 C and q3 = 3.64 × 10^-6 C, are placed at the three vertices of an equilateral triangle with a side length of 7.83 cm. Calculate the resultant electric field at the position of q3. give your answer rounded to two decimal places.","Step 1: Identify the given charge magnitudes and the side length of the equilateral triangle: q1 = q2 = 3.32 × 10⁻⁶ C, q3 = 3.64 × 10⁻⁶ C, and the side length r = 7.83 cm.
Step 2: Convert the side length from centimeters to meters: r = 7.83 cm = 0.0783 m.
Step 3: Use the requested Coulomb's constant, k = 9.0 × 10⁹ N×m²/C².
Step 4: Calculate the magnitude of the electric field E1 created by q1 at the position of q3.
E1 = (9.0 × 10⁹ × 3.32 × 10⁻⁶) / 0.0783² ≈ 4.87 × 10⁶ V/M.
Step 5: Calculate the magnitude of the electric field E2 created by q2 at the position of q3. Since q1 = q2 and the distances are the same, the magnitude remains identical.
E2 = (9.0 × 10⁹ × 3.32 × 10⁻⁶) / 0.0783² ≈ 4.87 × 10⁶ V/M.
Step 6: Determine the magnitude of the resultant electric field E1 + E2. In an equilateral triangle, the angle between the two field vectors at any vertex is 60°. Use the law of cosines for vector addition: √(E1² + E2² + 2E1E2 cos(60°)).
Enet = √((4.87 × 10⁶)² + (4.87 × 10⁶)² + 2(4.87 × 10⁶)(4.87 × 10⁶) cos(60°))
Enet = √(23.72 × 10¹² + 23.72 × 10¹² + 23.72 × 10¹²)
Enet = √(71.16 × 10¹²) ≈ 8.44 × 10⁶ V/M.",8.44 × 10^6,V/m
LD378,"Two electric charges, q1 = 3.06 × 10^-6 C and q2 = 4.37 × 10^-6 C, are placed at the two ends of a straight line segment 7.28 cm long. Calculate the electric field strength at the midpoint of that segment (on the line connecting them). Give your answer rounded to two decimal places.","Step 1: Identify the given charges q1 = 3.06 × 10⁻⁶ C and q2 = 4.37 × 10⁻⁶ C, and the total distance between them, d = 7.28 cm.
Step 2: Convert the total distance to meters (d = 0.0728 m) and calculate the distance from each charge to the midpoint: r = d / 2 = 0.0364 m.
Step 3: Use the Coulomb's constant, k = 9.0 × 10⁹ N×m²/C².
Step 4: Calculate the magnitude of the electric field E1 produced by charge q1 at the midpoint.
E1 = (9.0 × 10⁹ × 3.06 × 10⁻⁶) / 0.0364² ≈ 20.79 × 10⁶ V/m.
Step 5: Calculate the magnitude of the electric field E2 produced by charge q2 at the midpoint.
E2 = (9.0 × 10⁹ × 4.37 × 10⁻⁶) / 0.0364² ≈ 29.68 × 10⁶ V/m.
Step 6: Since both charges are positive and point M is located between them, the electric field vectors at the midpoint point in opposite directions. Calculate the magnitude of the net electric field by subtracting the smaller magnitude from the larger one.
Enet = (29.68 × 10⁶) - (20.79 × 10⁶) ≈ 8.90 × 10⁶ V/m.",8.90 × 10^6,V/m
LD379,"Two point charges q1 = 2.60 × 10^-6 C and q2 = 3.39 × 10^-6 C are placed 5.86 cm apart. Calculate the magnitude of the electric field at a point on the perpendicular bisector, 2.93 cm from each charge. Give your answer rounded to two decimal places.","Step 1: Identify the given values for charges q1 = 2.60 × 10⁻⁶ C and q2 = 3.39 × 10⁻⁶ C, the distance between them d = 5.86 cm, and the distance from each charge to point P is r = 2.93 cm.
Step 2: Convert all distances from centimeters to meters: d = 0.0586 m and r = 0.0293 m.
Step 3: Determine the location of the point P. Since half the distance between the charges (0.0586 m / 2 = 0.0293 m) is equal to the distance from each charge to point P, this implies point P is exactly at the midpoint of the line segment connecting the two charges.
Step 4: Use the Coulomb's constant k = 9.0 × 10⁹ N×m²/C² to calculate the magnitude of the electric field E1 due to charge q1 at point P.
E1 = (9.0 × 10⁹ × 2.60 × 10⁻⁶) / 0.0293² ≈ 27.26 × 10⁶ V/m.
Step 5: Calculate the magnitude of the electric field E2 due to charge q2 at point P.
E2 = (9.0 × 10⁹ × 3.39 × 10⁻⁶) / 0.0293² ≈ 35.54 × 10⁶ V/m.
Step 6: Since both charges are positive and point P is the midpoint, the electric field vectors E1 and E2 point in opposite directions along the line connecting the charges. Calculate the net electric field by finding the difference between the two magnitudes.
Enet = (35.54 × 10⁶) - (27.26 × 10⁶) ≈ 8.28 × 10⁶ V/m.",8.28*10^6,V/m
LD380,Three electric charges q1 = q2 = 4.59 × 10⁻⁶ C and q3 = 2.55 × 10⁻⁶ C are placed at the three vertices of an equilateral triangle with side length 5.1 cm. Calculate the net electric field strength at the position of q3. Give your answer rounded to two decimal places.,"Step 1: Identify the magnitudes of the source charges q1 = q2 = 4.59 × 10⁻⁶ C, and the distance r from these charges to the position of q3.
Step 2: Convert the side length from centimeters to meters: r = 5.1 cm = 0.051 m. Use the Coulomb's constant k = 9.0 × 10⁹ N×m²/C².
Step 3: Calculate the magnitude of the electric field E1 at the position of q3 due to charge q1.
E1 = (9.0 × 10⁹ × 4.59 × 10⁻⁶) / 0.051² ≈ 15.88 × 10⁶ V/m.
Step 4: Calculate the magnitude of the electric field E2 at the position of q3 due to charge q2. Since q1 = q2 and the distance is the same, the magnitude is identical.
E2 = (9.0 × 10⁹ × 4.59 × 10⁻⁶) / 0.051² ≈ 15.88 × 10⁶ V/m.
Step 5: Determine the magnitude of the resultant electric field Enet. In an equilateral triangle, the angle between the electric field vectors produced by q1 and q2 at the vertex of q3 is 60°. Use the law of cosines for vector addition: √(E1² + E2² + 2E1E2 cos(60°)).
Enet = √((15.88 × 10⁶)² + (15.88 × 10⁶)² + 2(15.88 × 10⁶)(15.88 × 10⁶) cos(60°))
Enet = √(252.17 × 10¹² + 252.17 × 10¹² + 252.17 × 10¹²)
Enet = √(756.51 × 10¹²) ≈ 27.51 × 10⁶ V/m.",27.51 × 10^6,V/m
LD381,"Two electric charges, q1 = 1.48 × 10^-6 C and q2 = 2.27 × 10^-6 C, are placed at the two ends of a straight line segment 6.44 cm long. Calculate the electric field strength at the midpoint of that segment (on the connecting line). Give your answer rounded to two decimal places.","Step 1: Identify the given charges q1 = 1.48 × 10⁻⁶ C, q2 = 2.27 × 10⁻⁶ C, and the total length of the segment L = 6.44 cm.
Step 2: Convert the total length to meters and calculate the distance r from each charge to the midpoint: r = L/2 = 3.22 cm = 0.0322 m.
Step 3: Use the requested Coulomb's constant k = 9.0 × 10⁹ N×m²/C².
Step 4: Calculate the magnitude of the electric field E1 due to q1 at the midpoint.
E1 = (9.0 × 10⁹ × 1.48 × 10⁻⁶) / 0.0322² ≈ 12.85 × 10⁶ V/m.
Step 5: Calculate the magnitude of the electric field E2 due to q2 at the midpoint.
E2 = (9.0 × 10⁹ × 2.27 × 10⁻⁶) / 0.0322² ≈ 19.71 × 10⁶ V/m.
Step 6: Since both charges are positive and the midpoint is between them, the electric field vectors E1 and E2 point in opposite directions. The net electric field strength is the difference between the two magnitudes.
Enet = (19.71 × 10⁶) - (12.85 × 10⁶) ≈ 6.86 × 10⁶ V/m.",6.86 × 10^6,V/m
LD382,"Two point charges, q1 = 2.24 × 10^-6 C and q2 = 1.24 × 10^-6 C, are placed at the two ends of a straight line segment 8.25 cm long. Calculate the electric field strength at the midpoint of the line segment. Give your answer rounded to two decimal places.","Step 1: Identify the given charges q1 = 2.24 × 10⁻⁶ C and q2 = 1.24 × 10⁻⁶ C.
Step 2: Identify the total length of the line segment: L = 8.25 cm.
Step 3: Convert the total length from centimeters to meters: L = 0.0825 m.
Step 4: Determine the distance from each charge to the midpoint: r = L / 2 = 0.04125 m.
Step 5: Use Coulomb's constant k = 9.0 × 10⁹ N×m²/C².
Step 6: Calculate the magnitude of the electric field E1 produced by charge q1 at the midpoint.
E1 = (9.0 × 10⁹ × 2.24 × 10⁻⁶) / 0.04125² ≈ 11.85 × 10⁶ V/m.
Step 7: Calculate the magnitude of the electric field E2 produced by charge q2 at the midpoint.
E2 = (9.0 × 10⁹ × 1.24 × 10⁻⁶) / 0.04125² ≈ 6.56 × 10⁶ V/m.
Step 8: Since both charges are positive and point M is located between them, the electric field vectors at the midpoint point in opposite directions. Calculate the magnitude of the net electric field by subtracting the smaller magnitude from the larger one.
E1 - E2 = (11.85 × 10⁶) - (6.56 × 10⁶) ≈ 5.29 × 10⁶ V/m.",5.29 × 10^6,V/m
LD383,"Two electric charges, q1 = 2.38 × 10^-6 C and q2 = 3.22 × 10^-6 C, are placed at the two ends of a straight line segment 7.65 cm long. Calculate the electric field strength at the midpoint of that segment (on the line connecting them). Give your answer rounded to three decimal places.","Step 1: Identify the given charges q1 = 2.38 × 10⁻⁶ C and q2 = 3.22 × 10⁻⁶ C.
Step 2: Identify the total length of the line segment: L = 7.65 cm.
Step 3: Convert the total length from centimeters to meters: L = 0.0765 m.
Step 4: Determine the distance from each charge to the midpoint: r = L / 2 = 0.03825 m.
Step 5: Use Coulomb's constant k = 8.99 × 10⁹ N×m²/C².
Step 6: Calculate the magnitude of the electric field E1 produced by charge q1 at the midpoint.
E1 = (8.99 × 10⁹ × 2.38 × 10⁻⁶) / 0.03825² ≈ 14.612 × 10⁶ V/m.
Step 7: Calculate the magnitude of the electric field E2 produced by charge q2 at the midpoint.
E2 = (8.99 × 10⁹ × 3.22 × 10⁻⁶) / 0.03825² ≈ 19.774 × 10⁶ V/m.
Step 8: Since both charges are positive and point M is located between them, the electric field vectors at the midpoint point in opposite directions. Calculate the magnitude of the net electric field by subtracting the smaller magnitude from the larger one.
E2 - E1 = (19.774 × 10⁶) - (14.612 × 10⁶) ≈ 5.162 × 10⁶ V/m.",5.162 × 10⁶,V/m
LD384,"Two charges, q1 = 1.50 × 10^-6 C and q2 = 2.19 × 10^-6 C, are placed 6.99 cm apart. Calculate the electric field strength at a point on the perpendicular bisector that is 3.5 cm away from each charge. Give your answer rounded to two decimal places.","Step 1: Identify the given charges q1 = 1.50 × 10⁻⁶ C and q2 = 2.19 × 10⁻⁶ C, and the separation distance d = 6.99 cm = 0.0699 m.
Step 2: Identify the distance from each charge to the point P on the perpendicular bisector: r = 3.5 cm = 0.035 m.
Step 3: Determine the horizontal distance from each charge to the midpoint of the segment: d/2 = 3.495 cm = 0.03495 m.
Step 4: Calculate the vertical distance (Y) from the midpoint to point P using the Pythagorean theorem: Y = √(0.035² - 0.03495²) ≈ 0.00187 m.
Step 5: Use Coulomb's constant k = 9.0 × 10⁹ N×m²/C².
Step 6: Calculate the magnitude of the electric field E1 produced by charge q1 at point P.
E1 = (9.0 × 10⁹ × 1.50 × 10⁻⁶) / 0.035² ≈ 11.02 × 10⁶ V/m.
Step 7: Calculate the magnitude of the electric field E2 produced by charge q2 at point P.
E2 = (9.0 × 10⁹ × 2.19 × 10⁻⁶) / 0.035² ≈ 16.09 × 10⁶ V/m.
Step 8: Determine the components of the electric fields using the geometry of the triangle:
sin(θ) = (d/2) / r = 0.03495 / 0.035 ≈ 0.9986.
cos(θ) = Y / r = 0.00187 / 0.035 ≈ 0.0534.
Step 9: Calculate the net x and y components of the electric field (Ex and Ey).
Ex = (E2 - E1) × sin(θ) ≈ (16.09 × 10⁶ - 11.02 × 10⁶) × 0.9986 ≈ 5.063 × 10⁶ V/m.
Ey = (E1 + E2) × cos(θ) ≈ (11.02 × 10⁶ + 16.09 × 10⁶) × 0.0534 ≈ 1.448 × 10⁶ V/m.
Step 10: Calculate the magnitude of the net electric field using the Pythagorean theorem:
√(5.063² + 1.448²) × 10⁶ ≈ 5.27 × 10⁶ V/m.",5.27*10^6,V/m
LD385,Three charges q1 = q2 = 2.15 × 10^-6 C and q3 = 4.76 × 10^-6 C are placed at the three vertices of an equilateral triangle with a side length of 9.78 cm. Calculate the net electric field strength at the position of q3. Give your answer rounded to two decimal places.,"Step 1: Identify the given values and constants. The charges producing the field at the position of q3 are q1 = 2.15 × 10⁻⁶ C and q2 = 2.15 × 10⁻⁶ C. The side length of the equilateral triangle is s = 9.78 cm. Coulomb's constant k = 8.99 × 10⁹ N×m²/C².
Step 2: Convert the side length to meters. r = s = 9.78 cm = 0.0978 m. This is the distance from q1 to q3, and from q2 to q3.
Step 3: Calculate the magnitude of the electric field E1 at the position of q3 due to q1.
E1 = (8.99 × 10⁹ × 2.15 × 10⁻⁶) / 0.0978² ≈ 2.021 × 10⁶ V/m.
Step 4: Calculate the magnitude of the electric field E2 at the position of q3 due to q2. Since q1 = q2 and the distances are equal:
E2 = E1 ≈ 2.021 × 10⁶ V/m.
Step 5: Determine the angle between the two electric field vectors. In an equilateral triangle, the internal angles are 60°. The electric field vectors E1 and E2 point directly away from q1 and q2 respectively, so the angle between them is also 60°.
Step 6: Calculate the net electric field strength using the formula for two equal vectors with an angle of 60°: E_net = 2 × E1 × cos(60°/2).
cos(30°) = √3 / 2 ≈ 0.866.
Step 7: Perform the final calculation for the magnitude of the net electric field.
E_net = 2 × (2.021 × 10⁶) × 0.866 ≈ 3.50 × 10⁶ V/m.",3.50 × 10^6,V/m
LD386,"Two electric charges, q1 = 3.05 × 10^-6 C and q2 = 2.20 × 10^-6 C, are placed at the two ends of a straight line segment 5.23 cm long. Calculate the electric field strength at the midpoint of that line segment (on the connecting line). Give your answer rounded to two decimal places.","Step 1: Identify the given charges q1 = 3.05 × 10⁻⁶ C and q2 = 2.20 × 10⁻⁶ C.
Step 2: Identify the total length of the line segment: L = 5.23 cm.
Step 3: Convert the total length from centimeters to meters: L = 0.0523 m.
Step 4: Determine the distance from each charge to the midpoint: r = L / 2 = 0.02615 m.
Step 5: Use Coulomb's constant k = 9.0 × 10⁹ N×m²/C².
Step 6: Calculate the magnitude of the electric field E1 produced by charge q1 at the midpoint.
E1 = (9.0 × 10⁹ × 3.05 × 10⁻⁶) / 0.02615² ≈ 40.213 × 10⁶ V/m.
Step 7: Calculate the magnitude of the electric field E2 produced by charge q2 at the midpoint.
E2 = (9.0 × 10⁹ × 2.20 × 10⁻⁶) / 0.02615² ≈ 29.027 × 10⁶ V/m.
Step 8: Since both charges are positive and point M is located between them, the electric field vectors point in opposite directions. Calculate the magnitude of the net electric field by subtracting the smaller magnitude from the larger one.
E1 - E2 = (40.213 × 10⁶) - (29.027 × 10⁶) ≈ 11.19 × 10⁶ V/m.",11.19 × 10^6,V/m
LD387,"Two electric charges, q1 = 2.96 × 10^-6 C and q2 = 3.84 × 10^-6 C, are placed at two points 5.9 cm apart. Calculate the electric field strength at a point on the perpendicular bisector, equidistant from both charges at 2.95 cm. Give your answer rounded to one decimal places.","Step 1: Identify the given charges q1 = 2.96 × 10⁻⁶ C and q2 = 3.84 × 10⁻⁶ C.
Step 2: Identify the total length of the line segment: L = 5.9 cm.
Step 3: Convert the total length from centimeters to meters: L = 0.059 m.
Step 4: Determine the distance from each charge to the point on the perpendicular bisector: r = 2.95 cm = 0.0295 m. Since the total distance is 5.9 cm, the distance to the midpoint is also 0.059 / 2 = 0.0295 m. This confirms the point is exactly at the midpoint.
Step 5: Use Coulomb's constant k = 9.0 × 10⁹ N×m²/C².
Step 6: Calculate the magnitude of the electric field E1 produced by charge q1 at the midpoint.
E1 = (9.0 × 10⁹ × 2.96 × 10⁻⁶) / 0.0295² ≈ 30.613 × 10⁶ V/m.
Step 7: Calculate the magnitude of the electric field E2 produced by charge q2 at the midpoint.
E2 = (9.0 × 10⁹ × 3.84 × 10⁻⁶) / 0.0295² ≈ 39.713 × 10⁶ V/m.
Step 8: Since both charges are positive and the point is located between them, the electric field vectors point in opposite directions. Calculate the magnitude of the net electric field by subtracting the smaller magnitude from the larger one.
E2 - E1 = (39.713 × 10⁶) - (30.613 × 10⁶) ≈ 9.1 × 10⁶ V/m.",9.1*10^6,V/m
LD388,"Two charges, q1 = 3.75 × 10^-6 C and q2 = 3.14 × 10^-6 C, are placed 6.62 cm apart. Calculate the electric field strength at a point on the perpendicular bisector, where the point is 3.31 cm from each of the two charges. Give your answer rounded to two decimal places.","Step 1: Identify the given charges q1 = 3.75 × 10⁻⁶ C and q2 = 3.14 × 10⁻⁶ C.
Step 2: Identify the total separation distance: d = 6.62 cm.
Step 3: Convert distances from centimeters to meters: d = 0.0662 m and r = 0.0331 m.
Step 4: Determine the location of the point. Since the point is on the perpendicular bisector and is 3.31 cm from each charge (which is exactly half of 6.62 cm), the point lies directly on the line segment at the midpoint.
Step 5: Use Coulomb's constant k = 9.0 × 10⁹ N×m²/C².
Step 6: Calculate the magnitude of the electric field E1 produced by charge q1 at the midpoint.
E1 = (9.0 × 10⁹ × 3.75 × 10⁻⁶) / 0.0331² ≈ 30.81 × 10⁶ V/m.
Step 7: Calculate the magnitude of the electric field E2 produced by charge q2 at the midpoint.
E2 = (9.0 × 10⁹ × 3.14 × 10⁻⁶) / 0.0331² ≈ 25.79 × 10⁶ V/m.
Step 8: Since both charges are positive and point M is located between them, the electric field vectors point in opposite directions. Calculate the magnitude of the net electric field by subtracting the magnitudes.
E1 - E2 = (30.81 × 10⁶) - (25.79 × 10⁶) ≈ 5.02 × 10⁶ V/m.",5.02*10^6,V/m
LD389,"Two charges, q1 = 3.29 × 10^-6 C and q2 = 3.13 × 10^-6 C, are placed at two points separated by 5.47 cm. Calculate the electric field strength at a point on the perpendicular bisector, which is 2.73 cm away from each of the two charges. Give your answer rounded to two decimal places.","Step 1: Identify the given charges q1 = 3.29 × 10⁻⁶ C and q2 = 3.13 × 10⁻⁶ C.
Step 2: Identify the total separation distance: d = 5.47 cm.
Step 3: Convert distances from centimeters to meters: d = 0.0547 m and r = 0.02735 m (noting that 5.47 / 2 = 2.735 cm).
Step 4: Determine the location of the point. Since the point is on the perpendicular bisector and is 2.73 cm from each charge (approximately half of 5.47 cm), the point lies directly on the line segment at the midpoint.
Step 5: Use Coulomb's constant k = 9.0 × 10⁹ N×m²/C².
Step 6: Calculate the magnitude of the electric field E1 produced by charge q1 at the midpoint.
E1 = (9.0 × 10⁹ × 3.29 × 10⁻⁶) / 0.02735² ≈ 39.63 × 10⁶ V/m.
Step 7: Calculate the magnitude of the electric field E2 produced by charge q2 at the midpoint.
E2 = (9.0 × 10⁹ × 3.13 × 10⁻⁶) / 0.02735² ≈ 37.70 × 10⁶ V/m.
Step 8: Since both charges are positive and the point is located between them, the electric field vectors point in opposite directions. Calculate the magnitude of the net electric field by subtracting the magnitudes.
E1 - E2 = (39.63 × 10⁶) - (37.70 × 10⁶) ≈ 1.94 × 10⁶ V/m",1.94*10^6,V/m
LD390,"Three electric charges, q1 = q2 = 1.53 × 10^-6 C and q3 = 3.53 × 10^-6 C, are placed at the three vertices of an equilateral triangle with a side length of 6.07 cm. Calculate the resultant electric field strength acting on q3. Give your answer rounded to two decimal places.","Step 1: Identify the given values and relevant constant. The side length of the equilateral triangle is s = 6.07 cm = 0.0607 m. The magnitudes of the charges are q1 = q2 = 1.53 × 10⁻⁶ C. Coulomb's constant is k = 9.0 × 10⁹ N×m²/C².
Step 2: Calculate the magnitude of the electric field E1 created by q1 at the position of q3.
E1 = (9.0 × 10⁹ × 1.53 × 10⁻⁶) / 0.0607² ≈ 3.740 × 10⁶ V/m.
Step 3: Calculate the magnitude of the electric field E2 created by q2 at the position of q3. Since q1 = q2 and the distance is the same:
E2 = E1 ≈ 3.740 × 10⁶ V/m.
Step 4: Determine the directions of the electric field vectors. Since all charges are positive, the fields point away from the source charges. For an equilateral triangle, the internal angle is 60°, and the angle between the two field vectors at q3 is also 60°.
Step 5: Calculate the magnitude of the resultant electric field E_net using the vector addition formula for two equal vectors at a 60° angle: E_net = E1 × √3.
E_net = 3.740 × 10⁶ × √3 ≈ 3.740 × 10⁶ × 1.732.
Step 6: Perform the final calculation for the magnitude of the net electric field.
E_net ≈ 6.48 × 10⁶ V/m.",6.48 × 10⁶,V/m
LD391,"Two charges q1 = 1.41 × 10^-6 C and q2 = 3.48 × 10^-6 C are placed at two points separated by 5.08 cm. Calculate the electric field strength at a point on the perpendicular bisector, equidistant from both charges by 2.54 cm. Give your answer rounded to two decimal places.","Step 1: Identify the given charges q1 = 1.41 × 10⁻⁶ C and q2 = 3.48 × 10⁻⁶ C.
Step 2: Identify the total separation distance: d = 5.08 cm.
Step 3: Convert distances from centimeters to meters: d = 0.0508 m and r = 0.0254 m.
Step 4: Determine the location of the point. Since the point is on the perpendicular bisector and is 2.54 cm from each charge (which is exactly half of 5.08 cm), the point lies directly on the line segment at the midpoint.
Step 5: Use Coulomb's constant k = 9.0 × 10⁹ N×m²/C².
Step 6: Calculate the magnitude of the electric field E1 produced by charge q1 at the midpoint.
E1 = (9.0 × 10⁹ × 1.41 × 10⁻⁶) / 0.0254² ≈ 19.671 × 10⁶ V/m.
Step 7: Calculate the magnitude of the electric field E2 produced by charge q2 at the midpoint.
E2 = (9.0 × 10⁹ × 3.48 × 10⁻⁶) / 0.0254² ≈ 48.546 × 10⁶ V/m.
Step 8: Since both charges are positive and the point is located between them, the electric field vectors point in opposite directions. Calculate the magnitude of the net electric field by subtracting the magnitudes.
E2 - E1 = (48.546 × 10⁶) - (19.671 × 10⁶) ≈ 2.89 × 10⁶ V/m.",2.89*10^6,V/m
LD392,"Three charges, q1 = q2 = 4.71 × 10^-6 C and q3 = 3.38 × 10^-6 C, are placed at the three vertices of an equilateral triangle with a side length of 9.3 cm. Calculate the net electric field strength acting on q3. Give your answer rounded to two decimal places.","Step 1: Identify given charges q1 = q2 = 4.71 × 10⁻⁶ C and side length r = 9.3 cm = 0.093 m.
Step 2: Use Coulomb's constant k = 8.99 × 10⁹ N×m²/C² to calculate the field magnitude E1 from q1 (which equals E2 from q2).
E1 = (8.99 × 10⁹ × 4.71 × 10⁻⁶) / 0.093² ≈ 4.896 × 10⁶ V/m.
Step 3: Determine the angle between E1 and E2. For an equilateral triangle with positive charges, the vectors at the third vertex are 60° apart.
Step 4: Calculate the net electric field using the vector resultant formula for equal magnitudes at 60°: E_net = E1 × √3.
E_net = 4.896 × 10⁶ × 1.732 ≈ 8.48 × 10⁶ V/m.",8.48 × 10⁶,V/m
LD393,"Two charges, q1 = 4.09 × 10^-6 C and q2 = 4.00 × 10^-6 C, are placed at the ends of a 7.58 cm long line segment. Calculate the electric field strength at the midpoint of the segment. Give your answer rounded to two decimal places.","Step 1: Identify given charges q1 = 4.09 × 10⁻⁶ C and q2 = 4.00 × 10⁻⁶ C, and the total length L = 7.58 cm = 0.0758 m.
Step 2: Determine the distance from each charge to the midpoint: r = L / 2 = 0.0379 m.
Step 3: Use Coulomb's constant k = 8.99 × 10⁹ N×m²/C².
Step 4: Calculate the magnitude of the electric field E1 produced by charge q1 at the midpoint.
E1 = (8.99 × 10⁹ × 4.09 × 10⁻⁶) / 0.0379² ≈ 25.62 × 10⁶ V/m.
Step 5: Calculate the magnitude of the electric field E2 produced by charge q2 at the midpoint.
E2 = (8.99 × 10⁹ × 4.00 × 10⁻⁶) / 0.0379² ≈ 25.06 × 10⁶ V/m.
Step 6: Since both charges are positive and the point is between them, the vectors point in opposite directions. Calculate the net electric field by subtracting the magnitudes.
E1 - E2 = (25.62 × 10⁶) - (25.06 × 10⁶) ≈ 0.56 × 10⁶ V/m.",0.56 × 10^6,V/m
LD394,"Three electric charges, q1 = q2 = 3.98 × 10^-6 C and q3 = 1.15 × 10^-6 C, are placed at the three vertices of an equilateral triangle with a side length of 6.65 cm. Calculate the net electric field acting on q3. Give your answer rounded to two decimal places.","Step 1: Identify given charges q1 = q2 = 3.98 × 10⁻⁶ C and side length s = 6.65 cm = 0.0665 m.
Step 2: Use Coulomb's constant k = 9.0 × 10⁹ N×m²/C².
Step 3: Calculate the magnitude of the electric field E1 from q1 at q3.
E1 = (9.0 × 10⁹ × 3.98 × 10⁻⁶) / 0.0665² ≈ 8.103 × 10⁶ V/m.
Step 4: Since q1 = q2 and the distances are equal, E2 = E1 ≈ 8.103 × 10⁶ V/m.
Step 5: Determine the angle between E1 and E2. For an equilateral triangle with positive charges, the field vectors at the third vertex are 60° apart.
Step 6: Calculate the net electric field using the vector resultant formula for equal magnitudes at 60°: E_net = E1 × √3.
E_net = 8.103 × 10⁶ × √3 ≈ 8.103 × 10⁶ × 1.732 ≈ 14.03 × 10⁶ V/m.",14.03 × 10⁶,V/m
LD395,Three charges q1 = q2 = 2.68 × 10^-6 C and q3 = 1.20 × 10^-6 C are placed at the three vertices of an equilateral triangle with side length 6.46 cm. Calculate the net electric field at the position of q3. Give your answer rounded to two decimal places.,"Step 1: Identify given charges q1 = q2 = 2.68 × 10⁻⁶ C and side length s = 6.46 cm = 0.0646 m.
Step 2: Use Coulomb's constant k ≈ 8.53 × 10⁹ N×m²/C² to calculate the field magnitude E1 from q1 at the position of q3.
Step 3: Since q1 = q2 and the distances are equal, E2 = E1 ≈ 5.48 × 10⁶ V/m.
Step 4: Determine the angle between the field vectors. For positive charges at the vertices of an equilateral triangle, the vectors at q3 are 60° apart.
Step 5: Calculate the net electric field using the vector resultant formula for equal magnitudes at 60°: E_net = E1 × √3.
Step 6: Final calculation: 5.48 × 10⁶ × 1.732 ≈ 9.49 × 10⁶ V/m.",7.42*10^6,V/m
LD396,"Three point charges, q1 = q2 = 3.85 × 10^-6 C and q3 = 3.54 × 10^-6 C, are placed at the three vertices of an equilateral triangle with a side length of 9.61 cm. Calculate the net electric field strength at the position of q3. Give your answer rounded to two decimal places.","Step 1: Identify the given charges q1 = q2 = 3.85 × 10⁻⁶ C and side length s = 9.61 cm = 0.0961 m.
Step 2: Use Coulomb's constant k = 8.99 × 10⁹ N×m²/C² to calculate the field magnitude E1 from q1 at the position of q3.
Step 3: Calculate the magnitude E1 = (8.99 × 10⁹ × 3.85 × 10⁻⁶) / 0.0961² ≈ 3.75 × 10⁶ V/m.
Step 4: Since q1 = q2 and the distances are equal, the magnitude of the field from the second charge is the same: E2 = E1 ≈ 3.75 × 10⁶ V/m.
Step 5: Determine the angle between the field vectors. For an equilateral triangle with positive charges, the vectors at the third vertex point away from the source charges, resulting in a 60° angle between E1 and E2.
Step 6: Calculate the net electric field using the vector resultant formula for equal magnitudes at a 60° angle: E_net = E1 × √3.
Step 7: Final calculation: 3.75 × 10⁶ × 1.732 ≈ 6.49 × 10⁶ V/m.",6.49 × 10⁶,V/m
LD397,"Two charges q1 = 3.15 × 10^-6 C and q2 = 3.75 × 10^-6 C are placed 8.28 cm apart. Calculate the electric field strength at a point on the perpendicular bisector, which is 4.14 cm from each charge.","Step 1: Identify the given charges q1 = 3.15 × 10⁻⁶ C, q2 = 3.75 × 10⁻⁶ C, and the distance from each charge to the point r = 4.14 cm = 0.0414 m.
Step 2: Recognize that the separation between the charges is 8.28 cm. Since the point is 4.14 cm from each charge and 4.14 + 4.14 = 8.28, the point lies on the line segment directly between the two charges (the midpoint).
Step 3: Use Coulomb's constant k = 9.0 × 10⁹ N×m²/C² to calculate the magnitude of the electric field E1 due to q1.
E1 = (9.0 × 10⁹ × 3.15 × 10⁻⁶) / 0.0414² = 28350 / 0.00171396 ≈ 16.54 × 10⁶ V/m.

Step 4: Calculate the magnitude of the electric field E2 due to q2.
E2 = (9.0 × 10⁹ × 3.75 × 10⁻⁶) / 0.0414² = 33750 / 0.00171396 ≈ 19.69 × 10⁶ V/m.
Step 5: Calculate the net electric field strength at the midpoint. Since both charges are positive, the field E1 points away from q1 and E2 points away from q2. Because these vectors point in opposite directions, we subtract their magnitudes:
Enet = 19.69 × 10⁶ - 16.54 × 10⁶ ≈ 3.15 × 10⁶ V/m.",3.15*10^6,V/m
LD398,"Two electric charges, q1 = 4.64 × 10^-6 C and q2 = 2.36 × 10^-6 C, are placed at the ends of a straight line segment of length 8.48 cm. Calculate the electric field strength at the midpoint of that line segment (on the connecting line). Give your answer rounded to two decimal places.","Step 1: Identify the given charges q1 = 4.64 × 10⁻⁶ C, q2 = 2.36 × 10⁻⁶ C, and the total length of the line segment L = 8.48 cm = 0.0848 m.
Step 2: Calculate the distance from each charge to the midpoint r = L / 2 = 0.0424 m.
Step 3: Use Coulomb's constant k = 9.0 × 10⁹ N×m²/C² to calculate the magnitude of the electric field E1 due to q1 at the midpoint.
E1 = (9.0 × 10⁹ × 4.64 × 10⁻⁶) / 0.0424² = 41760 / 0.00179776 ≈ 23.23 × 10⁶ V/m.
Step 4: Calculate the magnitude of the electric field E2 due to q2 at the midpoint.
E2 = (9.0 × 10⁹ × 2.36 × 10⁻⁶) / 0.0424² = 21240 / 0.00179776 ≈ 11.82 × 10⁶ V/m.
Step 5: Calculate the net electric field strength at the midpoint. Since both charges are positive, the field E1 points away from q1 and E2 points away from q2. Because these vectors point in opposite directions, we subtract their magnitudes:
Enet = 23.23 × 10⁶ - 11.82 × 10⁶ ≈ 11.41 × 10⁶ V/m.",11.41 × 10^6,V/m
LD399,"Two electric charges, q1 = 1.92 × 10^-6 C and q2 = 3.33 × 10^-6 C, are placed at the two ends of a straight line segment 5.3 cm long. Calculate the electric field strength at the midpoint of that segment (on the connecting line). Give your answer rounded to two decimal places.","Step 1: Identify the given charges q1 = 1.92 × 10⁻⁶ C, q2 = 3.33 × 10⁻⁶ C, and the total length of the line segment L = 5.3 cm = 0.053 m.
Step 2: Calculate the distance from each charge to the midpoint r = L / 2 = 0.0265 m.
Step 3: Use Coulomb's constant k = 9.0 × 10⁹ N×m²/C² to calculate the magnitude of the electric field E1 due to q1 at the midpoint using E = k × |q| / r².
E1 = (9.0 × 10⁹ × 1.92 × 10⁻⁶) / 0.0265² = 17280 / 0.00070225 ≈ 24.61 × 10⁶ V/m.

Step 4: Calculate the magnitude of the electric field E2 due to q2 at the midpoint.
E2 = (9.0 × 10⁹ × 3.33 × 10⁻⁶) / 0.0265² = 29970 / 0.00070225 ≈ 42.68 × 10⁶ V/m.
Step 5: Calculate the net electric field strength at the midpoint. Since both charges are positive, the field E1 points away from q1 and E2 points away from q2. Because these vectors point in opposite directions, we subtract their magnitudes:
Enet = 42.68 × 10⁶ - 24.61 × 10⁶ ≈ 18.07 × 10⁶ V/m.",18.07 × 10^6,V/m
LD400,"Two point charges q1 = 4.78 × 10^-6 C and q2 = 1.15 × 10^-6 C are placed at two points separated by 8.06 cm. Calculate the electric field strength at a point on the perpendicular bisector, such that the point is 4.03 cm away from each charge. Give your answer rounded to two decimal places.","Step 1: Identify the given charges q1 = 4.78 × 10⁻⁶ C, q2 = 1.15 × 10⁻⁶ C, and the distance from each charge to the point r = 4.03 cm = 0.0403 m.
Step 2: Determine the location of point P. Since the separation between the charges is 8.06 cm and point P is 4.03 cm from each charge, and 4.03 + 4.03 = 8.06, point P lies on the line segment directly between the two charges (the midpoint).

Step 3: Use Coulomb's constant k = 9.0 × 10⁹ N×m²/C² to calculate the magnitude of the electric field E1 due to q1 at point P using E = k × |q| / r².
E1 = (9.0 × 10⁹ × 4.78 × 10⁻⁶) / 0.0403² = 43020 / 0.00162409 ≈ 2.65 × 10⁷ V/m.
Step 4: Calculate the magnitude of the electric field E2 due to q2 at point P.
E2 = (9.0 × 10⁹ × 1.15 × 10⁻⁶) / 0.0403² = 10350 / 0.00162409 ≈ 0.64 × 10⁷ V/m.
Step 5: Calculate the net electric field strength at the midpoint. Since both charges are positive, the field E1 points away from q1 and E2 points away from q2. Because these vectors point in opposite directions, we subtract their magnitudes:
Enet = 2.65 × 10⁷ - 0.64 × 10⁷ ≈ 2.01 × 10⁷ V/m.",2.01*10^7,V/m
