2026-06-15 12:27:24 | INFO     | api_router.predict | request_id=T1_0091_00 | task_type=TaskType.TYPE1_LOGIC | Received prediction request: type='type1' id='T1_0091_00'
2026-06-15 12:27:24 | INFO     | api_router.predict | request_id=T1_0091_00 | task_type=TaskType.TYPE1_LOGIC | Running Type 1 pipeline
2026-06-15 12:27:24 | INFO     | api_router.predict | request_id=T1_0012_00 | task_type=TaskType.TYPE1_LOGIC | Received prediction request: type='type1' id='T1_0012_00'
2026-06-15 12:27:24 | INFO     | api_router.predict | request_id=T1_0012_00 | task_type=TaskType.TYPE1_LOGIC | Running Type 1 pipeline
2026-06-15 12:27:24 | INFO     | api_router.predict | request_id=T1_0193_00 | task_type=TaskType.TYPE1_LOGIC | Received prediction request: type='type1' id='T1_0193_00'
2026-06-15 12:27:24 | INFO     | api_router.predict | request_id=T1_0193_00 | task_type=TaskType.TYPE1_LOGIC | Running Type 1 pipeline
2026-06-15 12:27:24 | INFO     | api_router.predict | request_id=T1_0379_00 | task_type=TaskType.TYPE1_LOGIC | Received prediction request: type='type1' id='T1_0379_00'
2026-06-15 12:27:24 | INFO     | api_router.predict | request_id=T1_0379_00 | task_type=TaskType.TYPE1_LOGIC | Running Type 1 pipeline
2026-06-15 12:27:24 | INFO     | api_router.predict | request_id=T1_0167_00 | task_type=TaskType.TYPE1_LOGIC | Received prediction request: type='type1' id='T1_0167_00'
2026-06-15 12:27:24 | INFO     | api_router.predict | request_id=T1_0167_00 | task_type=TaskType.TYPE1_LOGIC | Running Type 1 pipeline
2026-06-15 12:27:24 | INFO     | api_router.predict | request_id=T1_0057_00 | task_type=TaskType.TYPE1_LOGIC | Received prediction request: type='type1' id='T1_0057_00'
2026-06-15 12:27:24 | INFO     | api_router.predict | request_id=T1_0057_00 | task_type=TaskType.TYPE1_LOGIC | Running Type 1 pipeline
2026-06-15 12:27:24 | INFO     | api_router.predict | request_id=T1_0077_00 | task_type=TaskType.TYPE1_LOGIC | Received prediction request: type='type1' id='T1_0077_00'
2026-06-15 12:27:24 | INFO     | api_router.predict | request_id=T1_0077_00 | task_type=TaskType.TYPE1_LOGIC | Running Type 1 pipeline
2026-06-15 12:27:29 | INFO     | api_router.predict | request_id=T1_0178_00 | task_type=TaskType.TYPE1_LOGIC | Received prediction request: type='type1' id='T1_0178_00'
2026-06-15 12:27:29 | INFO     | api_router.predict | request_id=T1_0178_00 | task_type=TaskType.TYPE1_LOGIC | Running Type 1 pipeline
2026-06-15 12:28:05 | INFO     | api_router.predict | request_id=T1_0398_01 | task_type=TaskType.TYPE1_LOGIC | Received prediction request: type='type1' id='T1_0398_01'
2026-06-15 12:28:05 | INFO     | api_router.predict | request_id=T1_0398_01 | task_type=TaskType.TYPE1_LOGIC | Running Type 1 pipeline
2026-06-15 12:28:07 | INFO     | api_router.predict | request_id=T1_0332_00 | task_type=TaskType.TYPE1_LOGIC | Received prediction request: type='type1' id='T1_0332_00'
2026-06-15 12:28:07 | INFO     | api_router.predict | request_id=T1_0332_00 | task_type=TaskType.TYPE1_LOGIC | Running Type 1 pipeline
2026-06-15 12:28:19 | INFO     | api_router.predict | request_id=T1_0049_00 | task_type=TaskType.TYPE1_LOGIC | Received prediction request: type='type1' id='T1_0049_00'
2026-06-15 12:28:19 | INFO     | api_router.predict | request_id=T1_0049_00 | task_type=TaskType.TYPE1_LOGIC | Running Type 1 pipeline
2026-06-15 12:28:24 | INFO     | api_router.predict | request_id=T1_0355_00 | task_type=TaskType.TYPE1_LOGIC | Received prediction request: type='type1' id='T1_0355_00'
2026-06-15 12:28:24 | INFO     | api_router.predict | request_id=T1_0355_00 | task_type=TaskType.TYPE1_LOGIC | Running Type 1 pipeline
2026-06-15 12:28:24 | INFO     | api_router.predict | request_id=T1_0269_00 | task_type=TaskType.TYPE1_LOGIC | Received prediction request: type='type1' id='T1_0269_00'
2026-06-15 12:28:24 | INFO     | api_router.predict | request_id=T1_0269_00 | task_type=TaskType.TYPE1_LOGIC | Running Type 1 pipeline
2026-06-15 12:28:24 | INFO     | api_router.predict | request_id=T1_0016_00 | task_type=TaskType.TYPE1_LOGIC | Received prediction request: type='type1' id='T1_0016_00'
2026-06-15 12:28:24 | INFO     | api_router.predict | request_id=T1_0016_00 | task_type=TaskType.TYPE1_LOGIC | Running Type 1 pipeline
2026-06-15 12:28:25 | INFO     | api_router.predict | request_id=T1_0015_00 | task_type=TaskType.TYPE1_LOGIC | Received prediction request: type='type1' id='T1_0015_00'
2026-06-15 12:28:25 | INFO     | api_router.predict | request_id=T1_0015_00 | task_type=TaskType.TYPE1_LOGIC | Running Type 1 pipeline
2026-06-15 12:28:28 | INFO     | api_router.predict | request_id=T1_0052_00 | task_type=TaskType.TYPE1_LOGIC | Received prediction request: type='type1' id='T1_0052_00'
2026-06-15 12:28:28 | INFO     | api_router.predict | request_id=T1_0052_00 | task_type=TaskType.TYPE1_LOGIC | Running Type 1 pipeline
2026-06-15 12:28:29 | INFO     | api_router.predict | request_id=T1_0144_00 | task_type=TaskType.TYPE1_LOGIC | Received prediction request: type='type1' id='T1_0144_00'
2026-06-15 12:28:29 | INFO     | api_router.predict | request_id=T1_0144_00 | task_type=TaskType.TYPE1_LOGIC | Running Type 1 pipeline
2026-06-15 12:28:38 | INFO     | api_router.predict | request_id=T1_0172_00 | task_type=TaskType.TYPE1_LOGIC | Received prediction request: type='type1' id='T1_0172_00'
2026-06-15 12:28:38 | INFO     | api_router.predict | request_id=T1_0172_00 | task_type=TaskType.TYPE1_LOGIC | Running Type 1 pipeline
2026-06-15 12:28:59 | INFO     | api_router.predict | request_id=T1_0311_00 | task_type=TaskType.TYPE1_LOGIC | Received prediction request: type='type1' id='T1_0311_00'
2026-06-15 12:28:59 | INFO     | api_router.predict | request_id=T1_0311_00 | task_type=TaskType.TYPE1_LOGIC | Running Type 1 pipeline
2026-06-15 12:29:02 | INFO     | api_router.predict | request_id=T1_0360_00 | task_type=TaskType.TYPE1_LOGIC | Received prediction request: type='type1' id='T1_0360_00'
2026-06-15 12:29:02 | INFO     | api_router.predict | request_id=T1_0360_00 | task_type=TaskType.TYPE1_LOGIC | Running Type 1 pipeline
2026-06-15 12:29:03 | INFO     | api_router.predict | request_id=T1_0013_00 | task_type=TaskType.TYPE1_LOGIC | Received prediction request: type='type1' id='T1_0013_00'
2026-06-15 12:29:03 | INFO     | api_router.predict | request_id=T1_0013_00 | task_type=TaskType.TYPE1_LOGIC | Running Type 1 pipeline
2026-06-15 12:29:12 | INFO     | api_router.predict | request_id=T1_0340_00 | task_type=TaskType.TYPE1_LOGIC | Received prediction request: type='type1' id='T1_0340_00'
2026-06-15 12:29:12 | INFO     | api_router.predict | request_id=T1_0340_00 | task_type=TaskType.TYPE1_LOGIC | Running Type 1 pipeline
2026-06-15 12:29:14 | INFO     | api_router.predict | request_id=T1_0134_00 | task_type=TaskType.TYPE1_LOGIC | Received prediction request: type='type1' id='T1_0134_00'
2026-06-15 12:29:14 | INFO     | api_router.predict | request_id=T1_0134_00 | task_type=TaskType.TYPE1_LOGIC | Running Type 1 pipeline
2026-06-15 12:29:19 | INFO     | api_router.predict | request_id=T1_0384_00 | task_type=TaskType.TYPE1_LOGIC | Received prediction request: type='type1' id='T1_0384_00'
2026-06-15 12:29:19 | INFO     | api_router.predict | request_id=T1_0384_00 | task_type=TaskType.TYPE1_LOGIC | Running Type 1 pipeline
2026-06-15 12:29:29 | INFO     | api_router.predict | request_id=T1_0267_00 | task_type=TaskType.TYPE1_LOGIC | Received prediction request: type='type1' id='T1_0267_00'
2026-06-15 12:29:29 | INFO     | api_router.predict | request_id=T1_0267_00 | task_type=TaskType.TYPE1_LOGIC | Running Type 1 pipeline
2026-06-15 12:29:38 | INFO     | api_router.predict | request_id=T1_0100_01 | task_type=TaskType.TYPE1_LOGIC | Received prediction request: type='type1' id='T1_0100_01'
2026-06-15 12:29:38 | INFO     | api_router.predict | request_id=T1_0100_01 | task_type=TaskType.TYPE1_LOGIC | Running Type 1 pipeline
2026-06-15 12:29:46 | INFO     | api_router.predict | request_id=T1_0186_01 | task_type=TaskType.TYPE1_LOGIC | Received prediction request: type='type1' id='T1_0186_01'
2026-06-15 12:29:46 | INFO     | api_router.predict | request_id=T1_0186_01 | task_type=TaskType.TYPE1_LOGIC | Running Type 1 pipeline
2026-06-15 12:29:51 | INFO     | api_router.predict | request_id=T1_0258_01 | task_type=TaskType.TYPE1_LOGIC | Received prediction request: type='type1' id='T1_0258_01'
2026-06-15 12:29:51 | INFO     | api_router.predict | request_id=T1_0258_01 | task_type=TaskType.TYPE1_LOGIC | Running Type 1 pipeline
2026-06-15 12:29:54 | INFO     | api_router.predict | request_id=T1_0121_01 | task_type=TaskType.TYPE1_LOGIC | Received prediction request: type='type1' id='T1_0121_01'
2026-06-15 12:29:54 | INFO     | api_router.predict | request_id=T1_0121_01 | task_type=TaskType.TYPE1_LOGIC | Running Type 1 pipeline
2026-06-15 12:30:02 | INFO     | api_router.predict | request_id=T1_0376_01 | task_type=TaskType.TYPE1_LOGIC | Received prediction request: type='type1' id='T1_0376_01'
2026-06-15 12:30:02 | INFO     | api_router.predict | request_id=T1_0376_01 | task_type=TaskType.TYPE1_LOGIC | Running Type 1 pipeline
2026-06-15 12:30:03 | INFO     | api_router.predict | request_id=T1_0407_01 | task_type=TaskType.TYPE1_LOGIC | Received prediction request: type='type1' id='T1_0407_01'
2026-06-15 12:30:03 | INFO     | api_router.predict | request_id=T1_0407_01 | task_type=TaskType.TYPE1_LOGIC | Running Type 1 pipeline
2026-06-15 12:30:06 | INFO     | api_router.predict | request_id=T1_0003_01 | task_type=TaskType.TYPE1_LOGIC | Received prediction request: type='type1' id='T1_0003_01'
2026-06-15 12:30:06 | INFO     | api_router.predict | request_id=T1_0003_01 | task_type=TaskType.TYPE1_LOGIC | Running Type 1 pipeline
2026-06-15 12:30:27 | INFO     | api_router.predict | request_id=T1_0349_01 | task_type=TaskType.TYPE1_LOGIC | Received prediction request: type='type1' id='T1_0349_01'
2026-06-15 12:30:27 | INFO     | api_router.predict | request_id=T1_0349_01 | task_type=TaskType.TYPE1_LOGIC | Running Type 1 pipeline
2026-06-15 12:30:29 | INFO     | api_router.predict | request_id=T1_0374_01 | task_type=TaskType.TYPE1_LOGIC | Received prediction request: type='type1' id='T1_0374_01'
2026-06-15 12:30:29 | INFO     | api_router.predict | request_id=T1_0374_01 | task_type=TaskType.TYPE1_LOGIC | Running Type 1 pipeline
2026-06-15 12:30:30 | INFO     | api_router.predict | request_id=T1_0071_00 | task_type=TaskType.TYPE1_LOGIC | Received prediction request: type='type1' id='T1_0071_00'
2026-06-15 12:30:30 | INFO     | api_router.predict | request_id=T1_0071_00 | task_type=TaskType.TYPE1_LOGIC | Running Type 1 pipeline
2026-06-15 12:30:35 | INFO     | api_router.predict | request_id=T1_0318_01 | task_type=TaskType.TYPE1_LOGIC | Received prediction request: type='type1' id='T1_0318_01'
2026-06-15 12:30:35 | INFO     | api_router.predict | request_id=T1_0318_01 | task_type=TaskType.TYPE1_LOGIC | Running Type 1 pipeline
2026-06-15 12:30:39 | INFO     | api_router.predict | request_id=T1_0173_01 | task_type=TaskType.TYPE1_LOGIC | Received prediction request: type='type1' id='T1_0173_01'
2026-06-15 12:30:39 | INFO     | api_router.predict | request_id=T1_0173_01 | task_type=TaskType.TYPE1_LOGIC | Running Type 1 pipeline
2026-06-15 12:30:45 | INFO     | api_router.predict | request_id=T1_0149_00 | task_type=TaskType.TYPE1_LOGIC | Received prediction request: type='type1' id='T1_0149_00'
2026-06-15 12:30:45 | INFO     | api_router.predict | request_id=T1_0149_00 | task_type=TaskType.TYPE1_LOGIC | Running Type 1 pipeline
2026-06-15 12:30:46 | INFO     | api_router.predict | request_id=T1_0070_00 | task_type=TaskType.TYPE1_LOGIC | Received prediction request: type='type1' id='T1_0070_00'
2026-06-15 12:30:46 | INFO     | api_router.predict | request_id=T1_0070_00 | task_type=TaskType.TYPE1_LOGIC | Running Type 1 pipeline
2026-06-15 12:30:51 | INFO     | api_router.predict | request_id=T1_0098_01 | task_type=TaskType.TYPE1_LOGIC | Received prediction request: type='type1' id='T1_0098_01'
2026-06-15 12:30:51 | INFO     | api_router.predict | request_id=T1_0098_01 | task_type=TaskType.TYPE1_LOGIC | Running Type 1 pipeline
2026-06-15 12:31:18 | INFO     | api_router.predict | request_id=T1_0351_01 | task_type=TaskType.TYPE1_LOGIC | Received prediction request: type='type1' id='T1_0351_01'
2026-06-15 12:31:18 | INFO     | api_router.predict | request_id=T1_0351_01 | task_type=TaskType.TYPE1_LOGIC | Running Type 1 pipeline
2026-06-15 12:31:18 | INFO     | api_router.predict | request_id=T1_0148_00 | task_type=TaskType.TYPE1_LOGIC | Received prediction request: type='type1' id='T1_0148_00'
2026-06-15 12:31:18 | INFO     | api_router.predict | request_id=T1_0148_00 | task_type=TaskType.TYPE1_LOGIC | Running Type 1 pipeline
2026-06-15 12:31:19 | INFO     | api_router.predict | request_id=T1_0054_01 | task_type=TaskType.TYPE1_LOGIC | Received prediction request: type='type1' id='T1_0054_01'
2026-06-15 12:31:19 | INFO     | api_router.predict | request_id=T1_0054_01 | task_type=TaskType.TYPE1_LOGIC | Running Type 1 pipeline
2026-06-15 12:31:21 | INFO     | api_router.predict | request_id=T1_0049_01 | task_type=TaskType.TYPE1_LOGIC | Received prediction request: type='type1' id='T1_0049_01'
2026-06-15 12:31:21 | INFO     | api_router.predict | request_id=T1_0049_01 | task_type=TaskType.TYPE1_LOGIC | Running Type 1 pipeline
2026-06-15 12:31:40 | INFO     | api_router.predict | request_id=T1_0159_00 | task_type=TaskType.TYPE1_LOGIC | Received prediction request: type='type1' id='T1_0159_00'
2026-06-15 12:31:40 | INFO     | api_router.predict | request_id=T1_0159_00 | task_type=TaskType.TYPE1_LOGIC | Running Type 1 pipeline
2026-06-15 12:31:43 | INFO     | api_router.predict | request_id=T1_0051_01 | task_type=TaskType.TYPE1_LOGIC | Received prediction request: type='type1' id='T1_0051_01'
2026-06-15 12:31:43 | INFO     | api_router.predict | request_id=T1_0051_01 | task_type=TaskType.TYPE1_LOGIC | Running Type 1 pipeline
2026-06-15 12:31:45 | INFO     | api_router.predict | request_id=T1_0153_01 | task_type=TaskType.TYPE1_LOGIC | Received prediction request: type='type1' id='T1_0153_01'
2026-06-15 12:31:45 | INFO     | api_router.predict | request_id=T1_0153_01 | task_type=TaskType.TYPE1_LOGIC | Running Type 1 pipeline
2026-06-15 12:31:51 | INFO     | api_router.predict | request_id=T1_0395_00 | task_type=TaskType.TYPE1_LOGIC | Received prediction request: type='type1' id='T1_0395_00'
2026-06-15 12:31:51 | INFO     | api_router.predict | request_id=T1_0395_00 | task_type=TaskType.TYPE1_LOGIC | Running Type 1 pipeline
2026-06-15 12:32:05 | ERROR    | api_router.predict | request_id=T1_0159_00 | task_type=TaskType.TYPE1_LOGIC | Type 1 pipeline failed for 'T1_0159_00': IFF parser result requires a right operand
Traceback (most recent call last):
  File "/home/ubuntu/Exact2026/src/exact/app/router.py", line 201, in predict
    result = await run_type1_pipeline(
             ^^^^^^^^^^^^^^^^^^^^^^^^^
  File "/home/ubuntu/Exact2026/src/exact/type1/pipeline.py", line 51, in run_type1_pipeline
    premise_bundle = await premise_parser.parse_premises(premises)
                     ^^^^^^^^^^^^^^^^^^^^^^^^^^^^^^^^^^^^^^^^^^^^^
  File "/home/ubuntu/Exact2026/src/exact/type1/parser/premise_parser.py", line 75, in parse_premises
    draft_trees = await self.frame_compiler.compile_many(normalized, frames)
                  ^^^^^^^^^^^^^^^^^^^^^^^^^^^^^^^^^^^^^^^^^^^^^^^^^^^^^^^^^^
  File "/home/ubuntu/Exact2026/src/exact/type1/parser/frame_parser.py", line 149, in compile_many
    return list(await asyncio.gather(*(
                ^^^^^^^^^^^^^^^^^^^^^^^
  File "/home/ubuntu/Exact2026/src/exact/type1/parser/frame_parser.py", line 159, in _compile
    return (await self.fol_parser.parse_many([premise]))[0]
            ^^^^^^^^^^^^^^^^^^^^^^^^^^^^^^^^^^^^^^^^^^^
  File "/home/ubuntu/Exact2026/src/exact/type1/parser/parser.py", line 90, in parse_many
    return list(await asyncio.gather(
                ^^^^^^^^^^^^^^^^^^^^^
  File "/home/ubuntu/Exact2026/src/exact/type1/parser/parser.py", line 131, in parse
    return simplify(await self._parse_logical(
                    ^^^^^^^^^^^^^^^^^^^^^^^^^^
  File "/home/ubuntu/Exact2026/src/exact/type1/parser/parser.py", line 252, in _parse_logical
    left = await self.parse(
           ^^^^^^^^^^^^^^^^^
  File "/home/ubuntu/Exact2026/src/exact/type1/parser/parser.py", line 131, in parse
    return simplify(await self._parse_logical(
                    ^^^^^^^^^^^^^^^^^^^^^^^^^^
  File "/home/ubuntu/Exact2026/src/exact/type1/parser/parser.py", line 243, in _parse_logical
    raise ValueError(f"{result.operator} parser result requires a right operand")
ValueError: IFF parser result requires a right operand
2026-06-15 12:32:05 | INFO     | api_router.predict | request_id=T1_0150_00 | task_type=TaskType.TYPE1_LOGIC | Received prediction request: type='type1' id='T1_0150_00'
2026-06-15 12:32:05 | INFO     | api_router.predict | request_id=T1_0150_00 | task_type=TaskType.TYPE1_LOGIC | Running Type 1 pipeline
2026-06-15 12:32:19 | INFO     | api_router.predict | request_id=NL343 | task_type=TaskType.TYPE2_PHYSICS | Received prediction request: type='type2' id='NL343'
2026-06-15 12:32:19 | INFO     | api_router.predict | request_id=NL343 | task_type=TaskType.TYPE2_PHYSICS | Running Type 2 pipeline
2026-06-15 12:32:19 | INFO     | api_router.predict | request_id=T1_0266_01 | task_type=TaskType.TYPE1_LOGIC | Received prediction request: type='type1' id='T1_0266_01'
2026-06-15 12:32:19 | INFO     | api_router.predict | request_id=T1_0266_01 | task_type=TaskType.TYPE1_LOGIC | Running Type 1 pipeline
2026-06-15 12:32:19 | INFO     | watchfiles.main | request_id=- | task_type=- | 3 changes detected
2026-06-15 12:32:19 | INFO     | api_router.predict | request_id=NL016 | task_type=TaskType.TYPE2_PHYSICS | Received prediction request: type='type2' id='NL016'
2026-06-15 12:32:19 | INFO     | api_router.predict | request_id=NL016 | task_type=TaskType.TYPE2_PHYSICS | Running Type 2 pipeline
2026-06-15 12:32:19 | INFO     | watchfiles.main | request_id=- | task_type=- | 16 changes detected
2026-06-15 12:32:21 | INFO     | api_router.predict | request_id=NL039 | task_type=TaskType.TYPE2_PHYSICS | Received prediction request: type='type2' id='NL039'
2026-06-15 12:32:21 | INFO     | api_router.predict | request_id=NL039 | task_type=TaskType.TYPE2_PHYSICS | Running Type 2 pipeline
2026-06-15 12:32:22 | INFO     | api_router.predict | request_id=NL355 | task_type=TaskType.TYPE2_PHYSICS | Received prediction request: type='type2' id='NL355'
2026-06-15 12:32:22 | INFO     | api_router.predict | request_id=NL355 | task_type=TaskType.TYPE2_PHYSICS | Running Type 2 pipeline
2026-06-15 12:32:24 | INFO     | exact.type2.pipeline | request_id=NL355 | task_type=type2_physics | Start Type 2 deterministic-first pipeline
2026-06-15 12:32:25 | INFO     | exact.type2.pipeline | request_id=NL343 | task_type=type2_physics | Start Type 2 deterministic-first pipeline
2026-06-15 12:32:29 | INFO     | exact.type2.pipeline | request_id=NL039 | task_type=type2_physics | Start Type 2 deterministic-first pipeline
2026-06-15 12:32:30 | INFO     | api_router.predict | request_id=NL333 | task_type=TaskType.TYPE2_PHYSICS | Received prediction request: type='type2' id='NL333'
2026-06-15 12:32:30 | INFO     | api_router.predict | request_id=NL333 | task_type=TaskType.TYPE2_PHYSICS | Running Type 2 pipeline
2026-06-15 12:32:30 | INFO     | exact.type2.pipeline | request_id=NL343 | task_type=type2_physics | Type 2 extraction: kind=numerical target=energy quantities=['capacitance', 'charge'] extraction_ok=True formulas=('capacitor_energy_from_charge_capacitance', 'capacitor_energy', 'capacitor_energy_from_charge_voltage', 'energy_disconnected_capacitor_insert_dielectric', 'energy_connected_capacitor_insert_dielectric', 'electric_potential_energy_two_point_charges', 'electrical_energy_from_voltage_charge', 'work_from_force_distance', 'heat_from_mass_specific_heat_temperature_change', 'heat_from_fuel_mass_calorific_value') route=direct_formula eligible=['formula_executor']
2026-06-15 12:32:30 | INFO     | exact.type2.pipeline | request_id=NL355 | task_type=type2_physics | Type 2 extraction: kind=numerical target=stored energy quantities=['capacitance', 'charge'] extraction_ok=True formulas=('capacitor_energy_from_charge_capacitance', 'voltage_from_charge_capacitance', 'energy_disconnected_capacitor_insert_dielectric', 'energy_connected_capacitor_insert_dielectric', 'capacitance_from_charge_voltage', 'capacitor_energy', 'capacitor_energy_from_charge_voltage', 'charge_from_capacitor_energy_capacitance', 'charge_from_capacitance_voltage', 'voltage_from_capacitor_energy_capacitance') route=direct_formula eligible=['formula_executor']
2026-06-15 12:32:30 | INFO     | api_router.predict | request_id=NL331 | task_type=TaskType.TYPE2_PHYSICS | Received prediction request: type='type2' id='NL331'
2026-06-15 12:32:30 | INFO     | api_router.predict | request_id=NL331 | task_type=TaskType.TYPE2_PHYSICS | Running Type 2 pipeline
2026-06-15 12:32:31 | INFO     | exact.type2.pipeline | request_id=NL333 | task_type=type2_physics | Start Type 2 deterministic-first pipeline
2026-06-15 12:32:32 | INFO     | api_router.predict | request_id=NL376 | task_type=TaskType.TYPE2_PHYSICS | Received prediction request: type='type2' id='NL376'
2026-06-15 12:32:32 | INFO     | api_router.predict | request_id=NL376 | task_type=TaskType.TYPE2_PHYSICS | Running Type 2 pipeline
2026-06-15 12:32:32 | INFO     | api_router.predict | request_id=NL320 | task_type=TaskType.TYPE2_PHYSICS | Received prediction request: type='type2' id='NL320'
2026-06-15 12:32:32 | INFO     | api_router.predict | request_id=NL320 | task_type=TaskType.TYPE2_PHYSICS | Running Type 2 pipeline
2026-06-15 12:32:33 | INFO     | api_router.predict | request_id=NL349 | task_type=TaskType.TYPE2_PHYSICS | Received prediction request: type='type2' id='NL349'
2026-06-15 12:32:33 | INFO     | api_router.predict | request_id=NL349 | task_type=TaskType.TYPE2_PHYSICS | Running Type 2 pipeline
2026-06-15 12:32:33 | INFO     | api_router.predict | request_id=NL323 | task_type=TaskType.TYPE2_PHYSICS | Received prediction request: type='type2' id='NL323'
2026-06-15 12:32:33 | INFO     | api_router.predict | request_id=NL323 | task_type=TaskType.TYPE2_PHYSICS | Running Type 2 pipeline
2026-06-15 12:32:34 | INFO     | exact.type2.pipeline | request_id=NL349 | task_type=type2_physics | Start Type 2 deterministic-first pipeline
2026-06-15 12:32:35 | INFO     | exact.type2.pipeline | request_id=NL333 | task_type=type2_physics | Type 2 extraction: kind=numerical target=capacitance quantities=['energy', 'voltage'] extraction_ok=True formulas=('capacitance_from_energy_voltage', 'capacitance_from_charge_voltage', 'capacitance_parallel_plate_distance_doubled', 'parallel_plate_capacitance_air', 'series_capacitance_two', 'parallel_capacitance', 'series_capacitance_three', 'parallel_capacitance_three', 'capacitor_energy', 'capacitor_energy_from_charge_voltage') route=direct_formula eligible=['formula_executor']
2026-06-15 12:32:35 | INFO     | api_router.predict | request_id=NL311 | task_type=TaskType.TYPE2_PHYSICS | Received prediction request: type='type2' id='NL311'
2026-06-15 12:32:35 | INFO     | api_router.predict | request_id=NL311 | task_type=TaskType.TYPE2_PHYSICS | Running Type 2 pipeline
2026-06-15 12:32:37 | INFO     | exact.type2.pipeline | request_id=NL311 | task_type=type2_physics | Start Type 2 deterministic-first pipeline
2026-06-15 12:32:38 | INFO     | api_router.predict | request_id=NL028 | task_type=TaskType.TYPE2_PHYSICS | Received prediction request: type='type2' id='NL028'
2026-06-15 12:32:38 | INFO     | api_router.predict | request_id=NL028 | task_type=TaskType.TYPE2_PHYSICS | Running Type 2 pipeline
2026-06-15 12:32:40 | INFO     | exact.type2.pipeline | request_id=NL376 | task_type=type2_physics | Start Type 2 deterministic-first pipeline
2026-06-15 12:32:41 | INFO     | exact.type2.pipeline | request_id=NL323 | task_type=type2_physics | Start Type 2 deterministic-first pipeline
2026-06-15 12:32:41 | INFO     | exact.type2.pipeline | request_id=NL039 | task_type=type2_physics | Type 2 extraction: kind=numerical target=instantaneous current quantities=[] extraction_ok=False formulas=('PotentialEnergyOfAnElectricDipole', 'DefinitionOfElectricFlux', 'DefinitionOfRelativePermittivity', 'FlowRateOfElectromagneticMomentum', 'MagneticFieldInAnInfiniteSolenoid', 'TransformerPowerEquation', 'ElectricFieldDueToAnInfiniteFlatSurfaceOfCharge', 'ElectricFieldDueToAnInfiniteLineOfCharge', 'ElectricFieldInTermsOfPotentials', 'IntensityOfAnElectromagneticWaveInTermsOfThePoyntingVector') route=conceptual_reasoning eligible=['text_solver']
2026-06-15 12:32:41 | INFO     | api_router.predict | request_id=NL339 | task_type=TaskType.TYPE2_PHYSICS | Received prediction request: type='type2' id='NL339'
2026-06-15 12:32:41 | INFO     | api_router.predict | request_id=NL339 | task_type=TaskType.TYPE2_PHYSICS | Running Type 2 pipeline
2026-06-15 12:32:42 | INFO     | api_router.predict | request_id=NL123 | task_type=TaskType.TYPE2_PHYSICS | Received prediction request: type='type2' id='NL123'
2026-06-15 12:32:42 | INFO     | api_router.predict | request_id=NL123 | task_type=TaskType.TYPE2_PHYSICS | Running Type 2 pipeline
2026-06-15 12:32:43 | INFO     | exact.type2.pipeline | request_id=NL311 | task_type=type2_physics | Type 2 extraction: kind=conceptual target=energy stored in a capacitor quantities=['capacitance', 'energy_stored_in_a_capacitor', 'voltage'] extraction_ok=True formulas=('energy_connected_capacitor_insert_dielectric', 'capacitor_energy', 'energy_disconnected_capacitor_insert_dielectric', 'charge_from_capacitance_voltage', 'voltage_disconnected_capacitor_distance_doubled', 'voltage_from_charge_capacitance', 'capacitor_energy_from_charge_voltage', 'voltage_from_capacitor_energy_capacitance', 'voltage_disconnected_capacitor_insert_dielectric', 'capacitance_from_energy_voltage') route=multi_step_formula eligible=['text_solver', 'formula_executor']
2026-06-15 12:32:44 | INFO     | exact.type2.pipeline | request_id=NL349 | task_type=type2_physics | Type 2 extraction: kind=numerical target=magnetic_energy quantities=['current', 'inductance', 'time'] extraction_ok=True formulas=('inductor_energy', 'induced_emf_from_inductance_current_change', 'inductance_from_emf_current_change', 'electrical_energy_from_voltage_current_time', 'joule_heating_from_current_resistance_time', 'charge_from_current_time', 'inductance_from_energy_current', 'energy_from_power_time', 'current_from_charge_time', 'motion_distance_from_speed_time') route=direct_formula eligible=['formula_executor']
2026-06-15 12:32:44 | INFO     | api_router.predict | request_id=NL109 | task_type=TaskType.TYPE2_PHYSICS | Received prediction request: type='type2' id='NL109'
2026-06-15 12:32:44 | INFO     | api_router.predict | request_id=NL109 | task_type=TaskType.TYPE2_PHYSICS | Running Type 2 pipeline
2026-06-15 12:32:44 | INFO     | api_router.predict | request_id=NL352 | task_type=TaskType.TYPE2_PHYSICS | Received prediction request: type='type2' id='NL352'
2026-06-15 12:32:44 | INFO     | api_router.predict | request_id=NL352 | task_type=TaskType.TYPE2_PHYSICS | Running Type 2 pipeline
2026-06-15 12:32:45 | INFO     | exact.type2.pipeline | request_id=NL109 | task_type=type2_physics | Start Type 2 deterministic-first pipeline
2026-06-15 12:32:45 | INFO     | api_router.predict | request_id=NL325 | task_type=TaskType.TYPE2_PHYSICS | Received prediction request: type='type2' id='NL325'
2026-06-15 12:32:45 | INFO     | api_router.predict | request_id=NL325 | task_type=TaskType.TYPE2_PHYSICS | Running Type 2 pipeline
2026-06-15 12:32:45 | INFO     | api_router.predict | request_id=NL116 | task_type=TaskType.TYPE2_PHYSICS | Received prediction request: type='type2' id='NL116'
2026-06-15 12:32:45 | INFO     | api_router.predict | request_id=NL116 | task_type=TaskType.TYPE2_PHYSICS | Running Type 2 pipeline
2026-06-15 12:32:46 | INFO     | api_router.predict | request_id=NL348 | task_type=TaskType.TYPE2_PHYSICS | Received prediction request: type='type2' id='NL348'
2026-06-15 12:32:46 | INFO     | api_router.predict | request_id=NL348 | task_type=TaskType.TYPE2_PHYSICS | Running Type 2 pipeline
2026-06-15 12:32:46 | INFO     | exact.type2.pipeline | request_id=NL323 | task_type=type2_physics | Type 2 extraction: kind=conceptual target=electric_field_energy quantities=['distance_between_plates', 'electric_charge', 'electric_field_energy'] extraction_ok=True formulas=('ElectricPotentialEnergyOfTwoPointCharges', 'CoulombsLaw', 'DefinitionOfElectricFlux', 'ElectricFieldDueToAnInfiniteFlatSurfaceOfCharge', 'ElectricFieldDueToAnInfiniteLineOfCharge', 'ElectricFieldOfAPointCharge', 'voltage_disconnected_capacitor_distance_doubled', 'net_force_midpoint_between_opposite_equal_charges', 'deflection_angle_uniform_field', 'DefinitionOfElectricSusceptibility') route=multi_step_formula eligible=['text_solver', 'formula_executor']
2026-06-15 12:32:47 | INFO     | exact.type2.pipeline | request_id=NL116 | task_type=type2_physics | Start Type 2 deterministic-first pipeline
2026-06-15 12:32:47 | INFO     | api_router.predict | request_id=NL381 | task_type=TaskType.TYPE2_PHYSICS | Received prediction request: type='type2' id='NL381'
2026-06-15 12:32:47 | INFO     | api_router.predict | request_id=NL381 | task_type=TaskType.TYPE2_PHYSICS | Running Type 2 pipeline
2026-06-15 12:32:49 | INFO     | exact.type2.pipeline | request_id=NL109 | task_type=type2_physics | Type 2 extraction: kind=numerical target=capacitance quantities=['energy', 'voltage'] extraction_ok=True formulas=('capacitance_from_energy_voltage', 'capacitance_from_charge_voltage', 'capacitance_parallel_plate_distance_doubled', 'parallel_plate_capacitance_air', 'series_capacitance_two', 'parallel_capacitance', 'series_capacitance_three', 'parallel_capacitance_three', 'energy_disconnected_capacitor_insert_dielectric', 'voltage_from_capacitor_energy_capacitance') route=direct_formula eligible=['formula_executor']
2026-06-15 12:32:49 | INFO     | api_router.predict | request_id=NL033 | task_type=TaskType.TYPE2_PHYSICS | Received prediction request: type='type2' id='NL033'
2026-06-15 12:32:49 | INFO     | api_router.predict | request_id=NL033 | task_type=TaskType.TYPE2_PHYSICS | Running Type 2 pipeline
2026-06-15 12:32:49 | INFO     | api_router.predict | request_id=NL085 | task_type=TaskType.TYPE2_PHYSICS | Received prediction request: type='type2' id='NL085'
2026-06-15 12:32:49 | INFO     | api_router.predict | request_id=NL085 | task_type=TaskType.TYPE2_PHYSICS | Running Type 2 pipeline
2026-06-15 12:32:49 | INFO     | api_router.predict | request_id=NL019 | task_type=TaskType.TYPE2_PHYSICS | Received prediction request: type='type2' id='NL019'
2026-06-15 12:32:49 | INFO     | api_router.predict | request_id=NL019 | task_type=TaskType.TYPE2_PHYSICS | Running Type 2 pipeline
2026-06-15 12:32:49 | INFO     | api_router.predict | request_id=NL374 | task_type=TaskType.TYPE2_PHYSICS | Received prediction request: type='type2' id='NL374'
2026-06-15 12:32:49 | INFO     | api_router.predict | request_id=NL374 | task_type=TaskType.TYPE2_PHYSICS | Running Type 2 pipeline
2026-06-15 12:32:50 | INFO     | exact.type2.pipeline | request_id=NL019 | task_type=type2_physics | Start Type 2 deterministic-first pipeline
2026-06-15 12:32:51 | INFO     | exact.type2.pipeline | request_id=NL325 | task_type=type2_physics | Start Type 2 deterministic-first pipeline
2026-06-15 12:32:51 | INFO     | api_router.predict | request_id=NL105 | task_type=TaskType.TYPE2_PHYSICS | Received prediction request: type='type2' id='NL105'
2026-06-15 12:32:51 | INFO     | api_router.predict | request_id=NL105 | task_type=TaskType.TYPE2_PHYSICS | Running Type 2 pipeline
2026-06-15 12:32:51 | INFO     | exact.type2.pipeline | request_id=NL116 | task_type=type2_physics | Type 2 extraction: kind=numerical target=inductance quantities=['current', 'energy', 'magnetic_energy'] extraction_ok=True formulas=('inductance_from_energy_current', 'inductance_from_emf_current_change', 'inductor_energy', 'electrical_energy_from_voltage_current_time', 'impedance_from_voltage_current', 'power_voltage_current', 'power_current_resistance', 'voltage_from_power_current', 'resistance_from_power_current', 'efficiency_from_useful_total_energy') route=direct_formula eligible=['formula_executor']
2026-06-15 12:32:51 | INFO     | api_router.predict | request_id=NL011 | task_type=TaskType.TYPE2_PHYSICS | Received prediction request: type='type2' id='NL011'
2026-06-15 12:32:51 | INFO     | api_router.predict | request_id=NL011 | task_type=TaskType.TYPE2_PHYSICS | Running Type 2 pipeline
2026-06-15 12:32:51 | INFO     | exact.type2.pipeline | request_id=NL085 | task_type=type2_physics | Start Type 2 deterministic-first pipeline
2026-06-15 12:32:52 | INFO     | api_router.predict | request_id=NL031 | task_type=TaskType.TYPE2_PHYSICS | Received prediction request: type='type2' id='NL031'
2026-06-15 12:32:52 | INFO     | api_router.predict | request_id=NL031 | task_type=TaskType.TYPE2_PHYSICS | Running Type 2 pipeline
2026-06-15 12:32:52 | INFO     | exact.type2.pipeline | request_id=NL376 | task_type=type2_physics | Type 2 extraction: kind=numerical target=instantaneous voltage across the capacitor quantities=['capacitance', 'electric_field_energy', 'energy', 'energy_2', 'total_oscillation_energy'] extraction_ok=True formulas=('voltage_from_capacitor_energy_capacitance', 'charge_from_capacitor_energy_capacitance', 'efficiency_from_useful_total_energy', 'energy_disconnected_capacitor_insert_dielectric', 'energy_connected_capacitor_insert_dielectric', 'lc_natural_period', 'capacitor_energy', 'lc_natural_frequency', 'lc_natural_angular_frequency', 'capacitance_from_energy_voltage') route=direct_formula eligible=['formula_executor']
2026-06-15 12:32:53 | INFO     | exact.type2.pipeline | request_id=NL011 | task_type=type2_physics | Start Type 2 deterministic-first pipeline
2026-06-15 12:32:54 | INFO     | api_router.predict | request_id=NL363 | task_type=TaskType.TYPE2_PHYSICS | Received prediction request: type='type2' id='NL363'
2026-06-15 12:32:54 | INFO     | api_router.predict | request_id=NL363 | task_type=TaskType.TYPE2_PHYSICS | Running Type 2 pipeline
2026-06-15 12:32:55 | INFO     | exact.type2.pipeline | request_id=NL019 | task_type=type2_physics | Type 2 extraction: kind=numerical target=inductance quantities=['current', 'energy', 'magnetic_energy'] extraction_ok=True formulas=('inductance_from_energy_current', 'inductance_from_emf_current_change', 'inductor_energy', 'temperature_change_from_heat_mass_specific_heat', 'magnetic_energy_from_solenoid_geometry', 'electrical_energy_from_voltage_current_time', 'ideal_transformer_secondary_current', 'impedance_from_voltage_current', 'power_voltage_current', 'power_current_resistance') route=direct_formula eligible=['formula_executor']
2026-06-15 12:32:55 | INFO     | api_router.predict | request_id=NL030 | task_type=TaskType.TYPE2_PHYSICS | Received prediction request: type='type2' id='NL030'
2026-06-15 12:32:55 | INFO     | api_router.predict | request_id=NL030 | task_type=TaskType.TYPE2_PHYSICS | Running Type 2 pipeline
2026-06-15 12:32:58 | INFO     | exact.type2.pipeline | request_id=NL105 | task_type=type2_physics | Start Type 2 deterministic-first pipeline
2026-06-15 12:32:58 | INFO     | exact.type2.pipeline | request_id=NL325 | task_type=type2_physics | Type 2 extraction: kind=numerical target=fraction of magnetic field energy quantities=[] extraction_ok=False formulas=('FlowRateOfElectromagneticMomentum', 'ElectricFieldInTermsOfPotentials', 'IntensityOfAnElectromagneticWaveInTermsOfThePoyntingVector', 'AmperesCircuitalLaw', 'MaxwellFaradayEquation', 'PotentialEnergyOfAnElectricDipole', 'lc_natural_period', 'DefinitionOfElectricFlux', 'DefinitionOfRelativePermittivity', 'ElectricFieldDueToAnInfiniteFlatSurfaceOfCharge') route=vector_superposition eligible=[]
2026-06-15 12:32:59 | INFO     | exact.type2.pipeline | request_id=NL011 | task_type=type2_physics | Type 2 extraction: kind=numerical target=energy quantities=['capacitance', 'energy', 'voltage'] extraction_ok=True formulas=('capacitor_energy', 'energy_disconnected_capacitor_insert_dielectric', 'energy_connected_capacitor_insert_dielectric', 'capacitor_energy_from_charge_voltage', 'capacitor_energy_from_charge_capacitance', 'electrical_energy_from_voltage_current_time', 'electrical_energy_from_voltage_charge', 'work_from_force_distance', 'heat_from_mass_specific_heat_temperature_change', 'heat_from_fuel_mass_calorific_value') route=inverse_formula eligible=['formula_executor']
2026-06-15 12:32:59 | INFO     | api_router.predict | request_id=NL334 | task_type=TaskType.TYPE2_PHYSICS | Received prediction request: type='type2' id='NL334'
2026-06-15 12:32:59 | INFO     | api_router.predict | request_id=NL334 | task_type=TaskType.TYPE2_PHYSICS | Running Type 2 pipeline
2026-06-15 12:33:00 | INFO     | exact.type2.pipeline | request_id=NL363 | task_type=type2_physics | Start Type 2 deterministic-first pipeline
2026-06-15 12:33:00 | INFO     | exact.type2.pipeline | request_id=NL085 | task_type=type2_physics | Type 2 extraction: kind=numerical target=voltage quantities=['capacitance', 'energy'] extraction_ok=True formulas=('voltage_from_capacitor_energy_capacitance', 'voltage_from_charge_capacitance', 'voltage_connected_capacitor_insert_dielectric', 'voltage_disconnected_capacitor_distance_doubled', 'voltage_connected_capacitor_distance_changed', 'voltage_from_power_current', 'voltage_from_power_resistance', 'voltage_disconnected_capacitor_insert_dielectric', 'induced_emf_from_flux_change', 'electric_potential_point_charge') route=direct_formula eligible=['formula_executor']
2026-06-15 12:33:01 | INFO     | api_router.predict | request_id=NL380 | task_type=TaskType.TYPE2_PHYSICS | Received prediction request: type='type2' id='NL380'
2026-06-15 12:33:01 | INFO     | api_router.predict | request_id=NL380 | task_type=TaskType.TYPE2_PHYSICS | Running Type 2 pipeline
2026-06-15 12:33:01 | INFO     | exact.type2.pipeline | request_id=NL334 | task_type=type2_physics | Start Type 2 deterministic-first pipeline
2026-06-15 12:33:02 | INFO     | api_router.predict | request_id=NL335 | task_type=TaskType.TYPE2_PHYSICS | Received prediction request: type='type2' id='NL335'
2026-06-15 12:33:02 | INFO     | api_router.predict | request_id=NL335 | task_type=TaskType.TYPE2_PHYSICS | Running Type 2 pipeline
2026-06-15 12:33:03 | INFO     | exact.type2.pipeline | request_id=NL030 | task_type=type2_physics | Start Type 2 deterministic-first pipeline
2026-06-15 12:33:04 | INFO     | api_router.predict | request_id=NL025 | task_type=TaskType.TYPE2_PHYSICS | Received prediction request: type='type2' id='NL025'
2026-06-15 12:33:04 | INFO     | api_router.predict | request_id=NL025 | task_type=TaskType.TYPE2_PHYSICS | Running Type 2 pipeline
2026-06-15 12:33:05 | INFO     | exact.type2.pipeline | request_id=NL334 | task_type=type2_physics | Type 2 extraction: kind=numerical target=inductance quantities=['current', 'energy', 'magnetic_energy'] extraction_ok=True formulas=('inductance_from_energy_current', 'inductance_from_emf_current_change', 'inductor_energy', 'electrical_energy_from_voltage_current_time', 'joule_heating_from_current_resistance_time', 'charge_from_current_time', 'mass_from_heat_specific_heat_temperature_change', 'induced_emf_from_inductance_current_change', 'ideal_transformer_secondary_current', 'force_from_work_distance') route=conceptual_reasoning eligible=['text_solver']
2026-06-15 12:33:05 | INFO     | exact.type2.pipeline | request_id=NL105 | task_type=type2_physics | Type 2 extraction: kind=conceptual target=energy quantities=[] extraction_ok=True formulas=('heat_from_mass_specific_heat_temperature_change', 'joule_heating_from_current_resistance_time', 'energy_from_power_time', 'work_from_force_distance', 'heat_from_fuel_mass_calorific_value', 'energy_disconnected_capacitor_insert_dielectric', 'energy_connected_capacitor_insert_dielectric', 'inductor_energy', 'magnetic_energy_from_solenoid_geometry', 'work_from_pressure_volume') route=conceptual_reasoning eligible=['text_solver']
2026-06-15 12:33:05 | INFO     | api_router.predict | request_id=NL108 | task_type=TaskType.TYPE2_PHYSICS | Received prediction request: type='type2' id='NL108'
2026-06-15 12:33:05 | INFO     | api_router.predict | request_id=NL108 | task_type=TaskType.TYPE2_PHYSICS | Running Type 2 pipeline
2026-06-15 12:33:07 | INFO     | api_router.predict | request_id=NL346 | task_type=TaskType.TYPE2_PHYSICS | Received prediction request: type='type2' id='NL346'
2026-06-15 12:33:07 | INFO     | api_router.predict | request_id=NL346 | task_type=TaskType.TYPE2_PHYSICS | Running Type 2 pipeline
2026-06-15 12:33:07 | INFO     | exact.type2.pipeline | request_id=NL363 | task_type=type2_physics | Type 2 extraction: kind=numerical target=magnetic_field_energy quantities=['current', 'inductance'] extraction_ok=True formulas=('inductor_energy', 'induced_emf_from_inductance_current_change', 'lc_natural_angular_frequency', 'magnetic_flux_solenoid_from_turns_length_current_area', 'inductance_from_energy_current', 'lc_natural_frequency', 'lc_natural_period', 'magnetic_flux_solenoid_from_turn_density_current_area', 'ideal_transformer_secondary_current', 'charge_from_current_time') route=direct_formula eligible=['formula_executor']
2026-06-15 12:33:08 | INFO     | exact.type2.pipeline | request_id=NL025 | task_type=type2_physics | Start Type 2 deterministic-first pipeline
2026-06-15 12:33:08 | INFO     | api_router.predict | request_id=NL328 | task_type=TaskType.TYPE2_PHYSICS | Received prediction request: type='type2' id='NL328'
2026-06-15 12:33:08 | INFO     | api_router.predict | request_id=NL328 | task_type=TaskType.TYPE2_PHYSICS | Running Type 2 pipeline
2026-06-15 12:33:09 | INFO     | exact.type2.pipeline | request_id=NL346 | task_type=type2_physics | Start Type 2 deterministic-first pipeline
2026-06-15 12:33:10 | INFO     | api_router.predict | request_id=NL361 | task_type=TaskType.TYPE2_PHYSICS | Received prediction request: type='type2' id='NL361'
2026-06-15 12:33:10 | INFO     | api_router.predict | request_id=NL361 | task_type=TaskType.TYPE2_PHYSICS | Running Type 2 pipeline
2026-06-15 12:33:11 | INFO     | exact.type2.pipeline | request_id=NL025 | task_type=type2_physics | Type 2 extraction: kind=conceptual target=energy_storage_location quantities=[] extraction_ok=True formulas=('current_from_voltage_impedance', 'energy_from_power_time', 'charge_from_current_time', 'heat_from_fuel_mass_calorific_value', 'deflection_angle_uniform_field', 'PhotonMomentumFormula', 'SpeedOfElectromagneticWavesInMatter', 'current_from_power_voltage', 'work_from_force_distance', 'heat_from_mass_specific_heat_temperature_change') route=conceptual_reasoning eligible=['text_solver']
2026-06-15 12:33:11 | INFO     | api_router.predict | request_id=NL107 | task_type=TaskType.TYPE2_PHYSICS | Received prediction request: type='type2' id='NL107'
2026-06-15 12:33:11 | INFO     | api_router.predict | request_id=NL107 | task_type=TaskType.TYPE2_PHYSICS | Running Type 2 pipeline
2026-06-15 12:33:15 | INFO     | api_router.predict | request_id=NL003 | task_type=TaskType.TYPE2_PHYSICS | Received prediction request: type='type2' id='NL003'
2026-06-15 12:33:15 | INFO     | api_router.predict | request_id=NL003 | task_type=TaskType.TYPE2_PHYSICS | Running Type 2 pipeline
2026-06-15 12:33:15 | INFO     | api_router.predict | request_id=NL329 | task_type=TaskType.TYPE2_PHYSICS | Received prediction request: type='type2' id='NL329'
2026-06-15 12:33:15 | INFO     | api_router.predict | request_id=NL329 | task_type=TaskType.TYPE2_PHYSICS | Running Type 2 pipeline
2026-06-15 12:33:15 | INFO     | exact.type2.pipeline | request_id=NL361 | task_type=type2_physics | Start Type 2 deterministic-first pipeline
2026-06-15 12:33:16 | INFO     | exact.type2.pipeline | request_id=NL030 | task_type=type2_physics | Type 2 extraction: kind=numerical target=instantaneous current as a percentage of peak current in an LC circuit quantities=['electric_field_energy', 'instantaneous_current', 'peak_current'] extraction_ok=True formulas=('FlowRateOfElectromagneticMomentum', 'DefinitionOfElectricFlux', 'DefinitionOfRelativePermittivity', 'ElectricFieldInTermsOfPotentials', 'IntensityOfAnElectromagneticWaveInTermsOfThePoyntingVector', 'MagneticFieldInAnInfiniteSolenoid', 'PotentialEnergyOfAnElectricDipole', 'SpeedOfElectromagneticWavesInMatter', 'ElectricFieldDueToAnInfiniteFlatSurfaceOfCharge', 'ElectricFieldDueToAnInfiniteLineOfCharge') route=conceptual_reasoning eligible=['text_solver']
2026-06-15 12:33:16 | INFO     | exact.type2.pipeline | request_id=NL328 | task_type=type2_physics | Start Type 2 deterministic-first pipeline
2026-06-15 12:33:17 | INFO     | api_router.predict | request_id=NL110 | task_type=TaskType.TYPE2_PHYSICS | Received prediction request: type='type2' id='NL110'
2026-06-15 12:33:17 | INFO     | api_router.predict | request_id=NL110 | task_type=TaskType.TYPE2_PHYSICS | Running Type 2 pipeline
2026-06-15 12:33:18 | INFO     | exact.type2.pipeline | request_id=NL346 | task_type=type2_physics | Type 2 extraction: kind=numerical target=charge quantities=['energy', 'voltage'] extraction_ok=True formulas=('charge_from_capacitor_energy_capacitance', 'charge_from_capacitance_voltage', 'charge_parallel_plate_circular_air_capacitor', 'charge_from_current_time', 'coulomb_equal_charges_from_force', 'capacitance_from_energy_voltage', 'energy_connected_capacitor_insert_dielectric', 'electrical_energy_from_voltage_charge', 'capacitor_energy_from_charge_voltage', 'voltage_disconnected_capacitor_insert_dielectric') route=conceptual_reasoning eligible=['text_solver']
2026-06-15 12:33:21 | INFO     | api_router.predict | request_id=NL324 | task_type=TaskType.TYPE2_PHYSICS | Received prediction request: type='type2' id='NL324'
2026-06-15 12:33:21 | INFO     | api_router.predict | request_id=NL324 | task_type=TaskType.TYPE2_PHYSICS | Running Type 2 pipeline
2026-06-15 12:33:22 | INFO     | exact.type2.pipeline | request_id=NL361 | task_type=type2_physics | Type 2 extraction: kind=numerical target=electric_field_energy quantities=['capacitance', 'voltage', 'voltage_2'] extraction_ok=True formulas=('capacitor_energy', 'energy_connected_capacitor_insert_dielectric', 'ideal_transformer_secondary_current', 'energy_disconnected_capacitor_insert_dielectric', 'charge_from_capacitance_voltage', 'series_voltage_two', 'series_voltage_three', 'voltage_from_capacitor_energy_capacitance', 'voltage_connected_capacitor_distance_changed', 'capacitance_from_energy_voltage') route=direct_formula eligible=['formula_executor']
2026-06-15 12:33:22 | INFO     | exact.type2.pipeline | request_id=NL328 | task_type=type2_physics | Type 2 extraction: kind=conceptual target=electric_field_energy quantities=['distance_between_plates'] extraction_ok=True formulas=('DefinitionOfElectricFlux', 'ElectricFieldDueToAnInfiniteLineOfCharge', 'voltage_disconnected_capacitor_distance_doubled', 'ElectricFieldOfAPointCharge', 'net_force_midpoint_between_opposite_equal_charges', 'net_force_three_charges_triangle_on_q3', 'deflection_angle_uniform_field', 'DefinitionOfElectricSusceptibility', 'ElectricFieldDueToAnInfiniteFlatSurfaceOfCharge', 'ElectricFieldInTermsOfPotentials') route=multi_step_formula eligible=['text_solver', 'formula_executor']
2026-06-15 12:33:24 | INFO     | exact.type2.pipeline | request_id=NL329 | task_type=type2_physics | Start Type 2 deterministic-first pipeline
2026-06-15 12:33:24 | INFO     | api_router.predict | request_id=NL126 | task_type=TaskType.TYPE2_PHYSICS | Received prediction request: type='type2' id='NL126'
2026-06-15 12:33:24 | INFO     | api_router.predict | request_id=NL126 | task_type=TaskType.TYPE2_PHYSICS | Running Type 2 pipeline
2026-06-15 12:33:25 | INFO     | api_router.predict | request_id=NL117 | task_type=TaskType.TYPE2_PHYSICS | Received prediction request: type='type2' id='NL117'
2026-06-15 12:33:25 | INFO     | api_router.predict | request_id=NL117 | task_type=TaskType.TYPE2_PHYSICS | Running Type 2 pipeline
2026-06-15 12:33:27 | INFO     | api_router.predict | request_id=NL087 | task_type=TaskType.TYPE2_PHYSICS | Received prediction request: type='type2' id='NL087'
2026-06-15 12:33:27 | INFO     | api_router.predict | request_id=NL087 | task_type=TaskType.TYPE2_PHYSICS | Running Type 2 pipeline
2026-06-15 12:33:27 | INFO     | api_router.predict | request_id=NL389 | task_type=TaskType.TYPE2_PHYSICS | Received prediction request: type='type2' id='NL389'
2026-06-15 12:33:27 | INFO     | api_router.predict | request_id=NL389 | task_type=TaskType.TYPE2_PHYSICS | Running Type 2 pipeline
2026-06-15 12:33:28 | INFO     | api_router.predict | request_id=NL032 | task_type=TaskType.TYPE2_PHYSICS | Received prediction request: type='type2' id='NL032'
2026-06-15 12:33:28 | INFO     | api_router.predict | request_id=NL032 | task_type=TaskType.TYPE2_PHYSICS | Running Type 2 pipeline
2026-06-15 12:33:28 | INFO     | api_router.predict | request_id=NL096 | task_type=TaskType.TYPE2_PHYSICS | Received prediction request: type='type2' id='NL096'
2026-06-15 12:33:28 | INFO     | api_router.predict | request_id=NL096 | task_type=TaskType.TYPE2_PHYSICS | Running Type 2 pipeline
2026-06-15 12:33:29 | INFO     | api_router.predict | request_id=NL106 | task_type=TaskType.TYPE2_PHYSICS | Received prediction request: type='type2' id='NL106'
2026-06-15 12:33:29 | INFO     | api_router.predict | request_id=NL106 | task_type=TaskType.TYPE2_PHYSICS | Running Type 2 pipeline
2026-06-15 12:33:29 | INFO     | exact.type2.pipeline | request_id=NL032 | task_type=type2_physics | Start Type 2 deterministic-first pipeline
2026-06-15 12:33:30 | INFO     | exact.type2.pipeline | request_id=NL329 | task_type=type2_physics | Type 2 extraction: kind=conceptual target=electric_field_energy quantities=[] extraction_ok=True formulas=('FlowRateOfElectromagneticMomentum', 'ElectricFieldInTermsOfPotentials', 'deflection_angle_uniform_field', 'DefinitionOfElectricFlux', 'IntensityOfAnElectromagneticWaveInTermsOfThePoyntingVector', 'MagneticFieldInAnInfiniteSolenoid', 'PotentialEnergyOfAnElectricDipole', 'SpeedOfElectromagneticWavesInMatter', 'TransformerPowerEquation', 'energy_from_power_time') route=vector_superposition eligible=['text_solver']
2026-06-15 12:33:30 | INFO     | api_router.predict | request_id=NL027 | task_type=TaskType.TYPE2_PHYSICS | Received prediction request: type='type2' id='NL027'
2026-06-15 12:33:30 | INFO     | api_router.predict | request_id=NL027 | task_type=TaskType.TYPE2_PHYSICS | Running Type 2 pipeline
2026-06-15 12:33:31 | INFO     | exact.type2.pipeline | request_id=NL106 | task_type=type2_physics | Start Type 2 deterministic-first pipeline
2026-06-15 12:33:31 | INFO     | exact.type2.pipeline | request_id=NL027 | task_type=type2_physics | Start Type 2 deterministic-first pipeline
2026-06-15 12:33:34 | INFO     | exact.type2.pipeline | request_id=NL106 | task_type=type2_physics | Type 2 extraction: kind=numerical target=capacitance quantities=['energy', 'stored_energy', 'voltage'] extraction_ok=True formulas=('capacitance_from_energy_voltage', 'capacitance_from_charge_voltage', 'capacitance_parallel_plate_distance_doubled', 'parallel_plate_capacitance_air', 'series_capacitance_two', 'parallel_capacitance', 'series_capacitance_three', 'parallel_capacitance_three', 'voltage_from_capacitor_energy_capacitance', 'capacitor_energy') route=direct_formula eligible=['formula_executor']
2026-06-15 12:33:34 | INFO     | exact.type2.pipeline | request_id=NL324 | task_type=type2_physics | Start Type 2 deterministic-first pipeline
2026-06-15 12:33:34 | INFO     | exact.type2.pipeline | request_id=NL032 | task_type=type2_physics | Type 2 extraction: kind=numerical target=voltage quantities=['capacitance', 'energy'] extraction_ok=True formulas=('voltage_from_capacitor_energy_capacitance', 'voltage_from_charge_capacitance', 'voltage_connected_capacitor_insert_dielectric', 'voltage_connected_capacitor_distance_changed', 'voltage_disconnected_capacitor_insert_dielectric', 'voltage_disconnected_capacitor_distance_doubled', 'voltage_from_power_current', 'voltage_from_power_resistance', 'electric_potential_point_charge', 'induced_emf_from_inductance_current_change') route=direct_formula eligible=['formula_executor']
2026-06-15 12:33:37 | INFO     | exact.type2.pipeline | request_id=NL027 | task_type=type2_physics | Type 2 extraction: kind=numerical target=voltage quantities=['capacitance', 'energy', 'stored_energy'] extraction_ok=True formulas=('voltage_from_capacitor_energy_capacitance', 'voltage_from_charge_capacitance', 'voltage_connected_capacitor_insert_dielectric', 'voltage_connected_capacitor_distance_changed', 'voltage_disconnected_capacitor_insert_dielectric', 'voltage_disconnected_capacitor_distance_doubled', 'voltage_from_power_current', 'voltage_from_power_resistance', 'electric_potential_point_charge', 'induced_emf_from_inductance_current_change') route=direct_formula eligible=['formula_executor']
2026-06-15 12:33:45 | INFO     | exact.type2.pipeline | request_id=NL324 | task_type=type2_physics | Type 2 extraction: kind=conceptual target=shape of the graph of the electric field energy in a capacitor as a function of the distance 'd' between its plates quantities=['capacitance', 'charge', 'electric_field', 'energy', 'length'] extraction_ok=True formulas=('net_force_midpoint_between_opposite_equal_charges', 'electric_field_opposite_equal_charges_perpendicular_bisector', 'electric_field_midpoint_between_opposite_equal_charges', 'net_force_equal_coulomb_equilateral', 'electric_field_point_charge', 'force_from_field_charge', 'net_force_three_charges_triangle_on_q3', 'net_force_right_triangle_at_a_from_b_c', 'electric_field_two_equal_sources_equilateral', 'electric_field_two_equal_sources_right_angle') route=multi_step_formula eligible=['text_solver', 'formula_executor']
2026-06-15 12:35:07 | INFO     | api_router.predict | request_id=T1_0025_00 | task_type=TaskType.TYPE1_LOGIC | Received prediction request: type='type1' id='T1_0025_00'
2026-06-15 12:35:07 | INFO     | api_router.predict | request_id=T1_0025_00 | task_type=TaskType.TYPE1_LOGIC | Running Type 1 pipeline
2026-06-15 12:35:07 | INFO     | api_router.predict | request_id=T1_0097_00 | task_type=TaskType.TYPE1_LOGIC | Received prediction request: type='type1' id='T1_0097_00'
2026-06-15 12:35:07 | INFO     | api_router.predict | request_id=T1_0097_00 | task_type=TaskType.TYPE1_LOGIC | Running Type 1 pipeline
2026-06-15 12:35:07 | INFO     | api_router.predict | request_id=T1_0218_00 | task_type=TaskType.TYPE1_LOGIC | Received prediction request: type='type1' id='T1_0218_00'
2026-06-15 12:35:07 | INFO     | api_router.predict | request_id=T1_0218_00 | task_type=TaskType.TYPE1_LOGIC | Running Type 1 pipeline
2026-06-15 12:35:07 | INFO     | api_router.predict | request_id=T1_0255_00 | task_type=TaskType.TYPE1_LOGIC | Received prediction request: type='type1' id='T1_0255_00'
2026-06-15 12:35:07 | INFO     | api_router.predict | request_id=T1_0255_00 | task_type=TaskType.TYPE1_LOGIC | Running Type 1 pipeline
2026-06-15 12:35:07 | INFO     | api_router.predict | request_id=T1_0327_00 | task_type=TaskType.TYPE1_LOGIC | Received prediction request: type='type1' id='T1_0327_00'
2026-06-15 12:35:07 | INFO     | api_router.predict | request_id=T1_0327_00 | task_type=TaskType.TYPE1_LOGIC | Running Type 1 pipeline
2026-06-15 12:35:07 | INFO     | api_router.predict | request_id=T1_0385_00 | task_type=TaskType.TYPE1_LOGIC | Received prediction request: type='type1' id='T1_0385_00'
2026-06-15 12:35:07 | INFO     | api_router.predict | request_id=T1_0385_00 | task_type=TaskType.TYPE1_LOGIC | Running Type 1 pipeline
2026-06-15 12:35:07 | INFO     | api_router.predict | request_id=T1_0042_00 | task_type=TaskType.TYPE1_LOGIC | Received prediction request: type='type1' id='T1_0042_00'
2026-06-15 12:35:07 | INFO     | api_router.predict | request_id=T1_0042_00 | task_type=TaskType.TYPE1_LOGIC | Running Type 1 pipeline
2026-06-15 12:35:07 | INFO     | api_router.predict | request_id=T1_0053_00 | task_type=TaskType.TYPE1_LOGIC | Received prediction request: type='type1' id='T1_0053_00'
2026-06-15 12:35:07 | INFO     | api_router.predict | request_id=T1_0053_00 | task_type=TaskType.TYPE1_LOGIC | Running Type 1 pipeline
2026-06-15 12:35:45 | INFO     | api_router.predict | request_id=T1_0351_00 | task_type=TaskType.TYPE1_LOGIC | Received prediction request: type='type1' id='T1_0351_00'
2026-06-15 12:35:45 | INFO     | api_router.predict | request_id=T1_0351_00 | task_type=TaskType.TYPE1_LOGIC | Running Type 1 pipeline
2026-06-15 12:35:46 | INFO     | api_router.predict | request_id=T1_0240_00 | task_type=TaskType.TYPE1_LOGIC | Received prediction request: type='type1' id='T1_0240_00'
2026-06-15 12:35:46 | INFO     | api_router.predict | request_id=T1_0240_00 | task_type=TaskType.TYPE1_LOGIC | Running Type 1 pipeline
2026-06-15 12:35:50 | INFO     | api_router.predict | request_id=T1_0028_00 | task_type=TaskType.TYPE1_LOGIC | Received prediction request: type='type1' id='T1_0028_00'
2026-06-15 12:35:50 | INFO     | api_router.predict | request_id=T1_0028_00 | task_type=TaskType.TYPE1_LOGIC | Running Type 1 pipeline
2026-06-15 12:35:53 | INFO     | api_router.predict | request_id=T1_0312_00 | task_type=TaskType.TYPE1_LOGIC | Received prediction request: type='type1' id='T1_0312_00'
2026-06-15 12:35:53 | INFO     | api_router.predict | request_id=T1_0312_00 | task_type=TaskType.TYPE1_LOGIC | Running Type 1 pipeline
2026-06-15 12:36:02 | INFO     | api_router.predict | request_id=T1_0142_00 | task_type=TaskType.TYPE1_LOGIC | Received prediction request: type='type1' id='T1_0142_00'
2026-06-15 12:36:02 | INFO     | api_router.predict | request_id=T1_0142_00 | task_type=TaskType.TYPE1_LOGIC | Running Type 1 pipeline
2026-06-15 12:36:11 | INFO     | api_router.predict | request_id=T1_0021_00 | task_type=TaskType.TYPE1_LOGIC | Received prediction request: type='type1' id='T1_0021_00'
2026-06-15 12:36:11 | INFO     | api_router.predict | request_id=T1_0021_00 | task_type=TaskType.TYPE1_LOGIC | Running Type 1 pipeline
2026-06-15 12:36:12 | INFO     | api_router.predict | request_id=T1_0049_00 | task_type=TaskType.TYPE1_LOGIC | Received prediction request: type='type1' id='T1_0049_00'
2026-06-15 12:36:12 | INFO     | api_router.predict | request_id=T1_0049_00 | task_type=TaskType.TYPE1_LOGIC | Running Type 1 pipeline
2026-06-15 12:36:14 | INFO     | api_router.predict | request_id=T1_0179_01 | task_type=TaskType.TYPE1_LOGIC | Received prediction request: type='type1' id='T1_0179_01'
2026-06-15 12:36:14 | INFO     | api_router.predict | request_id=T1_0179_01 | task_type=TaskType.TYPE1_LOGIC | Running Type 1 pipeline
2026-06-15 12:36:22 | ERROR    | api_router.predict | request_id=T1_0351_00 | task_type=TaskType.TYPE1_LOGIC | Type 1 pipeline failed for 'T1_0351_00': IFF parser result requires a right operand
Traceback (most recent call last):
  File "/home/ubuntu/Exact2026/src/exact/app/router.py", line 201, in predict
    result = await run_type1_pipeline(
             ^^^^^^^^^^^^^^^^^^^^^^^^^
  File "/home/ubuntu/Exact2026/src/exact/type1/pipeline.py", line 62, in run_type1_pipeline
    q_bundle = await question_parser.parse_question(
               ^^^^^^^^^^^^^^^^^^^^^^^^^^^^^^^^^^^^^
  File "/home/ubuntu/Exact2026/src/exact/type1/parser/question_parser.py", line 94, in parse_question
    option_claims = await self._fill_option_fol(option_bundle.options, schema)
                    ^^^^^^^^^^^^^^^^^^^^^^^^^^^^^^^^^^^^^^^^^^^^^^^^^^^^^^^^^^
  File "/home/ubuntu/Exact2026/src/exact/type1/parser/question_parser.py", line 155, in _fill_option_fol
    fols, _ = await self.claim_parser.parse_claims(texts, schema)
              ^^^^^^^^^^^^^^^^^^^^^^^^^^^^^^^^^^^^^^^^^^^^^^^^^^^
  File "/home/ubuntu/Exact2026/src/exact/type1/parser/claim_parser.py", line 415, in parse_claims
    trees, renames, _diagnostics = await self.parse_claims_verbose(
                                   ^^^^^^^^^^^^^^^^^^^^^^^^^^^^^^^^
  File "/home/ubuntu/Exact2026/src/exact/type1/parser/claim_parser.py", line 443, in parse_claims_verbose
    trees = await self.compiler.compile_frames(frames, premise_schema=schema)
            ^^^^^^^^^^^^^^^^^^^^^^^^^^^^^^^^^^^^^^^^^^^^^^^^^^^^^^^^^^^^^^^^^
  File "/home/ubuntu/Exact2026/src/exact/type1/parser/claim_parser.py", line 271, in compile_frames
    await self.fol_parser.parse_many(batch, premise_schema=premise_schema)
  File "/home/ubuntu/Exact2026/src/exact/type1/parser/parser.py", line 90, in parse_many
    return list(await asyncio.gather(
                ^^^^^^^^^^^^^^^^^^^^^
  File "/home/ubuntu/Exact2026/src/exact/type1/parser/parser.py", line 131, in parse
    return simplify(await self._parse_logical(
                    ^^^^^^^^^^^^^^^^^^^^^^^^^^
  File "/home/ubuntu/Exact2026/src/exact/type1/parser/parser.py", line 243, in _parse_logical
    raise ValueError(f"{result.operator} parser result requires a right operand")
ValueError: IFF parser result requires a right operand
2026-06-15 12:36:23 | INFO     | api_router.predict | request_id=T1_0171_01 | task_type=TaskType.TYPE1_LOGIC | Received prediction request: type='type1' id='T1_0171_01'
2026-06-15 12:36:23 | INFO     | api_router.predict | request_id=T1_0171_01 | task_type=TaskType.TYPE1_LOGIC | Running Type 1 pipeline
2026-06-15 12:36:26 | INFO     | api_router.predict | request_id=T1_0037_01 | task_type=TaskType.TYPE1_LOGIC | Received prediction request: type='type1' id='T1_0037_01'
2026-06-15 12:36:26 | INFO     | api_router.predict | request_id=T1_0037_01 | task_type=TaskType.TYPE1_LOGIC | Running Type 1 pipeline
2026-06-15 12:36:33 | INFO     | api_router.predict | request_id=T1_0108_01 | task_type=TaskType.TYPE1_LOGIC | Received prediction request: type='type1' id='T1_0108_01'
2026-06-15 12:36:33 | INFO     | api_router.predict | request_id=T1_0108_01 | task_type=TaskType.TYPE1_LOGIC | Running Type 1 pipeline
2026-06-15 12:36:37 | INFO     | api_router.predict | request_id=T1_0048_01 | task_type=TaskType.TYPE1_LOGIC | Received prediction request: type='type1' id='T1_0048_01'
2026-06-15 12:36:37 | INFO     | api_router.predict | request_id=T1_0048_01 | task_type=TaskType.TYPE1_LOGIC | Running Type 1 pipeline
2026-06-15 12:36:40 | INFO     | api_router.predict | request_id=T1_0239_01 | task_type=TaskType.TYPE1_LOGIC | Received prediction request: type='type1' id='T1_0239_01'
2026-06-15 12:36:40 | INFO     | api_router.predict | request_id=T1_0239_01 | task_type=TaskType.TYPE1_LOGIC | Running Type 1 pipeline
2026-06-15 12:36:53 | INFO     | api_router.predict | request_id=T1_0174_01 | task_type=TaskType.TYPE1_LOGIC | Received prediction request: type='type1' id='T1_0174_01'
2026-06-15 12:36:53 | INFO     | api_router.predict | request_id=T1_0174_01 | task_type=TaskType.TYPE1_LOGIC | Running Type 1 pipeline
2026-06-15 12:36:53 | INFO     | api_router.predict | request_id=T1_0033_00 | task_type=TaskType.TYPE1_LOGIC | Received prediction request: type='type1' id='T1_0033_00'
2026-06-15 12:36:53 | INFO     | api_router.predict | request_id=T1_0033_00 | task_type=TaskType.TYPE1_LOGIC | Running Type 1 pipeline
2026-06-15 12:36:56 | INFO     | api_router.predict | request_id=T1_0385_01 | task_type=TaskType.TYPE1_LOGIC | Received prediction request: type='type1' id='T1_0385_01'
2026-06-15 12:36:56 | INFO     | api_router.predict | request_id=T1_0385_01 | task_type=TaskType.TYPE1_LOGIC | Running Type 1 pipeline
2026-06-15 12:37:14 | INFO     | api_router.predict | request_id=T1_0246_01 | task_type=TaskType.TYPE1_LOGIC | Received prediction request: type='type1' id='T1_0246_01'
2026-06-15 12:37:14 | INFO     | api_router.predict | request_id=T1_0246_01 | task_type=TaskType.TYPE1_LOGIC | Running Type 1 pipeline
2026-06-15 12:37:15 | INFO     | api_router.predict | request_id=T1_0102_01 | task_type=TaskType.TYPE1_LOGIC | Received prediction request: type='type1' id='T1_0102_01'
2026-06-15 12:37:15 | INFO     | api_router.predict | request_id=T1_0102_01 | task_type=TaskType.TYPE1_LOGIC | Running Type 1 pipeline
2026-06-15 12:37:15 | INFO     | api_router.predict | request_id=T1_0062_00 | task_type=TaskType.TYPE1_LOGIC | Received prediction request: type='type1' id='T1_0062_00'
2026-06-15 12:37:15 | INFO     | api_router.predict | request_id=T1_0062_00 | task_type=TaskType.TYPE1_LOGIC | Running Type 1 pipeline
2026-06-15 12:37:18 | INFO     | api_router.predict | request_id=T1_0281_01 | task_type=TaskType.TYPE1_LOGIC | Received prediction request: type='type1' id='T1_0281_01'
2026-06-15 12:37:18 | INFO     | api_router.predict | request_id=T1_0281_01 | task_type=TaskType.TYPE1_LOGIC | Running Type 1 pipeline
2026-06-15 12:37:37 | INFO     | api_router.predict | request_id=T1_0279_01 | task_type=TaskType.TYPE1_LOGIC | Received prediction request: type='type1' id='T1_0279_01'
2026-06-15 12:37:37 | INFO     | api_router.predict | request_id=T1_0279_01 | task_type=TaskType.TYPE1_LOGIC | Running Type 1 pipeline
2026-06-15 12:37:41 | INFO     | api_router.predict | request_id=T1_0255_01 | task_type=TaskType.TYPE1_LOGIC | Received prediction request: type='type1' id='T1_0255_01'
2026-06-15 12:37:41 | INFO     | api_router.predict | request_id=T1_0255_01 | task_type=TaskType.TYPE1_LOGIC | Running Type 1 pipeline
2026-06-15 12:37:43 | INFO     | api_router.predict | request_id=quick_type1_mc | task_type=TaskType.TYPE1_LOGIC | Received prediction request: type='type1' id='quick_type1_mc'
2026-06-15 12:37:43 | INFO     | api_router.predict | request_id=quick_type1_mc | task_type=TaskType.TYPE1_LOGIC | Running Type 1 pipeline
2026-06-15 12:38:07 | INFO     | api_router.predict | request_id=quick_type1_yes_no | task_type=TaskType.TYPE1_LOGIC | Received prediction request: type='type1' id='quick_type1_yes_no'
2026-06-15 12:38:07 | INFO     | api_router.predict | request_id=quick_type1_yes_no | task_type=TaskType.TYPE1_LOGIC | Running Type 1 pipeline
2026-06-15 12:38:25 | INFO     | api_router.predict | request_id=quick_type1_uncertain | task_type=TaskType.TYPE1_LOGIC | Received prediction request: type='type1' id='quick_type1_uncertain'
2026-06-15 12:38:25 | INFO     | api_router.predict | request_id=quick_type1_uncertain | task_type=TaskType.TYPE1_LOGIC | Running Type 1 pipeline
2026-06-15 12:38:43 | INFO     | api_router.predict | request_id=quick_type1_number | task_type=TaskType.TYPE1_LOGIC | Received prediction request: type='type1' id='quick_type1_number'
2026-06-15 12:38:43 | INFO     | api_router.predict | request_id=quick_type1_number | task_type=TaskType.TYPE1_LOGIC | Running Type 1 pipeline
2026-06-15 12:39:00 | INFO     | api_router.predict | request_id=quick_type1_text | task_type=TaskType.TYPE1_LOGIC | Received prediction request: type='type1' id='quick_type1_text'
2026-06-15 12:39:00 | INFO     | api_router.predict | request_id=quick_type1_text | task_type=TaskType.TYPE1_LOGIC | Running Type 1 pipeline
2026-06-15 12:39:20 | INFO     | api_router.predict | request_id=quick_type2_physics | task_type=TaskType.TYPE2_PHYSICS | Received prediction request: type='type2' id='quick_type2_physics'
2026-06-15 12:39:20 | INFO     | api_router.predict | request_id=quick_type2_physics | task_type=TaskType.TYPE2_PHYSICS | Running Type 2 pipeline
2026-06-15 12:39:21 | INFO     | exact.type2.pipeline | request_id=quick_type2_physics | task_type=type2_physics | Start Type 2 deterministic-first pipeline
2026-06-15 12:39:29 | INFO     | exact.type2.pipeline | request_id=quick_type2_physics | task_type=type2_physics | Type 2 extraction: kind=numerical target=energy stored in the capacitor quantities=['capacitance', 'energy_stored', 'voltage'] extraction_ok=True formulas=('capacitor_energy', 'energy_connected_capacitor_insert_dielectric', 'energy_disconnected_capacitor_insert_dielectric', 'charge_from_capacitance_voltage', 'voltage_from_capacitor_energy_capacitance', 'capacitance_from_energy_voltage', 'voltage_from_charge_capacitance', 'voltage_connected_capacitor_distance_changed', 'capacitance_from_charge_voltage', 'capacitor_energy_from_charge_voltage') route=direct_formula eligible=['formula_executor']
2026-06-15 12:40:02 | INFO     | api_router.predict | request_id=quick_type1_uncertain | task_type=TaskType.TYPE1_LOGIC | Received prediction request: type='type1' id='quick_type1_uncertain'
2026-06-15 12:40:02 | INFO     | api_router.predict | request_id=quick_type1_uncertain | task_type=TaskType.TYPE1_LOGIC | Running Type 1 pipeline
2026-06-15 12:50:26 | INFO     | watchfiles.main | request_id=- | task_type=- | 6 changes detected
2026-06-15 12:50:27 | INFO     | watchfiles.main | request_id=- | task_type=- | 9 changes detected
2026-06-15 12:51:21 | INFO     | api_router.predict | request_id=quick_type1_uncertain | task_type=TaskType.TYPE1_LOGIC | Received prediction request: type='type1' id='quick_type1_uncertain'
2026-06-15 12:51:21 | INFO     | api_router.predict | request_id=quick_type1_uncertain | task_type=TaskType.TYPE1_LOGIC | Running Type 1 pipeline
2026-06-15 12:52:29 | INFO     | watchfiles.main | request_id=- | task_type=- | 6 changes detected
2026-06-15 12:52:30 | INFO     | watchfiles.main | request_id=- | task_type=- | 6 changes detected
2026-06-15 12:52:31 | INFO     | api_router.predict | request_id=quick_type1_uncertain | task_type=TaskType.TYPE1_LOGIC | Received prediction request: type='type1' id='quick_type1_uncertain'
2026-06-15 12:52:31 | INFO     | api_router.predict | request_id=quick_type1_uncertain | task_type=TaskType.TYPE1_LOGIC | Running Type 1 pipeline
2026-06-15 12:53:03 | INFO     | api_router.predict | request_id=reg | task_type=TaskType.TYPE1_LOGIC | Received prediction request: type='type1' id='reg'
2026-06-15 12:53:03 | INFO     | api_router.predict | request_id=reg | task_type=TaskType.TYPE1_LOGIC | Running Type 1 pipeline
2026-06-15 12:53:13 | INFO     | api_router.predict | request_id=reg | task_type=TaskType.TYPE1_LOGIC | Received prediction request: type='type1' id='reg'
2026-06-15 12:53:13 | INFO     | api_router.predict | request_id=reg | task_type=TaskType.TYPE1_LOGIC | Running Type 1 pipeline
2026-06-15 12:56:50 | INFO     | api_router.predict | request_id=T1_0077_00 | task_type=TaskType.TYPE1_LOGIC | Received prediction request: type='type1' id='T1_0077_00'
2026-06-15 12:56:50 | INFO     | api_router.predict | request_id=T1_0077_00 | task_type=TaskType.TYPE1_LOGIC | Running Type 1 pipeline
2026-06-15 12:56:50 | INFO     | api_router.predict | request_id=T1_0091_00 | task_type=TaskType.TYPE1_LOGIC | Received prediction request: type='type1' id='T1_0091_00'
2026-06-15 12:56:50 | INFO     | api_router.predict | request_id=T1_0091_00 | task_type=TaskType.TYPE1_LOGIC | Running Type 1 pipeline
2026-06-15 12:56:50 | INFO     | api_router.predict | request_id=T1_0379_00 | task_type=TaskType.TYPE1_LOGIC | Received prediction request: type='type1' id='T1_0379_00'
2026-06-15 12:56:50 | INFO     | api_router.predict | request_id=T1_0379_00 | task_type=TaskType.TYPE1_LOGIC | Running Type 1 pipeline
2026-06-15 12:56:50 | INFO     | api_router.predict | request_id=T1_0193_00 | task_type=TaskType.TYPE1_LOGIC | Received prediction request: type='type1' id='T1_0193_00'
2026-06-15 12:56:50 | INFO     | api_router.predict | request_id=T1_0193_00 | task_type=TaskType.TYPE1_LOGIC | Running Type 1 pipeline
2026-06-15 12:56:50 | INFO     | api_router.predict | request_id=T1_0167_00 | task_type=TaskType.TYPE1_LOGIC | Received prediction request: type='type1' id='T1_0167_00'
2026-06-15 12:56:50 | INFO     | api_router.predict | request_id=T1_0167_00 | task_type=TaskType.TYPE1_LOGIC | Running Type 1 pipeline
2026-06-15 12:56:50 | INFO     | api_router.predict | request_id=T1_0057_00 | task_type=TaskType.TYPE1_LOGIC | Received prediction request: type='type1' id='T1_0057_00'
2026-06-15 12:56:50 | INFO     | api_router.predict | request_id=T1_0057_00 | task_type=TaskType.TYPE1_LOGIC | Running Type 1 pipeline
2026-06-15 12:56:50 | INFO     | api_router.predict | request_id=T1_0178_00 | task_type=TaskType.TYPE1_LOGIC | Received prediction request: type='type1' id='T1_0178_00'
2026-06-15 12:56:50 | INFO     | api_router.predict | request_id=T1_0178_00 | task_type=TaskType.TYPE1_LOGIC | Running Type 1 pipeline
2026-06-15 12:56:50 | INFO     | api_router.predict | request_id=T1_0012_00 | task_type=TaskType.TYPE1_LOGIC | Received prediction request: type='type1' id='T1_0012_00'
2026-06-15 12:56:50 | INFO     | api_router.predict | request_id=T1_0012_00 | task_type=TaskType.TYPE1_LOGIC | Running Type 1 pipeline
2026-06-15 12:57:27 | INFO     | api_router.predict | request_id=T1_0398_01 | task_type=TaskType.TYPE1_LOGIC | Received prediction request: type='type1' id='T1_0398_01'
2026-06-15 12:57:27 | INFO     | api_router.predict | request_id=T1_0398_01 | task_type=TaskType.TYPE1_LOGIC | Running Type 1 pipeline
2026-06-15 12:57:28 | INFO     | api_router.predict | request_id=T1_0332_00 | task_type=TaskType.TYPE1_LOGIC | Received prediction request: type='type1' id='T1_0332_00'
2026-06-15 12:57:28 | INFO     | api_router.predict | request_id=T1_0332_00 | task_type=TaskType.TYPE1_LOGIC | Running Type 1 pipeline
2026-06-15 12:57:37 | INFO     | api_router.predict | request_id=T1_0049_00 | task_type=TaskType.TYPE1_LOGIC | Received prediction request: type='type1' id='T1_0049_00'
2026-06-15 12:57:37 | INFO     | api_router.predict | request_id=T1_0049_00 | task_type=TaskType.TYPE1_LOGIC | Running Type 1 pipeline
2026-06-15 12:57:40 | INFO     | api_router.predict | request_id=T1_0355_00 | task_type=TaskType.TYPE1_LOGIC | Received prediction request: type='type1' id='T1_0355_00'
2026-06-15 12:57:40 | INFO     | api_router.predict | request_id=T1_0355_00 | task_type=TaskType.TYPE1_LOGIC | Running Type 1 pipeline
2026-06-15 12:57:49 | INFO     | api_router.predict | request_id=T1_0052_00 | task_type=TaskType.TYPE1_LOGIC | Received prediction request: type='type1' id='T1_0052_00'
2026-06-15 12:57:49 | INFO     | api_router.predict | request_id=T1_0052_00 | task_type=TaskType.TYPE1_LOGIC | Running Type 1 pipeline
2026-06-15 12:57:50 | INFO     | api_router.predict | request_id=T1_0269_00 | task_type=TaskType.TYPE1_LOGIC | Received prediction request: type='type1' id='T1_0269_00'
2026-06-15 12:57:50 | INFO     | api_router.predict | request_id=T1_0269_00 | task_type=TaskType.TYPE1_LOGIC | Running Type 1 pipeline
2026-06-15 12:57:50 | INFO     | api_router.predict | request_id=T1_0015_00 | task_type=TaskType.TYPE1_LOGIC | Received prediction request: type='type1' id='T1_0015_00'
2026-06-15 12:57:50 | INFO     | api_router.predict | request_id=T1_0015_00 | task_type=TaskType.TYPE1_LOGIC | Running Type 1 pipeline
2026-06-15 12:57:50 | INFO     | api_router.predict | request_id=T1_0016_00 | task_type=TaskType.TYPE1_LOGIC | Received prediction request: type='type1' id='T1_0016_00'
2026-06-15 12:57:50 | INFO     | api_router.predict | request_id=T1_0016_00 | task_type=TaskType.TYPE1_LOGIC | Running Type 1 pipeline
2026-06-15 12:57:51 | INFO     | api_router.predict | request_id=T1_0144_00 | task_type=TaskType.TYPE1_LOGIC | Received prediction request: type='type1' id='T1_0144_00'
2026-06-15 12:57:51 | INFO     | api_router.predict | request_id=T1_0144_00 | task_type=TaskType.TYPE1_LOGIC | Running Type 1 pipeline
2026-06-15 12:57:53 | INFO     | api_router.predict | request_id=T1_0172_00 | task_type=TaskType.TYPE1_LOGIC | Received prediction request: type='type1' id='T1_0172_00'
2026-06-15 12:57:53 | INFO     | api_router.predict | request_id=T1_0172_00 | task_type=TaskType.TYPE1_LOGIC | Running Type 1 pipeline
2026-06-15 12:58:19 | INFO     | api_router.predict | request_id=T1_0311_00 | task_type=TaskType.TYPE1_LOGIC | Received prediction request: type='type1' id='T1_0311_00'
2026-06-15 12:58:19 | INFO     | api_router.predict | request_id=T1_0311_00 | task_type=TaskType.TYPE1_LOGIC | Running Type 1 pipeline
2026-06-15 12:58:19 | INFO     | api_router.predict | request_id=T1_0360_00 | task_type=TaskType.TYPE1_LOGIC | Received prediction request: type='type1' id='T1_0360_00'
2026-06-15 12:58:19 | INFO     | api_router.predict | request_id=T1_0360_00 | task_type=TaskType.TYPE1_LOGIC | Running Type 1 pipeline
2026-06-15 12:58:20 | INFO     | api_router.predict | request_id=T1_0013_00 | task_type=TaskType.TYPE1_LOGIC | Received prediction request: type='type1' id='T1_0013_00'
2026-06-15 12:58:20 | INFO     | api_router.predict | request_id=T1_0013_00 | task_type=TaskType.TYPE1_LOGIC | Running Type 1 pipeline
2026-06-15 12:58:20 | INFO     | api_router.predict | request_id=T1_0340_00 | task_type=TaskType.TYPE1_LOGIC | Received prediction request: type='type1' id='T1_0340_00'
2026-06-15 12:58:20 | INFO     | api_router.predict | request_id=T1_0340_00 | task_type=TaskType.TYPE1_LOGIC | Running Type 1 pipeline
2026-06-15 12:58:24 | INFO     | api_router.predict | request_id=T1_0134_00 | task_type=TaskType.TYPE1_LOGIC | Received prediction request: type='type1' id='T1_0134_00'
2026-06-15 12:58:24 | INFO     | api_router.predict | request_id=T1_0134_00 | task_type=TaskType.TYPE1_LOGIC | Running Type 1 pipeline
2026-06-15 12:58:37 | INFO     | api_router.predict | request_id=T1_0384_00 | task_type=TaskType.TYPE1_LOGIC | Received prediction request: type='type1' id='T1_0384_00'
2026-06-15 12:58:37 | INFO     | api_router.predict | request_id=T1_0384_00 | task_type=TaskType.TYPE1_LOGIC | Running Type 1 pipeline
2026-06-15 12:58:49 | INFO     | api_router.predict | request_id=T1_0267_00 | task_type=TaskType.TYPE1_LOGIC | Received prediction request: type='type1' id='T1_0267_00'
2026-06-15 12:58:49 | INFO     | api_router.predict | request_id=T1_0267_00 | task_type=TaskType.TYPE1_LOGIC | Running Type 1 pipeline
2026-06-15 12:58:52 | INFO     | api_router.predict | request_id=T1_0100_01 | task_type=TaskType.TYPE1_LOGIC | Received prediction request: type='type1' id='T1_0100_01'
2026-06-15 12:58:52 | INFO     | api_router.predict | request_id=T1_0100_01 | task_type=TaskType.TYPE1_LOGIC | Running Type 1 pipeline
2026-06-15 12:58:53 | INFO     | api_router.predict | request_id=T1_0186_01 | task_type=TaskType.TYPE1_LOGIC | Received prediction request: type='type1' id='T1_0186_01'
2026-06-15 12:58:53 | INFO     | api_router.predict | request_id=T1_0186_01 | task_type=TaskType.TYPE1_LOGIC | Running Type 1 pipeline
2026-06-15 12:58:59 | INFO     | api_router.predict | request_id=T1_0258_01 | task_type=TaskType.TYPE1_LOGIC | Received prediction request: type='type1' id='T1_0258_01'
2026-06-15 12:58:59 | INFO     | api_router.predict | request_id=T1_0258_01 | task_type=TaskType.TYPE1_LOGIC | Running Type 1 pipeline
2026-06-15 12:59:04 | INFO     | api_router.predict | request_id=T1_0121_01 | task_type=TaskType.TYPE1_LOGIC | Received prediction request: type='type1' id='T1_0121_01'
2026-06-15 12:59:04 | INFO     | api_router.predict | request_id=T1_0121_01 | task_type=TaskType.TYPE1_LOGIC | Running Type 1 pipeline
2026-06-15 12:59:05 | INFO     | api_router.predict | request_id=T1_0376_01 | task_type=TaskType.TYPE1_LOGIC | Received prediction request: type='type1' id='T1_0376_01'
2026-06-15 12:59:05 | INFO     | api_router.predict | request_id=T1_0376_01 | task_type=TaskType.TYPE1_LOGIC | Running Type 1 pipeline
2026-06-15 12:59:17 | INFO     | api_router.predict | request_id=T1_0407_01 | task_type=TaskType.TYPE1_LOGIC | Received prediction request: type='type1' id='T1_0407_01'
2026-06-15 12:59:17 | INFO     | api_router.predict | request_id=T1_0407_01 | task_type=TaskType.TYPE1_LOGIC | Running Type 1 pipeline
2026-06-15 12:59:31 | INFO     | api_router.predict | request_id=T1_0003_01 | task_type=TaskType.TYPE1_LOGIC | Received prediction request: type='type1' id='T1_0003_01'
2026-06-15 12:59:31 | INFO     | api_router.predict | request_id=T1_0003_01 | task_type=TaskType.TYPE1_LOGIC | Running Type 1 pipeline
2026-06-15 12:59:40 | INFO     | api_router.predict | request_id=T1_0349_01 | task_type=TaskType.TYPE1_LOGIC | Received prediction request: type='type1' id='T1_0349_01'
2026-06-15 12:59:40 | INFO     | api_router.predict | request_id=T1_0349_01 | task_type=TaskType.TYPE1_LOGIC | Running Type 1 pipeline
2026-06-15 12:59:41 | INFO     | api_router.predict | request_id=T1_0374_01 | task_type=TaskType.TYPE1_LOGIC | Received prediction request: type='type1' id='T1_0374_01'
2026-06-15 12:59:41 | INFO     | api_router.predict | request_id=T1_0374_01 | task_type=TaskType.TYPE1_LOGIC | Running Type 1 pipeline
2026-06-15 12:59:43 | INFO     | api_router.predict | request_id=T1_0071_00 | task_type=TaskType.TYPE1_LOGIC | Received prediction request: type='type1' id='T1_0071_00'
2026-06-15 12:59:43 | INFO     | api_router.predict | request_id=T1_0071_00 | task_type=TaskType.TYPE1_LOGIC | Running Type 1 pipeline
2026-06-15 12:59:49 | INFO     | api_router.predict | request_id=T1_0318_01 | task_type=TaskType.TYPE1_LOGIC | Received prediction request: type='type1' id='T1_0318_01'
2026-06-15 12:59:49 | INFO     | api_router.predict | request_id=T1_0318_01 | task_type=TaskType.TYPE1_LOGIC | Running Type 1 pipeline
2026-06-15 12:59:50 | INFO     | api_router.predict | request_id=T1_0173_01 | task_type=TaskType.TYPE1_LOGIC | Received prediction request: type='type1' id='T1_0173_01'
2026-06-15 12:59:50 | INFO     | api_router.predict | request_id=T1_0173_01 | task_type=TaskType.TYPE1_LOGIC | Running Type 1 pipeline
2026-06-15 12:59:52 | INFO     | api_router.predict | request_id=T1_0149_00 | task_type=TaskType.TYPE1_LOGIC | Received prediction request: type='type1' id='T1_0149_00'
2026-06-15 12:59:52 | INFO     | api_router.predict | request_id=T1_0149_00 | task_type=TaskType.TYPE1_LOGIC | Running Type 1 pipeline
2026-06-15 12:59:59 | INFO     | api_router.predict | request_id=T1_0070_00 | task_type=TaskType.TYPE1_LOGIC | Received prediction request: type='type1' id='T1_0070_00'
2026-06-15 12:59:59 | INFO     | api_router.predict | request_id=T1_0070_00 | task_type=TaskType.TYPE1_LOGIC | Running Type 1 pipeline
2026-06-15 13:00:07 | INFO     | api_router.predict | request_id=T1_0098_01 | task_type=TaskType.TYPE1_LOGIC | Received prediction request: type='type1' id='T1_0098_01'
2026-06-15 13:00:07 | INFO     | api_router.predict | request_id=T1_0098_01 | task_type=TaskType.TYPE1_LOGIC | Running Type 1 pipeline
2026-06-15 13:00:34 | INFO     | api_router.predict | request_id=T1_0351_01 | task_type=TaskType.TYPE1_LOGIC | Received prediction request: type='type1' id='T1_0351_01'
2026-06-15 13:00:34 | INFO     | api_router.predict | request_id=T1_0351_01 | task_type=TaskType.TYPE1_LOGIC | Running Type 1 pipeline
2026-06-15 13:00:35 | INFO     | api_router.predict | request_id=T1_0148_00 | task_type=TaskType.TYPE1_LOGIC | Received prediction request: type='type1' id='T1_0148_00'
2026-06-15 13:00:35 | INFO     | api_router.predict | request_id=T1_0148_00 | task_type=TaskType.TYPE1_LOGIC | Running Type 1 pipeline
2026-06-15 13:00:35 | INFO     | api_router.predict | request_id=T1_0054_01 | task_type=TaskType.TYPE1_LOGIC | Received prediction request: type='type1' id='T1_0054_01'
2026-06-15 13:00:35 | INFO     | api_router.predict | request_id=T1_0054_01 | task_type=TaskType.TYPE1_LOGIC | Running Type 1 pipeline
2026-06-15 13:00:36 | INFO     | api_router.predict | request_id=T1_0049_01 | task_type=TaskType.TYPE1_LOGIC | Received prediction request: type='type1' id='T1_0049_01'
2026-06-15 13:00:36 | INFO     | api_router.predict | request_id=T1_0049_01 | task_type=TaskType.TYPE1_LOGIC | Running Type 1 pipeline
2026-06-15 13:00:50 | INFO     | api_router.predict | request_id=T1_0159_00 | task_type=TaskType.TYPE1_LOGIC | Received prediction request: type='type1' id='T1_0159_00'
2026-06-15 13:00:50 | INFO     | api_router.predict | request_id=T1_0159_00 | task_type=TaskType.TYPE1_LOGIC | Running Type 1 pipeline
2026-06-15 13:00:53 | INFO     | api_router.predict | request_id=T1_0051_01 | task_type=TaskType.TYPE1_LOGIC | Received prediction request: type='type1' id='T1_0051_01'
2026-06-15 13:00:53 | INFO     | api_router.predict | request_id=T1_0051_01 | task_type=TaskType.TYPE1_LOGIC | Running Type 1 pipeline
2026-06-15 13:00:55 | INFO     | api_router.predict | request_id=T1_0153_01 | task_type=TaskType.TYPE1_LOGIC | Received prediction request: type='type1' id='T1_0153_01'
2026-06-15 13:00:55 | INFO     | api_router.predict | request_id=T1_0153_01 | task_type=TaskType.TYPE1_LOGIC | Running Type 1 pipeline
2026-06-15 13:01:07 | INFO     | api_router.predict | request_id=T1_0395_00 | task_type=TaskType.TYPE1_LOGIC | Received prediction request: type='type1' id='T1_0395_00'
2026-06-15 13:01:07 | INFO     | api_router.predict | request_id=T1_0395_00 | task_type=TaskType.TYPE1_LOGIC | Running Type 1 pipeline
2026-06-15 13:01:31 | INFO     | api_router.predict | request_id=T1_0150_00 | task_type=TaskType.TYPE1_LOGIC | Received prediction request: type='type1' id='T1_0150_00'
2026-06-15 13:01:31 | INFO     | api_router.predict | request_id=T1_0150_00 | task_type=TaskType.TYPE1_LOGIC | Running Type 1 pipeline
2026-06-15 13:01:34 | INFO     | api_router.predict | request_id=T1_0266_01 | task_type=TaskType.TYPE1_LOGIC | Received prediction request: type='type1' id='T1_0266_01'
2026-06-15 13:01:34 | INFO     | api_router.predict | request_id=T1_0266_01 | task_type=TaskType.TYPE1_LOGIC | Running Type 1 pipeline
2026-06-15 13:01:34 | INFO     | api_router.predict | request_id=NL343 | task_type=TaskType.TYPE2_PHYSICS | Received prediction request: type='type2' id='NL343'
2026-06-15 13:01:34 | INFO     | api_router.predict | request_id=NL343 | task_type=TaskType.TYPE2_PHYSICS | Running Type 2 pipeline
2026-06-15 13:01:35 | INFO     | api_router.predict | request_id=NL016 | task_type=TaskType.TYPE2_PHYSICS | Received prediction request: type='type2' id='NL016'
2026-06-15 13:01:35 | INFO     | api_router.predict | request_id=NL016 | task_type=TaskType.TYPE2_PHYSICS | Running Type 2 pipeline
2026-06-15 13:01:36 | INFO     | api_router.predict | request_id=NL355 | task_type=TaskType.TYPE2_PHYSICS | Received prediction request: type='type2' id='NL355'
2026-06-15 13:01:36 | INFO     | api_router.predict | request_id=NL355 | task_type=TaskType.TYPE2_PHYSICS | Running Type 2 pipeline
2026-06-15 13:01:37 | INFO     | exact.type2.pipeline | request_id=NL343 | task_type=type2_physics | Start Type 2 deterministic-first pipeline
2026-06-15 13:01:37 | INFO     | exact.type2.pipeline | request_id=NL355 | task_type=type2_physics | Start Type 2 deterministic-first pipeline
2026-06-15 13:01:41 | INFO     | api_router.predict | request_id=NL039 | task_type=TaskType.TYPE2_PHYSICS | Received prediction request: type='type2' id='NL039'
2026-06-15 13:01:41 | INFO     | api_router.predict | request_id=NL039 | task_type=TaskType.TYPE2_PHYSICS | Running Type 2 pipeline
2026-06-15 13:01:41 | INFO     | exact.type2.pipeline | request_id=NL343 | task_type=type2_physics | Type 2 extraction: kind=numerical target=energy quantities=['capacitance', 'charge'] extraction_ok=True formulas=('capacitor_energy_from_charge_capacitance', 'capacitor_energy', 'capacitor_energy_from_charge_voltage', 'energy_disconnected_capacitor_insert_dielectric', 'energy_connected_capacitor_insert_dielectric', 'electric_potential_energy_two_point_charges', 'electrical_energy_from_voltage_charge', 'work_from_force_distance', 'heat_from_mass_specific_heat_temperature_change', 'heat_from_fuel_mass_calorific_value') route=direct_formula eligible=['formula_executor']
2026-06-15 13:01:41 | INFO     | api_router.predict | request_id=NL333 | task_type=TaskType.TYPE2_PHYSICS | Received prediction request: type='type2' id='NL333'
2026-06-15 13:01:41 | INFO     | api_router.predict | request_id=NL333 | task_type=TaskType.TYPE2_PHYSICS | Running Type 2 pipeline
2026-06-15 13:01:41 | INFO     | api_router.predict | request_id=NL331 | task_type=TaskType.TYPE2_PHYSICS | Received prediction request: type='type2' id='NL331'
2026-06-15 13:01:41 | INFO     | api_router.predict | request_id=NL331 | task_type=TaskType.TYPE2_PHYSICS | Running Type 2 pipeline
2026-06-15 13:01:43 | INFO     | exact.type2.pipeline | request_id=NL355 | task_type=type2_physics | Type 2 extraction: kind=numerical target=stored_energy quantities=['capacitance', 'charge'] extraction_ok=True formulas=('capacitor_energy', 'capacitor_energy_from_charge_capacitance', 'voltage_from_charge_capacitance', 'energy_disconnected_capacitor_insert_dielectric', 'energy_connected_capacitor_insert_dielectric', 'capacitance_from_charge_voltage', 'capacitor_energy_from_charge_voltage', 'charge_from_capacitor_energy_capacitance', 'charge_from_capacitance_voltage', 'voltage_from_capacitor_energy_capacitance') route=direct_formula eligible=['formula_executor']
2026-06-15 13:01:43 | INFO     | exact.type2.pipeline | request_id=NL333 | task_type=type2_physics | Start Type 2 deterministic-first pipeline
2026-06-15 13:01:43 | INFO     | api_router.predict | request_id=NL376 | task_type=TaskType.TYPE2_PHYSICS | Received prediction request: type='type2' id='NL376'
2026-06-15 13:01:43 | INFO     | api_router.predict | request_id=NL376 | task_type=TaskType.TYPE2_PHYSICS | Running Type 2 pipeline
2026-06-15 13:01:46 | INFO     | exact.type2.pipeline | request_id=NL333 | task_type=type2_physics | Type 2 extraction: kind=numerical target=capacitance quantities=['energy', 'voltage'] extraction_ok=True formulas=('capacitance_from_energy_voltage', 'capacitance_from_charge_voltage', 'capacitance_parallel_plate_distance_doubled', 'parallel_plate_capacitance_air', 'series_capacitance_two', 'parallel_capacitance', 'series_capacitance_three', 'parallel_capacitance_three', 'capacitor_energy', 'capacitor_energy_from_charge_voltage') route=direct_formula eligible=['formula_executor']
2026-06-15 13:01:47 | INFO     | api_router.predict | request_id=NL320 | task_type=TaskType.TYPE2_PHYSICS | Received prediction request: type='type2' id='NL320'
2026-06-15 13:01:47 | INFO     | api_router.predict | request_id=NL320 | task_type=TaskType.TYPE2_PHYSICS | Running Type 2 pipeline
2026-06-15 13:01:48 | INFO     | api_router.predict | request_id=NL349 | task_type=TaskType.TYPE2_PHYSICS | Received prediction request: type='type2' id='NL349'
2026-06-15 13:01:48 | INFO     | api_router.predict | request_id=NL349 | task_type=TaskType.TYPE2_PHYSICS | Running Type 2 pipeline
2026-06-15 13:01:49 | INFO     | exact.type2.pipeline | request_id=NL039 | task_type=type2_physics | Start Type 2 deterministic-first pipeline
2026-06-15 13:01:50 | INFO     | exact.type2.pipeline | request_id=NL349 | task_type=type2_physics | Start Type 2 deterministic-first pipeline
2026-06-15 13:01:50 | INFO     | api_router.predict | request_id=NL323 | task_type=TaskType.TYPE2_PHYSICS | Received prediction request: type='type2' id='NL323'
2026-06-15 13:01:50 | INFO     | api_router.predict | request_id=NL323 | task_type=TaskType.TYPE2_PHYSICS | Running Type 2 pipeline
2026-06-15 13:01:51 | INFO     | api_router.predict | request_id=NL311 | task_type=TaskType.TYPE2_PHYSICS | Received prediction request: type='type2' id='NL311'
2026-06-15 13:01:51 | INFO     | api_router.predict | request_id=NL311 | task_type=TaskType.TYPE2_PHYSICS | Running Type 2 pipeline
2026-06-15 13:01:51 | INFO     | exact.type2.pipeline | request_id=NL376 | task_type=type2_physics | Start Type 2 deterministic-first pipeline
2026-06-15 13:01:52 | INFO     | exact.type2.pipeline | request_id=NL311 | task_type=type2_physics | Start Type 2 deterministic-first pipeline
2026-06-15 13:01:55 | INFO     | api_router.predict | request_id=NL028 | task_type=TaskType.TYPE2_PHYSICS | Received prediction request: type='type2' id='NL028'
2026-06-15 13:01:55 | INFO     | api_router.predict | request_id=NL028 | task_type=TaskType.TYPE2_PHYSICS | Running Type 2 pipeline
2026-06-15 13:01:56 | INFO     | api_router.predict | request_id=NL339 | task_type=TaskType.TYPE2_PHYSICS | Received prediction request: type='type2' id='NL339'
2026-06-15 13:01:56 | INFO     | api_router.predict | request_id=NL339 | task_type=TaskType.TYPE2_PHYSICS | Running Type 2 pipeline
2026-06-15 13:01:57 | INFO     | exact.type2.pipeline | request_id=NL323 | task_type=type2_physics | Start Type 2 deterministic-first pipeline
2026-06-15 13:01:58 | INFO     | exact.type2.pipeline | request_id=NL349 | task_type=type2_physics | Type 2 extraction: kind=numerical target=magnetic_energy quantities=['current', 'inductance', 'time'] extraction_ok=True formulas=('inductor_energy', 'induced_emf_from_inductance_current_change', 'inductance_from_emf_current_change', 'electrical_energy_from_voltage_current_time', 'joule_heating_from_current_resistance_time', 'charge_from_current_time', 'inductance_from_energy_current', 'energy_from_power_time', 'current_from_charge_time', 'motion_distance_from_speed_time') route=direct_formula eligible=['formula_executor']
2026-06-15 13:01:58 | INFO     | exact.type2.pipeline | request_id=NL311 | task_type=type2_physics | Type 2 extraction: kind=conceptual target=energy stored in a capacitor quantities=['capacitance', 'energy_stored', 'voltage'] extraction_ok=True formulas=('energy_connected_capacitor_insert_dielectric', 'capacitor_energy', 'energy_disconnected_capacitor_insert_dielectric', 'charge_from_capacitance_voltage', 'voltage_disconnected_capacitor_distance_doubled', 'voltage_from_charge_capacitance', 'capacitor_energy_from_charge_voltage', 'voltage_from_capacitor_energy_capacitance', 'voltage_disconnected_capacitor_insert_dielectric', 'capacitance_from_energy_voltage') route=multi_step_formula eligible=['text_solver', 'formula_executor']
2026-06-15 13:01:58 | INFO     | api_router.predict | request_id=NL123 | task_type=TaskType.TYPE2_PHYSICS | Received prediction request: type='type2' id='NL123'
2026-06-15 13:01:58 | INFO     | api_router.predict | request_id=NL123 | task_type=TaskType.TYPE2_PHYSICS | Running Type 2 pipeline
2026-06-15 13:02:00 | INFO     | api_router.predict | request_id=NL109 | task_type=TaskType.TYPE2_PHYSICS | Received prediction request: type='type2' id='NL109'
2026-06-15 13:02:00 | INFO     | api_router.predict | request_id=NL109 | task_type=TaskType.TYPE2_PHYSICS | Running Type 2 pipeline
2026-06-15 13:02:00 | INFO     | exact.type2.pipeline | request_id=NL376 | task_type=type2_physics | Type 2 extraction: kind=numerical target=instantaneous voltage across the capacitor quantities=['capacitance', 'electric_field_energy', 'energy', 'energy_2', 'total_oscillation_energy'] extraction_ok=True formulas=('voltage_from_capacitor_energy_capacitance', 'charge_from_capacitor_energy_capacitance', 'efficiency_from_useful_total_energy', 'energy_disconnected_capacitor_insert_dielectric', 'energy_connected_capacitor_insert_dielectric', 'lc_natural_period', 'capacitor_energy', 'lc_natural_frequency', 'lc_natural_angular_frequency', 'capacitance_from_energy_voltage') route=direct_formula eligible=['formula_executor']
2026-06-15 13:02:00 | INFO     | exact.type2.pipeline | request_id=NL039 | task_type=type2_physics | Type 2 extraction: kind=numerical target=instantaneous current quantities=['maximum_current'] extraction_ok=True formulas=('FlowRateOfElectromagneticMomentum', 'PotentialEnergyOfAnElectricDipole', 'DefinitionOfElectricFlux', 'DefinitionOfRelativePermittivity', 'MagneticFieldInAnInfiniteSolenoid', 'TransformerPowerEquation', 'ElectricFieldDueToAnInfiniteFlatSurfaceOfCharge', 'ElectricFieldDueToAnInfiniteLineOfCharge', 'ElectricFieldInTermsOfPotentials', 'IntensityOfAnElectromagneticWaveInTermsOfThePoyntingVector') route=conceptual_reasoning eligible=['text_solver']
2026-06-15 13:02:00 | INFO     | api_router.predict | request_id=NL352 | task_type=TaskType.TYPE2_PHYSICS | Received prediction request: type='type2' id='NL352'
2026-06-15 13:02:00 | INFO     | api_router.predict | request_id=NL352 | task_type=TaskType.TYPE2_PHYSICS | Running Type 2 pipeline
2026-06-15 13:02:01 | INFO     | api_router.predict | request_id=NL325 | task_type=TaskType.TYPE2_PHYSICS | Received prediction request: type='type2' id='NL325'
2026-06-15 13:02:01 | INFO     | api_router.predict | request_id=NL325 | task_type=TaskType.TYPE2_PHYSICS | Running Type 2 pipeline
2026-06-15 13:02:02 | INFO     | api_router.predict | request_id=NL116 | task_type=TaskType.TYPE2_PHYSICS | Received prediction request: type='type2' id='NL116'
2026-06-15 13:02:02 | INFO     | api_router.predict | request_id=NL116 | task_type=TaskType.TYPE2_PHYSICS | Running Type 2 pipeline
2026-06-15 13:02:02 | INFO     | api_router.predict | request_id=NL348 | task_type=TaskType.TYPE2_PHYSICS | Received prediction request: type='type2' id='NL348'
2026-06-15 13:02:02 | INFO     | api_router.predict | request_id=NL348 | task_type=TaskType.TYPE2_PHYSICS | Running Type 2 pipeline
2026-06-15 13:02:02 | INFO     | exact.type2.pipeline | request_id=NL109 | task_type=type2_physics | Start Type 2 deterministic-first pipeline
2026-06-15 13:02:02 | INFO     | exact.type2.pipeline | request_id=NL323 | task_type=type2_physics | Type 2 extraction: kind=conceptual target=electric_field_energy quantities=['distance_between_plates', 'electric_charge', 'electric_field_energy'] extraction_ok=True formulas=('ElectricPotentialEnergyOfTwoPointCharges', 'CoulombsLaw', 'DefinitionOfElectricFlux', 'ElectricFieldDueToAnInfiniteFlatSurfaceOfCharge', 'ElectricFieldDueToAnInfiniteLineOfCharge', 'ElectricFieldOfAPointCharge', 'voltage_disconnected_capacitor_distance_doubled', 'net_force_midpoint_between_opposite_equal_charges', 'deflection_angle_uniform_field', 'DefinitionOfElectricSusceptibility') route=multi_step_formula eligible=['text_solver', 'formula_executor']
2026-06-15 13:02:03 | INFO     | exact.type2.pipeline | request_id=NL116 | task_type=type2_physics | Start Type 2 deterministic-first pipeline
2026-06-15 13:02:03 | INFO     | api_router.predict | request_id=NL381 | task_type=TaskType.TYPE2_PHYSICS | Received prediction request: type='type2' id='NL381'
2026-06-15 13:02:03 | INFO     | api_router.predict | request_id=NL381 | task_type=TaskType.TYPE2_PHYSICS | Running Type 2 pipeline
2026-06-15 13:02:05 | INFO     | api_router.predict | request_id=NL033 | task_type=TaskType.TYPE2_PHYSICS | Received prediction request: type='type2' id='NL033'
2026-06-15 13:02:05 | INFO     | api_router.predict | request_id=NL033 | task_type=TaskType.TYPE2_PHYSICS | Running Type 2 pipeline
2026-06-15 13:02:05 | INFO     | exact.type2.pipeline | request_id=NL109 | task_type=type2_physics | Type 2 extraction: kind=numerical target=capacitance quantities=['energy', 'voltage'] extraction_ok=True formulas=('capacitance_from_energy_voltage', 'capacitance_from_charge_voltage', 'capacitance_parallel_plate_distance_doubled', 'parallel_plate_capacitance_air', 'series_capacitance_two', 'parallel_capacitance', 'series_capacitance_three', 'parallel_capacitance_three', 'energy_disconnected_capacitor_insert_dielectric', 'voltage_from_capacitor_energy_capacitance') route=direct_formula eligible=['formula_executor']
2026-06-15 13:02:05 | INFO     | api_router.predict | request_id=NL019 | task_type=TaskType.TYPE2_PHYSICS | Received prediction request: type='type2' id='NL019'
2026-06-15 13:02:05 | INFO     | api_router.predict | request_id=NL019 | task_type=TaskType.TYPE2_PHYSICS | Running Type 2 pipeline
2026-06-15 13:02:05 | INFO     | api_router.predict | request_id=NL085 | task_type=TaskType.TYPE2_PHYSICS | Received prediction request: type='type2' id='NL085'
2026-06-15 13:02:05 | INFO     | api_router.predict | request_id=NL085 | task_type=TaskType.TYPE2_PHYSICS | Running Type 2 pipeline
2026-06-15 13:02:06 | INFO     | api_router.predict | request_id=NL374 | task_type=TaskType.TYPE2_PHYSICS | Received prediction request: type='type2' id='NL374'
2026-06-15 13:02:06 | INFO     | api_router.predict | request_id=NL374 | task_type=TaskType.TYPE2_PHYSICS | Running Type 2 pipeline
2026-06-15 13:02:06 | INFO     | exact.type2.pipeline | request_id=NL325 | task_type=type2_physics | Start Type 2 deterministic-first pipeline
2026-06-15 13:02:06 | INFO     | api_router.predict | request_id=NL105 | task_type=TaskType.TYPE2_PHYSICS | Received prediction request: type='type2' id='NL105'
2026-06-15 13:02:06 | INFO     | api_router.predict | request_id=NL105 | task_type=TaskType.TYPE2_PHYSICS | Running Type 2 pipeline
2026-06-15 13:02:07 | INFO     | api_router.predict | request_id=NL011 | task_type=TaskType.TYPE2_PHYSICS | Received prediction request: type='type2' id='NL011'
2026-06-15 13:02:07 | INFO     | api_router.predict | request_id=NL011 | task_type=TaskType.TYPE2_PHYSICS | Running Type 2 pipeline
2026-06-15 13:02:07 | INFO     | exact.type2.pipeline | request_id=NL116 | task_type=type2_physics | Type 2 extraction: kind=numerical target=inductance quantities=['current', 'energy', 'magnetic_energy'] extraction_ok=True formulas=('inductance_from_energy_current', 'inductance_from_emf_current_change', 'inductor_energy', 'electrical_energy_from_voltage_current_time', 'impedance_from_voltage_current', 'power_voltage_current', 'power_current_resistance', 'voltage_from_power_current', 'resistance_from_power_current', 'efficiency_from_useful_total_energy') route=direct_formula eligible=['formula_executor']
2026-06-15 13:02:07 | INFO     | api_router.predict | request_id=NL031 | task_type=TaskType.TYPE2_PHYSICS | Received prediction request: type='type2' id='NL031'
2026-06-15 13:02:07 | INFO     | api_router.predict | request_id=NL031 | task_type=TaskType.TYPE2_PHYSICS | Running Type 2 pipeline
2026-06-15 13:02:07 | INFO     | exact.type2.pipeline | request_id=NL019 | task_type=type2_physics | Start Type 2 deterministic-first pipeline
2026-06-15 13:02:08 | INFO     | api_router.predict | request_id=NL363 | task_type=TaskType.TYPE2_PHYSICS | Received prediction request: type='type2' id='NL363'
2026-06-15 13:02:08 | INFO     | api_router.predict | request_id=NL363 | task_type=TaskType.TYPE2_PHYSICS | Running Type 2 pipeline
2026-06-15 13:02:08 | INFO     | exact.type2.pipeline | request_id=NL085 | task_type=type2_physics | Start Type 2 deterministic-first pipeline
2026-06-15 13:02:09 | INFO     | exact.type2.pipeline | request_id=NL011 | task_type=type2_physics | Start Type 2 deterministic-first pipeline
2026-06-15 13:02:10 | INFO     | api_router.predict | request_id=NL030 | task_type=TaskType.TYPE2_PHYSICS | Received prediction request: type='type2' id='NL030'
2026-06-15 13:02:10 | INFO     | api_router.predict | request_id=NL030 | task_type=TaskType.TYPE2_PHYSICS | Running Type 2 pipeline
2026-06-15 13:02:10 | INFO     | exact.type2.pipeline | request_id=NL019 | task_type=type2_physics | Type 2 extraction: kind=numerical target=inductance quantities=['current', 'energy', 'magnetic_energy'] extraction_ok=True formulas=('inductance_from_energy_current', 'inductance_from_emf_current_change', 'inductor_energy', 'temperature_change_from_heat_mass_specific_heat', 'magnetic_energy_from_solenoid_geometry', 'electrical_energy_from_voltage_current_time', 'ideal_transformer_secondary_current', 'impedance_from_voltage_current', 'power_voltage_current', 'power_current_resistance') route=direct_formula eligible=['formula_executor']
2026-06-15 13:02:11 | INFO     | api_router.predict | request_id=NL334 | task_type=TaskType.TYPE2_PHYSICS | Received prediction request: type='type2' id='NL334'
2026-06-15 13:02:11 | INFO     | api_router.predict | request_id=NL334 | task_type=TaskType.TYPE2_PHYSICS | Running Type 2 pipeline
2026-06-15 13:02:13 | INFO     | exact.type2.pipeline | request_id=NL334 | task_type=type2_physics | Start Type 2 deterministic-first pipeline
2026-06-15 13:02:13 | INFO     | exact.type2.pipeline | request_id=NL363 | task_type=type2_physics | Start Type 2 deterministic-first pipeline
2026-06-15 13:02:14 | INFO     | exact.type2.pipeline | request_id=NL011 | task_type=type2_physics | Type 2 extraction: kind=numerical target=energy quantities=['capacitance', 'energy', 'voltage'] extraction_ok=True formulas=('capacitor_energy', 'energy_disconnected_capacitor_insert_dielectric', 'energy_connected_capacitor_insert_dielectric', 'capacitor_energy_from_charge_voltage', 'capacitor_energy_from_charge_capacitance', 'electrical_energy_from_voltage_current_time', 'electrical_energy_from_voltage_charge', 'work_from_force_distance', 'heat_from_mass_specific_heat_temperature_change', 'heat_from_fuel_mass_calorific_value') route=inverse_formula eligible=['formula_executor']
2026-06-15 13:02:14 | INFO     | exact.type2.pipeline | request_id=NL325 | task_type=type2_physics | Type 2 extraction: kind=numerical target=fraction of magnetic field energy quantities=[] extraction_ok=False formulas=('FlowRateOfElectromagneticMomentum', 'ElectricFieldInTermsOfPotentials', 'IntensityOfAnElectromagneticWaveInTermsOfThePoyntingVector', 'AmperesCircuitalLaw', 'MaxwellFaradayEquation', 'PotentialEnergyOfAnElectricDipole', 'lc_natural_period', 'DefinitionOfElectricFlux', 'DefinitionOfRelativePermittivity', 'ElectricFieldDueToAnInfiniteFlatSurfaceOfCharge') route=vector_superposition eligible=[]
2026-06-15 13:02:14 | INFO     | exact.type2.pipeline | request_id=NL085 | task_type=type2_physics | Type 2 extraction: kind=numerical target=voltage quantities=['capacitance', 'energy'] extraction_ok=True formulas=('voltage_from_capacitor_energy_capacitance', 'voltage_from_charge_capacitance', 'voltage_connected_capacitor_insert_dielectric', 'voltage_disconnected_capacitor_distance_doubled', 'voltage_connected_capacitor_distance_changed', 'voltage_from_power_current', 'voltage_from_power_resistance', 'voltage_disconnected_capacitor_insert_dielectric', 'induced_emf_from_flux_change', 'electric_potential_point_charge') route=direct_formula eligible=['formula_executor']
2026-06-15 13:02:14 | INFO     | api_router.predict | request_id=NL380 | task_type=TaskType.TYPE2_PHYSICS | Received prediction request: type='type2' id='NL380'
2026-06-15 13:02:14 | INFO     | api_router.predict | request_id=NL380 | task_type=TaskType.TYPE2_PHYSICS | Running Type 2 pipeline
2026-06-15 13:02:14 | INFO     | api_router.predict | request_id=NL335 | task_type=TaskType.TYPE2_PHYSICS | Received prediction request: type='type2' id='NL335'
2026-06-15 13:02:14 | INFO     | api_router.predict | request_id=NL335 | task_type=TaskType.TYPE2_PHYSICS | Running Type 2 pipeline
2026-06-15 13:02:15 | INFO     | api_router.predict | request_id=NL025 | task_type=TaskType.TYPE2_PHYSICS | Received prediction request: type='type2' id='NL025'
2026-06-15 13:02:15 | INFO     | api_router.predict | request_id=NL025 | task_type=TaskType.TYPE2_PHYSICS | Running Type 2 pipeline
2026-06-15 13:02:15 | INFO     | api_router.predict | request_id=NL108 | task_type=TaskType.TYPE2_PHYSICS | Received prediction request: type='type2' id='NL108'
2026-06-15 13:02:15 | INFO     | api_router.predict | request_id=NL108 | task_type=TaskType.TYPE2_PHYSICS | Running Type 2 pipeline
2026-06-15 13:02:16 | INFO     | api_router.predict | request_id=NL346 | task_type=TaskType.TYPE2_PHYSICS | Received prediction request: type='type2' id='NL346'
2026-06-15 13:02:16 | INFO     | api_router.predict | request_id=NL346 | task_type=TaskType.TYPE2_PHYSICS | Running Type 2 pipeline
2026-06-15 13:02:16 | INFO     | exact.type2.pipeline | request_id=NL334 | task_type=type2_physics | Type 2 extraction: kind=numerical target=inductance quantities=['current', 'energy', 'magnetic_energy'] extraction_ok=True formulas=('inductance_from_energy_current', 'inductance_from_emf_current_change', 'inductor_energy', 'electrical_energy_from_voltage_current_time', 'joule_heating_from_current_resistance_time', 'charge_from_current_time', 'mass_from_heat_specific_heat_temperature_change', 'induced_emf_from_inductance_current_change', 'ideal_transformer_secondary_current', 'force_from_work_distance') route=conceptual_reasoning eligible=['text_solver']
2026-06-15 13:02:16 | INFO     | api_router.predict | request_id=NL328 | task_type=TaskType.TYPE2_PHYSICS | Received prediction request: type='type2' id='NL328'
2026-06-15 13:02:16 | INFO     | api_router.predict | request_id=NL328 | task_type=TaskType.TYPE2_PHYSICS | Running Type 2 pipeline
2026-06-15 13:02:17 | INFO     | api_router.predict | request_id=NL361 | task_type=TaskType.TYPE2_PHYSICS | Received prediction request: type='type2' id='NL361'
2026-06-15 13:02:17 | INFO     | api_router.predict | request_id=NL361 | task_type=TaskType.TYPE2_PHYSICS | Running Type 2 pipeline
2026-06-15 13:02:17 | INFO     | api_router.predict | request_id=NL107 | task_type=TaskType.TYPE2_PHYSICS | Received prediction request: type='type2' id='NL107'
2026-06-15 13:02:17 | INFO     | api_router.predict | request_id=NL107 | task_type=TaskType.TYPE2_PHYSICS | Running Type 2 pipeline
2026-06-15 13:02:17 | INFO     | exact.type2.pipeline | request_id=NL346 | task_type=type2_physics | Start Type 2 deterministic-first pipeline
2026-06-15 13:02:18 | INFO     | exact.type2.pipeline | request_id=NL030 | task_type=type2_physics | Start Type 2 deterministic-first pipeline
2026-06-15 13:02:19 | INFO     | api_router.predict | request_id=NL003 | task_type=TaskType.TYPE2_PHYSICS | Received prediction request: type='type2' id='NL003'
2026-06-15 13:02:19 | INFO     | api_router.predict | request_id=NL003 | task_type=TaskType.TYPE2_PHYSICS | Running Type 2 pipeline
2026-06-15 13:02:19 | INFO     | exact.type2.pipeline | request_id=NL025 | task_type=type2_physics | Start Type 2 deterministic-first pipeline
2026-06-15 13:02:20 | INFO     | api_router.predict | request_id=NL329 | task_type=TaskType.TYPE2_PHYSICS | Received prediction request: type='type2' id='NL329'
2026-06-15 13:02:20 | INFO     | api_router.predict | request_id=NL329 | task_type=TaskType.TYPE2_PHYSICS | Running Type 2 pipeline
2026-06-15 13:02:20 | INFO     | exact.type2.pipeline | request_id=NL363 | task_type=type2_physics | Type 2 extraction: kind=numerical target=magnetic_field_energy quantities=['current', 'inductance'] extraction_ok=True formulas=('inductor_energy', 'induced_emf_from_inductance_current_change', 'lc_natural_angular_frequency', 'magnetic_flux_solenoid_from_turns_length_current_area', 'inductance_from_energy_current', 'lc_natural_frequency', 'lc_natural_period', 'magnetic_flux_solenoid_from_turn_density_current_area', 'ideal_transformer_secondary_current', 'charge_from_current_time') route=direct_formula eligible=['formula_executor']
2026-06-15 13:02:22 | INFO     | exact.type2.pipeline | request_id=NL361 | task_type=type2_physics | Start Type 2 deterministic-first pipeline
2026-06-15 13:02:22 | INFO     | exact.type2.pipeline | request_id=NL025 | task_type=type2_physics | Type 2 extraction: kind=conceptual target=energy_storage_location quantities=[] extraction_ok=True formulas=('current_from_voltage_impedance', 'energy_from_power_time', 'charge_from_current_time', 'heat_from_fuel_mass_calorific_value', 'deflection_angle_uniform_field', 'PhotonMomentumFormula', 'SpeedOfElectromagneticWavesInMatter', 'current_from_power_voltage', 'work_from_force_distance', 'heat_from_mass_specific_heat_temperature_change') route=conceptual_reasoning eligible=['text_solver']
2026-06-15 13:02:23 | INFO     | api_router.predict | request_id=NL110 | task_type=TaskType.TYPE2_PHYSICS | Received prediction request: type='type2' id='NL110'
2026-06-15 13:02:23 | INFO     | api_router.predict | request_id=NL110 | task_type=TaskType.TYPE2_PHYSICS | Running Type 2 pipeline
2026-06-15 13:02:24 | INFO     | exact.type2.pipeline | request_id=NL328 | task_type=type2_physics | Start Type 2 deterministic-first pipeline
2026-06-15 13:02:25 | INFO     | api_router.predict | request_id=NL324 | task_type=TaskType.TYPE2_PHYSICS | Received prediction request: type='type2' id='NL324'
2026-06-15 13:02:25 | INFO     | api_router.predict | request_id=NL324 | task_type=TaskType.TYPE2_PHYSICS | Running Type 2 pipeline
2026-06-15 13:02:27 | INFO     | exact.type2.pipeline | request_id=NL346 | task_type=type2_physics | Type 2 extraction: kind=numerical target=charge quantities=['energy', 'voltage'] extraction_ok=True formulas=('charge_from_capacitance_voltage', 'charge_from_capacitor_energy_capacitance', 'charge_parallel_plate_circular_air_capacitor', 'charge_from_current_time', 'coulomb_equal_charges_from_force', 'capacitance_from_energy_voltage', 'energy_connected_capacitor_insert_dielectric', 'electrical_energy_from_voltage_charge', 'capacitor_energy_from_charge_voltage', 'voltage_disconnected_capacitor_insert_dielectric') route=conceptual_reasoning eligible=['text_solver']
2026-06-15 13:02:28 | INFO     | exact.type2.pipeline | request_id=NL329 | task_type=type2_physics | Start Type 2 deterministic-first pipeline
2026-06-15 13:02:28 | INFO     | exact.type2.pipeline | request_id=NL361 | task_type=type2_physics | Type 2 extraction: kind=numerical target=electric_field_energy quantities=['capacitance', 'voltage', 'voltage_2'] extraction_ok=True formulas=('capacitor_energy', 'energy_connected_capacitor_insert_dielectric', 'ideal_transformer_secondary_current', 'energy_disconnected_capacitor_insert_dielectric', 'charge_from_capacitance_voltage', 'series_voltage_two', 'series_voltage_three', 'voltage_from_capacitor_energy_capacitance', 'voltage_connected_capacitor_distance_changed', 'capacitance_from_energy_voltage') route=direct_formula eligible=['formula_executor']
2026-06-15 13:02:29 | INFO     | api_router.predict | request_id=NL126 | task_type=TaskType.TYPE2_PHYSICS | Received prediction request: type='type2' id='NL126'
2026-06-15 13:02:29 | INFO     | api_router.predict | request_id=NL126 | task_type=TaskType.TYPE2_PHYSICS | Running Type 2 pipeline
2026-06-15 13:02:30 | INFO     | exact.type2.pipeline | request_id=NL030 | task_type=type2_physics | Type 2 extraction: kind=numerical target=instantaneous current as a percentage of peak current in an LC circuit quantities=['electric_field_energy', 'instantaneous_current', 'peak_current'] extraction_ok=True formulas=('FlowRateOfElectromagneticMomentum', 'DefinitionOfElectricFlux', 'DefinitionOfRelativePermittivity', 'ElectricFieldInTermsOfPotentials', 'IntensityOfAnElectromagneticWaveInTermsOfThePoyntingVector', 'MagneticFieldInAnInfiniteSolenoid', 'PotentialEnergyOfAnElectricDipole', 'SpeedOfElectromagneticWavesInMatter', 'ElectricFieldDueToAnInfiniteFlatSurfaceOfCharge', 'ElectricFieldDueToAnInfiniteLineOfCharge') route=conceptual_reasoning eligible=['text_solver']
2026-06-15 13:02:30 | INFO     | api_router.predict | request_id=NL117 | task_type=TaskType.TYPE2_PHYSICS | Received prediction request: type='type2' id='NL117'
2026-06-15 13:02:30 | INFO     | api_router.predict | request_id=NL117 | task_type=TaskType.TYPE2_PHYSICS | Running Type 2 pipeline
2026-06-15 13:02:31 | INFO     | exact.type2.pipeline | request_id=NL328 | task_type=type2_physics | Type 2 extraction: kind=conceptual target=electric_field_energy quantities=['distance_between_plates'] extraction_ok=True formulas=('DefinitionOfElectricFlux', 'ElectricFieldDueToAnInfiniteLineOfCharge', 'voltage_disconnected_capacitor_distance_doubled', 'ElectricFieldOfAPointCharge', 'net_force_midpoint_between_opposite_equal_charges', 'net_force_three_charges_triangle_on_q3', 'deflection_angle_uniform_field', 'DefinitionOfElectricSusceptibility', 'ElectricFieldDueToAnInfiniteFlatSurfaceOfCharge', 'ElectricFieldInTermsOfPotentials') route=multi_step_formula eligible=['text_solver', 'formula_executor']
2026-06-15 13:02:32 | INFO     | api_router.predict | request_id=NL087 | task_type=TaskType.TYPE2_PHYSICS | Received prediction request: type='type2' id='NL087'
2026-06-15 13:02:32 | INFO     | api_router.predict | request_id=NL087 | task_type=TaskType.TYPE2_PHYSICS | Running Type 2 pipeline
2026-06-15 13:02:33 | INFO     | api_router.predict | request_id=NL389 | task_type=TaskType.TYPE2_PHYSICS | Received prediction request: type='type2' id='NL389'
2026-06-15 13:02:33 | INFO     | api_router.predict | request_id=NL389 | task_type=TaskType.TYPE2_PHYSICS | Running Type 2 pipeline
2026-06-15 13:02:34 | INFO     | api_router.predict | request_id=NL032 | task_type=TaskType.TYPE2_PHYSICS | Received prediction request: type='type2' id='NL032'
2026-06-15 13:02:34 | INFO     | api_router.predict | request_id=NL032 | task_type=TaskType.TYPE2_PHYSICS | Running Type 2 pipeline
2026-06-15 13:02:34 | INFO     | exact.type2.pipeline | request_id=NL329 | task_type=type2_physics | Type 2 extraction: kind=conceptual target=electric_field_energy quantities=[] extraction_ok=True formulas=('FlowRateOfElectromagneticMomentum', 'ElectricFieldInTermsOfPotentials', 'deflection_angle_uniform_field', 'DefinitionOfElectricFlux', 'IntensityOfAnElectromagneticWaveInTermsOfThePoyntingVector', 'MagneticFieldInAnInfiniteSolenoid', 'PotentialEnergyOfAnElectricDipole', 'SpeedOfElectromagneticWavesInMatter', 'TransformerPowerEquation', 'energy_from_power_time') route=vector_superposition eligible=['text_solver']
2026-06-15 13:02:35 | INFO     | api_router.predict | request_id=NL096 | task_type=TaskType.TYPE2_PHYSICS | Received prediction request: type='type2' id='NL096'
2026-06-15 13:02:35 | INFO     | api_router.predict | request_id=NL096 | task_type=TaskType.TYPE2_PHYSICS | Running Type 2 pipeline
2026-06-15 13:02:35 | INFO     | api_router.predict | request_id=NL106 | task_type=TaskType.TYPE2_PHYSICS | Received prediction request: type='type2' id='NL106'
2026-06-15 13:02:35 | INFO     | api_router.predict | request_id=NL106 | task_type=TaskType.TYPE2_PHYSICS | Running Type 2 pipeline
2026-06-15 13:02:35 | INFO     | exact.type2.pipeline | request_id=NL032 | task_type=type2_physics | Start Type 2 deterministic-first pipeline
2026-06-15 13:02:36 | INFO     | api_router.predict | request_id=NL027 | task_type=TaskType.TYPE2_PHYSICS | Received prediction request: type='type2' id='NL027'
2026-06-15 13:02:36 | INFO     | api_router.predict | request_id=NL027 | task_type=TaskType.TYPE2_PHYSICS | Running Type 2 pipeline
2026-06-15 13:02:37 | INFO     | exact.type2.pipeline | request_id=NL106 | task_type=type2_physics | Start Type 2 deterministic-first pipeline
2026-06-15 13:02:38 | INFO     | exact.type2.pipeline | request_id=NL027 | task_type=type2_physics | Start Type 2 deterministic-first pipeline
2026-06-15 13:02:38 | INFO     | exact.type2.pipeline | request_id=NL324 | task_type=type2_physics | Start Type 2 deterministic-first pipeline
2026-06-15 13:02:41 | INFO     | exact.type2.pipeline | request_id=NL032 | task_type=type2_physics | Type 2 extraction: kind=numerical target=voltage quantities=['capacitance', 'energy', 'voltage'] extraction_ok=True formulas=('voltage_from_capacitor_energy_capacitance', 'voltage_connected_capacitor_insert_dielectric', 'voltage_connected_capacitor_distance_changed', 'voltage_disconnected_capacitor_distance_doubled', 'voltage_from_charge_capacitance', 'voltage_disconnected_capacitor_insert_dielectric', 'ideal_transformer_voltage_secondary', 'series_voltage_two', 'series_voltage_three', 'voltage_from_power_current') route=direct_formula eligible=['formula_executor']
2026-06-15 13:02:41 | INFO     | exact.type2.pipeline | request_id=NL106 | task_type=type2_physics | Type 2 extraction: kind=numerical target=capacitance quantities=['energy', 'stored_energy', 'voltage'] extraction_ok=True formulas=('capacitance_from_energy_voltage', 'capacitance_from_charge_voltage', 'capacitance_parallel_plate_distance_doubled', 'parallel_plate_capacitance_air', 'series_capacitance_two', 'parallel_capacitance', 'series_capacitance_three', 'parallel_capacitance_three', 'voltage_from_capacitor_energy_capacitance', 'capacitor_energy') route=direct_formula eligible=['formula_executor']
2026-06-15 13:02:43 | INFO     | exact.type2.pipeline | request_id=NL027 | task_type=type2_physics | Type 2 extraction: kind=numerical target=voltage quantities=['capacitance', 'energy', 'stored_energy'] extraction_ok=True formulas=('voltage_from_capacitor_energy_capacitance', 'voltage_from_charge_capacitance', 'voltage_connected_capacitor_insert_dielectric', 'voltage_connected_capacitor_distance_changed', 'voltage_disconnected_capacitor_insert_dielectric', 'voltage_disconnected_capacitor_distance_doubled', 'voltage_from_power_current', 'voltage_from_power_resistance', 'electric_potential_point_charge', 'induced_emf_from_inductance_current_change') route=direct_formula eligible=['formula_executor']
2026-06-15 13:02:48 | INFO     | exact.type2.pipeline | request_id=NL324 | task_type=type2_physics | Type 2 extraction: kind=conceptual target=shape of the graph of the electric field energy in a capacitor as a function of the distance 'd' between its plates quantities=['capacitance', 'charge', 'electric_field', 'energy', 'length'] extraction_ok=True formulas=('net_force_midpoint_between_opposite_equal_charges', 'electric_field_opposite_equal_charges_perpendicular_bisector', 'electric_field_midpoint_between_opposite_equal_charges', 'net_force_equal_coulomb_equilateral', 'electric_field_point_charge', 'force_from_field_charge', 'net_force_three_charges_triangle_on_q3', 'net_force_right_triangle_at_a_from_b_c', 'electric_field_two_equal_sources_equilateral', 'electric_field_two_equal_sources_right_angle') route=multi_step_formula eligible=['text_solver', 'formula_executor']
2026-06-15 13:03:10 | INFO     | api_router.predict | request_id=quick_type1_mc | task_type=TaskType.TYPE1_LOGIC | Received prediction request: type='type1' id='quick_type1_mc'
2026-06-15 13:03:10 | INFO     | api_router.predict | request_id=quick_type1_mc | task_type=TaskType.TYPE1_LOGIC | Running Type 1 pipeline
2026-06-15 13:06:04 | INFO     | api_router.predict | request_id=T1_0269_00 | task_type=TaskType.TYPE1_LOGIC | Received prediction request: type='type1' id='T1_0269_00'
2026-06-15 13:06:04 | INFO     | api_router.predict | request_id=T1_0269_00 | task_type=TaskType.TYPE1_LOGIC | Running Type 1 pipeline
2026-06-15 13:06:04 | INFO     | api_router.predict | request_id=T1_0077_00 | task_type=TaskType.TYPE1_LOGIC | Received prediction request: type='type1' id='T1_0077_00'
2026-06-15 13:06:04 | INFO     | api_router.predict | request_id=T1_0077_00 | task_type=TaskType.TYPE1_LOGIC | Running Type 1 pipeline
2026-06-15 13:06:04 | INFO     | api_router.predict | request_id=T1_0144_00 | task_type=TaskType.TYPE1_LOGIC | Received prediction request: type='type1' id='T1_0144_00'
2026-06-15 13:06:04 | INFO     | api_router.predict | request_id=T1_0144_00 | task_type=TaskType.TYPE1_LOGIC | Running Type 1 pipeline
2026-06-15 13:06:04 | INFO     | api_router.predict | request_id=T1_0311_00 | task_type=TaskType.TYPE1_LOGIC | Received prediction request: type='type1' id='T1_0311_00'
2026-06-15 13:06:04 | INFO     | api_router.predict | request_id=T1_0311_00 | task_type=TaskType.TYPE1_LOGIC | Running Type 1 pipeline
2026-06-15 13:06:04 | INFO     | api_router.predict | request_id=T1_0134_00 | task_type=TaskType.TYPE1_LOGIC | Received prediction request: type='type1' id='T1_0134_00'
2026-06-15 13:06:04 | INFO     | api_router.predict | request_id=T1_0134_00 | task_type=TaskType.TYPE1_LOGIC | Running Type 1 pipeline
2026-06-15 13:06:04 | INFO     | api_router.predict | request_id=T1_0332_00 | task_type=TaskType.TYPE1_LOGIC | Received prediction request: type='type1' id='T1_0332_00'
2026-06-15 13:06:04 | INFO     | api_router.predict | request_id=T1_0332_00 | task_type=TaskType.TYPE1_LOGIC | Running Type 1 pipeline
2026-06-15 13:06:04 | INFO     | api_router.predict | request_id=T1_0193_00 | task_type=TaskType.TYPE1_LOGIC | Received prediction request: type='type1' id='T1_0193_00'
2026-06-15 13:06:04 | INFO     | api_router.predict | request_id=T1_0193_00 | task_type=TaskType.TYPE1_LOGIC | Running Type 1 pipeline
2026-06-15 13:06:04 | INFO     | api_router.predict | request_id=T1_0379_00 | task_type=TaskType.TYPE1_LOGIC | Received prediction request: type='type1' id='T1_0379_00'
2026-06-15 13:06:04 | INFO     | api_router.predict | request_id=T1_0379_00 | task_type=TaskType.TYPE1_LOGIC | Running Type 1 pipeline
2026-06-15 13:06:39 | INFO     | api_router.predict | request_id=T1_0374_01 | task_type=TaskType.TYPE1_LOGIC | Received prediction request: type='type1' id='T1_0374_01'
2026-06-15 13:06:39 | INFO     | api_router.predict | request_id=T1_0374_01 | task_type=TaskType.TYPE1_LOGIC | Running Type 1 pipeline
2026-06-15 13:06:39 | INFO     | api_router.predict | request_id=T1_0071_00 | task_type=TaskType.TYPE1_LOGIC | Received prediction request: type='type1' id='T1_0071_00'
2026-06-15 13:06:39 | INFO     | api_router.predict | request_id=T1_0071_00 | task_type=TaskType.TYPE1_LOGIC | Running Type 1 pipeline
2026-06-15 13:06:42 | INFO     | api_router.predict | request_id=T1_0070_00 | task_type=TaskType.TYPE1_LOGIC | Received prediction request: type='type1' id='T1_0070_00'
2026-06-15 13:06:42 | INFO     | api_router.predict | request_id=T1_0070_00 | task_type=TaskType.TYPE1_LOGIC | Running Type 1 pipeline
2026-06-15 13:06:43 | INFO     | api_router.predict | request_id=T1_0148_00 | task_type=TaskType.TYPE1_LOGIC | Received prediction request: type='type1' id='T1_0148_00'
2026-06-15 13:06:43 | INFO     | api_router.predict | request_id=T1_0148_00 | task_type=TaskType.TYPE1_LOGIC | Running Type 1 pipeline
2026-06-15 13:06:48 | INFO     | api_router.predict | request_id=T1_0054_01 | task_type=TaskType.TYPE1_LOGIC | Received prediction request: type='type1' id='T1_0054_01'
2026-06-15 13:06:48 | INFO     | api_router.predict | request_id=T1_0054_01 | task_type=TaskType.TYPE1_LOGIC | Running Type 1 pipeline
2026-06-15 13:07:09 | INFO     | api_router.predict | request_id=T1_0051_01 | task_type=TaskType.TYPE1_LOGIC | Received prediction request: type='type1' id='T1_0051_01'
2026-06-15 13:07:09 | INFO     | api_router.predict | request_id=T1_0051_01 | task_type=TaskType.TYPE1_LOGIC | Running Type 1 pipeline
2026-06-15 13:07:11 | INFO     | api_router.predict | request_id=T1_0395_00 | task_type=TaskType.TYPE1_LOGIC | Received prediction request: type='type1' id='T1_0395_00'
2026-06-15 13:07:11 | INFO     | api_router.predict | request_id=T1_0395_00 | task_type=TaskType.TYPE1_LOGIC | Running Type 1 pipeline
2026-06-15 13:07:11 | INFO     | api_router.predict | request_id=T1_0150_00 | task_type=TaskType.TYPE1_LOGIC | Received prediction request: type='type1' id='T1_0150_00'
2026-06-15 13:07:11 | INFO     | api_router.predict | request_id=T1_0150_00 | task_type=TaskType.TYPE1_LOGIC | Running Type 1 pipeline
