id,question,cot,answer,unit
CH001,"In a resonant RLC circuit, the measured impedance is Z=40 Ω. Determine the pure resistance R.","Step 1: Identify the given condition and value from the problem: the circuit operates at resonance and the measured impedance is Z=40Ω.
Step 2: State the resonance condition in a series RLC circuit: X_L=X_C.
Step 3: Recall the general impedance formula for a series RLC circuit: Z=√(R²+(X_L−X_C)²).
Step 4: Apply the resonance condition to simplify the impedance expression: since X_L=X_C then X_L−X_C=0.
Step 5: Substitute this result into the impedance formula to simplify it: Z=√(R²+0²).
Step 6: Simplify the expression to obtain the relationship between impedance and resistance at resonance: Z=R.
Step 7: Substitute the measured impedance to determine the resistance: R=40Ω.",40,Ω
CH002,"An RLC series circuit is in resonance. The inductor has L = 0.5 H, the capacitor has C = 20 μF, and the total impedance is Z = 80 Ω. Calculate the resistance R.","Step 1: Identify the given condition and value from the problem: the circuit is in resonance and the measured impedance is Z=80 Ω.
Step 2: State the resonance condition in a series RLC circuit: X_L=X_C.
Step 3: Recall the general impedance formula for a series RLC circuit: Z=√(R²+(X_L−X_C)²).
Step 4: Apply the resonance condition to simplify the impedance expression: since X_L=X_C then X_L−X_C=0.
Step 5: Substitute this result into the impedance formula to simplify it: Z=√(R²+0²).
Step 6: Simplify the expression to obtain the relationship between impedance and resistance at resonance: Z=R.
Step 7: Substitute the given impedance to determine the resistance: R=80 Ω.",80,Ω
CH003,"At resonance, an RLC circuit has a total impedance of 120 Ω. What is the value of the pure resistance R?","Step 1: Identify the given condition and value from the problem: the circuit operates at resonance and the measured impedance is Z=120 Ω.
Step 2: State the resonance condition in a series RLC circuit: X_L=X_C.
Step 3: Recall the general impedance formula for a series RLC circuit: Z=√(R²+(X_L−X_C)²).
Step 4: Apply the resonance condition to simplify the impedance expression: since X_L=X_C then X_L−X_C=0.
Step 5: Substitute this result into the impedance formula to simplify it: Z=√(R²+0²).
Step 6: Simplify the expression to obtain the relationship between impedance and resistance at resonance: Z=R.
Step 7: Substitute the given impedance to determine the resistance: R=120 Ω.",120,Ω
CH004,"In an RLC resonant circuit, the current is maximum. The total impedance Z at this point is 60 Ω. What is the pure resistance R?","Step 1: Identify the given condition and value from the problem: the circuit is at resonance where current is maximum and the measured impedance is Z=60 Ω.
Step 2: State the resonance condition in a series RLC circuit: X_L=X_C.
Step 3: Recall the general impedance formula for a series RLC circuit: Z=√(R²+(X_L−X_C)²).
Step 4: Apply the resonance condition to simplify the impedance expression: since X_L=X_C then X_L−X_C=0.
Step 5: Substitute this result into the impedance formula to simplify it: Z=√(R²+0²).
Step 6: Simplify the expression to obtain the relationship between impedance and resistance at resonance: Z=R.
Step 7: Substitute the given impedance to determine the resistance: R=60 Ω.",60,Ω
CH005,"Determine the resistance R of an RLC circuit at resonance, if the measured impedance is 25 Ω?","Step 1: Identify the given information: the circuit is an RLC circuit operating at resonance and the measured impedance is Z=25 Ω.
Step 2: Recall the resonance condition in a series RLC circuit: X_L=X_C.
Step 3: State the consequence of the resonance condition: the net reactance becomes X_L−X_C=0.
Step 4: Recall the formula for the total impedance of a series RLC circuit: Z=√(R²+(X_L−X_C)²).
Step 5: Simplify the impedance expression using the resonance condition: Z=√(R²+0²).
Step 6: Determine the relationship between impedance and resistance at resonance: Z=R.
Step 7: Substitute the given impedance value to determine the resistance: R=25 Ω.",25,Ω
CH006,"A series RLC circuit is at resonance. If the measured impedance Z is 200 Ω, what is R?","Step 1: Identify the given condition and value from the problem: the circuit is a series RLC circuit at resonance and the measured impedance is Z=200 Ω.
Step 2: Recall the resonance condition in a series RLC circuit: X_L=X_C.
Step 3: Determine the net reactance under the resonance condition: X_L−X_C=0.
Step 4: Recall the impedance formula for a series RLC circuit: Z=√(R²+(X_L−X_C)²).
Step 5: Simplify the impedance expression using the resonance condition: Z=√(R²+0²).
Step 6: Determine the relationship between impedance and resistance at resonance: Z=R.
Step 7: Substitute the given impedance value to determine the resistance: R=200 Ω.",200,Ω
CH007,The total impedance measured at resonance is 75 Ω. What is the resistance R?,"Step 1: Identify the given information from the problem: the circuit is at resonance and the measured impedance is Z=75 Ω.
Step 2: Recall the resonance condition in a series RLC circuit: X_L=X_C.
Step 3: Determine the consequence of the resonance condition: the inductive and capacitive reactances cancel so the net reactance becomes X_L−X_C=0.
Step 4: Recall the impedance expression for a series RLC circuit and apply the resonance condition: Z=√(R²+(X_L−X_C)²)=√(R²+0²)=R.
Step 5: Substitute the given impedance value to determine the resistance: R=75 Ω.",75,Ω
CH008,"In an RLC circuit at resonance, the maximum current is measured, and the total impedance is 32 Ω. What is the pure resistance R?","Step 1: Identify the given information from the problem: the circuit is at resonance where the current is maximum and the measured impedance is Z=32 Ω.
Step 2: Recall the resonance condition in a series RLC circuit: X_L=X_C.
Step 3: Determine the consequence of the resonance condition: the net reactance becomes X_L−X_C=0.
Step 4: Recall the impedance formula for a series RLC circuit and apply the resonance condition: Z=√(R²+(X_L−X_C)²)=√(R²+0²)=R.
Step 5: Substitute the given impedance value to determine the resistance: R=32 Ω.",32,Ω
CH009,An RLC circuit has a total impedance of 95 Ω measured at resonance. Determine R?,"Step 1: Identify the given information from the problem: the circuit is at resonance and the measured impedance is Z=95 Ω.
Step 2: Recall the resonance condition in a series RLC circuit: X_L=X_C.
Step 3: Determine the net reactance under the resonance condition: X_L−X_C=0.
Step 4: Recall the impedance formula for a series RLC circuit and apply the resonance condition: Z=√(R²+(X_L−X_C)²)=√(R²+0²)=R.
Step 5: Substitute the given impedance value to determine the resistance: R=95 Ω.",95,Ω
CH010,The total impedance of a series RLC circuit at resonance is measured as 18 Ω. What is the value of R?,"Step 1: Identify the given information from the problem: the circuit is a series RLC circuit at resonance and the measured impedance is Z=18 Ω.
Step 2: Recall the resonance condition in a series RLC circuit: X_L=X_C.
Step 3: Determine the consequence of the resonance condition: the net reactance becomes X_L−X_C=0.
Step 4: Recall the impedance formula for a series RLC circuit: Z=√(R²+(X_L−X_C)²).
Step 5: Simplify the impedance expression using the resonance condition: Z=√(R²+0²).
Step 6: Determine the relationship between impedance and resistance at resonance: Z=R.
Step 7: Substitute the given impedance value to determine the resistance: R=18 Ω.",18,Ω
CH011,The measured impedance of an electrical resonant circuit is 250 Ω. Calculate R.,"Step 1: Identify the given information from the problem: the impedance of the resonant circuit is Z=250 Ω.
Step 2: Recall the resonance condition in a series RLC circuit: X_L=X_C.
Step 3: Determine the consequence of the resonance condition: the inductive and capacitive reactances cancel so the net reactance becomes X_L−X_C=0.
Step 4: Recall the impedance formula for a series RLC circuit and apply the resonance condition: Z=√(R²+(X_L−X_C)²)=√(R²+0²)=R.
Step 5: Substitute the given impedance value to determine the resistance: R=250 Ω.",250,Ω
CH012,"When an RLC circuit is in resonance, the impedance Z is measured at 145 Ω. What is the pure resistance R?","Step 1: Identify the given information from the problem: the impedance of the resonant circuit is Z=145 Ω.
Step 2: Recall the resonance condition in a series RLC circuit: X_L=X_C.
Step 3: Determine the consequence of the resonance condition: the inductive and capacitive reactances cancel so the net reactance becomes X_L−X_C=0.
Step 4: Recall the impedance formula for a series RLC circuit and apply the resonance condition: Z=√(R²+(X_L−X_C)²)=√(R²+0²)=R.
Step 5: Substitute the given impedance value to determine the resistance: R=145 Ω.",145,Ω
CH013,"At resonance, the total impedance of the circuit is measured as Z=52 Ω. What is the resistance R?","Step 1: Identify the given information from the problem: the circuit is at resonance and the measured impedance is Z=52 Ω.
Step 2: Recall the resonance condition in a series RLC circuit: X_L=X_C.
Step 3: Determine the consequence of the resonance condition: the net reactance becomes X_L−X_C=0.
Step 4: Recall the impedance formula for a series RLC circuit: Z=√(R²+(X_L−X_C)²).
Step 5: Simplify the impedance expression using the resonance condition: Z=√(R²+0²).
Step 6: Determine the relationship between impedance and resistance at resonance: Z=R.
Step 7: Substitute the given impedance value to determine the resistance: R=52 Ω.",52,Ω
CH014,A resonant electrical circuit has a total impedance Z=68 Ω. What is the value of R?,"Step 1: Identify the given information from the problem: the circuit is at resonance and the measured impedance is Z=68 Ω.
Step 2: Recall the resonance condition in a series RLC circuit: X_L=X_C.
Step 3: Determine the consequence of the resonance condition: the net reactance becomes X_L−X_C=0.
Step 4: Recall the impedance formula for a series RLC circuit: Z=√(R²+(X_L−X_C)²).
Step 5: Simplify the impedance expression using the resonance condition: Z=√(R²+0²).
Step 6: Determine the relationship between impedance and resistance at resonance: Z=R.
Step 7: Substitute the given impedance value to determine the resistance: R=68 Ω.",68,Ω
CH015,The total impedance of a resonant RLC circuit is 180 Ω. Determine R?,"Step 1: Identify the given information from the problem: the circuit is at resonance and the measured impedance is Z=180 Ω.
Step 2: Recall the resonance condition in a series RLC circuit: X_L=X_C.
Step 3: Recall the impedance formula for a series RLC circuit: Z=√(R²+(X_L−X_C)²).
Step 4: Simplify the impedance expression using the resonance condition: Z=√(R²+0²)=R.
Step 5: Substitute the given impedance value to determine the resistance: R=180 Ω.",180,Ω
CH016,"For a resonant RLC circuit with a total impedance of 20 Ω, what is R?","Step 1: Identify the given information from the problem: the circuit is a series RLC circuit at resonance and the measured impedance is Z=20 Ω.
Step 2: Recall the resonance condition in a series RLC circuit: X_L=X_C.
Step 3: Determine the consequence of the resonance condition: the net reactance becomes X_L−X_C=0.
Step 4: Recall the impedance formula for a series RLC circuit: Z=√(R²+(X_L−X_C)²).
Step 5: Simplify the impedance expression using the resonance condition: Z=√(R²+0²)=R.
Step 6: Substitute the given impedance value to determine the resistance: R=20 Ω.",20,Ω
CH017,The impedance measured at resonance is 10 Ω. What is the value of the pure resistance R?,"Step 1: Identify the given information from the problem: the circuit is at resonance and the measured impedance is Z=10 Ω.
Step 2: Recall the resonance condition in a series RLC circuit: X_L=X_C.
Step 3: Determine the consequence of the resonance condition: the net reactance becomes X_L−X_C=0.
Step 4: Recall the impedance formula for a series RLC circuit: Z=√(R²+(X_L−X_C)²).
Step 5: Simplify the impedance expression using the resonance condition: Z=√(R²+0²)=R.
Step 6: Substitute the given impedance value to determine the resistance: R=10 Ω.",10,Ω
CH018,A resonant circuit has a total impedance of 115 Ω. What is the value of the pure resistance R?,"Step 1: Identify the given information from the problem: the circuit is at resonance and the total impedance is Z=115 Ω.
Step 2: Recall the resonance condition in an RLC circuit: X_L=X_C.
Step 3: Determine the consequence of this condition: the net reactance becomes X_L−X_C=0.
Step 4: Recall the impedance expression of a series RLC circuit: Z=√(R²+(X_L−X_C)²).
Step 5: Simplify the impedance expression using the resonance condition: Z=√(R²+0²)=R.
Step 6: Substitute the given impedance value to determine the resistance: R=115 Ω.",115,Ω
CH019,The impedance of an RLC circuit at resonance is measured to be 90 Ω. Calculate R?,"Step 1: Identify the given information from the problem: the impedance of the RLC circuit at resonance is Z=90 Ω.
Step 2: Recall the resonance condition in a series RLC circuit: X_L=X_C.
Step 3: Determine the consequence of this condition: the net reactance becomes X_L−X_C=0.
Step 4: Recall the impedance expression of a series RLC circuit: Z=√(R²+(X_L−X_C)²).
Step 5: Simplify the impedance expression using the resonance condition: Z=√(R²+0²)=R.
Step 6: Substitute the given impedance value to determine the resistance: R=90 Ω.",90,Ω
CH020,"At resonance, the total impedance of the circuit is measured to be Z = 300 Ω. What is the value of the pure resistance R?","Step 1: The question states that the total impedance of the circuit at resonance is Z = 300 Ω.
Step 2: In a series RLC circuit, the total impedance (Z) is Z = √(R² + (ZL - ZC)²), and at resonance, the inductive reactance (ZL) is equal to the capacitive reactance (ZC).
Step 3: At resonance, the total impedance (Z) of a series RLC circuit is purely resistive and is equal to the magnitude of the resistance (R).
Step 4: Therefore, Z = R = 300 Ω.",300,Ω
CH021,Given an RLC series circuit with an inductance L = 0.4 H and a capacitance C = 40 μF. Determine the resonant frequency of the circuit.,"Step 1: Identify the given inductance (L) and capacitance (C) from the question.
Step 2: Convert the capacitance from 40 microfarads (μF) to 40 × 10⁻⁶ farads (F).
Step 3: Recall the formula for the resonant frequency (f) of an RLC series circuit is f = 1 / (2π√(LC)).
Step 4: Substitute the given values of L and C into the formula: f = 1 / (2π√(0.4 × 40 × 10⁻⁶)) = 39.79 Hz.",39.79,Hz
CH022,A circuit consists of an inductor L = 0.02 H connected in series with a capacitor C = 500 μF. Calculate the resonant frequency of the circuit?,"Step 1: Identify the given values for inductance (L) and capacitance (C) from the question.
Step 2: Convert the capacitance from 500 microfarads (μF) to 500 × 10⁻⁶ farads (F).
Step 3: State the formula for the resonant frequency (f) of a series LC circuit f = 1 / (2π√(LC)).
Step 4: Substitute the given and converted values into the resonant frequency formula: f = 1 / (2π√(0.02 × 500 × 10⁻⁶)) = 50.33 Hz.",50.33,Hz
CH023,What is the resonance frequency of a series AC circuit consisting of an inductor L = 1.5 H and a capacitor C = 2 μF?,"Step 1: Identify the given values for inductance (L) and capacitance (C).
Step 2: Convert the capacitance from 2 microfarads (μF) to 2 × 10⁻⁶ farads (F).
Step 3: State the formula for the resonance frequency (f) of a series LC circuit is f = 1 / (2π√(LC)).
Step 4: Substitute the values of L and C into the resonance frequency formula: f = 1 / (2π√(1.5 × 2 × 10⁻⁶) = 91.89 Hz.",91.89,Hz
CH024,An RLC circuit has a 5 μF capacitor and a 0.1 H inductor. Calculate the electrical resonance frequency?,"Step 1: Identify the given values for capacitance (C) and inductance (L).
Step 2: The capacitance C is 5 μF, which is 5 × 10⁻⁶ F. The inductance L is 0.1 H.
Step 3: The formula for electrical resonance frequency (f) in an RLC circuit is f = 1 / (2π√(LC)).
Step 4: Substitute the values into the formula: f = 1 / (2π√(0.1 × 5 × 10⁻⁶ F)) = 225.08 Hz.",225.08,Hz
CH025,A pure inductor of 0.05 H is connected in series with a 200 μF capacitor. Determine the resonant frequency.,"Step 1: Identify the given inductance (L) from the question. L = 0.05 H.
Step 2: Identify the given capacitance (C) from the question. C = 200 μF.
Step 3: Convert the capacitance from microFarads (μF) to Farads (F). 200 μF = 200 × 10⁻⁶ F.
Step 4: Recall the formula for the resonant frequency (f) of a series LC circuit and substitute the values of L and C: f = 1 / (2π√(LC)) = 1 / (2π√(0.05 × 200 × 10⁻⁶)) = 50.33 Hz.",50.33,Hz
CH026,A series RLC circuit consists of an inductor L = 0.3 H and a capacitor C = 30 μF. Determine the resonant frequency.,"Step 1: Identify the given values for inductance (L) and capacitance (C) from the question.
Step 2: Convert the capacitance from 30 microfarads (μF) to 30 × 10⁻⁶ farads (F).
Step 3: Recall the formula for the resonant frequency (f) of a series RLC circuit: f = 1 / (2π√(LC)).
Step 4: Substitute the given values of L = 0.3 H and C = 30 × 10⁻⁶ F into the formula: f = 1 / (2π√(0.3 × 30 × 10⁻⁶)) = 53.05 Hz.",53.05,Hz
CH027,Calculate the resonant frequency for a series circuit consisting of L=0.6 H and C=10 μF.,"Step 1: Identify the given inductance (L) and capacitance (C) values. L = 0.6 H, C = 10 μF.
Step 2: Convert the capacitance from microfarads to farads. C = 10 × 10⁻⁶ F.
Step 3: State the formula for the resonant frequency (f) of a series LC circuit: f = 1 / (2π√(LC)).
Step 4: Substitute the given values into the formula: f = 1 / (2π√(0.6 × 10 × 10⁻⁶ )) = 64.97 Hz.",64.97,Hz
CH028,What is the resonant frequency of an RLC circuit with an inductor L = 0.25 H in series with a capacitor C = 25 μF?,"Step 1: Identify the formula for the resonant frequency (f) of an RLC circuit, which is f = 1 / (2π√(LC)).
Step 2: List the given values: Inductance L = 0.25 H and Capacitance C = 25 μF.
Step 3: Convert the capacitance to Farads: C = 25 × 10⁻⁶ F.
Step 4: Substitute the values of L and C into the formula: f = 1 / (2π√(0.25 × 25 × 10⁻⁶)) = 63.66 Hz.",63.66,Hz
CH029,A 0.5 H inductor is connected in series with a 5 μF capacitor. Find the resonant frequency.,"Step 1: Identify the given values for inductance (L) and capacitance (C).
Step 2: Convert the capacitance from 5 microfarads (μF) to 5 × 10⁻⁶ farads (F).
Step 3: State the formula for the resonant frequency (f) of a series LC circuit: f = 1 / (2π√(LC)).
Step 4: Substitute the converted values of L and C into the resonant frequency formula: f = 1 / (2π√(0.5 × 5 × 10⁻⁶)) = 100.66 Hz.",100.66,Hz
CH030,An inductor L=0.02 H and a capacitor 50 μF are connected in series. What is the resonant frequency?,"Step 1: Identify the given values for inductance (L) and capacitance (C).
Step 2: Convert the capacitance from 50 microfarads (μF) to 50 × 10⁻⁶ farads (F).
Step 3: State the formula for the resonant frequency (f) of a series LC circuit: f = 1 / (2π√(LC)).
Step 4: Substitute the converted values of L and C into the resonant frequency formula: f = 1 / (2π√(0.02 × 50 × 10⁻⁶)) = 159.15 Hz.",159.15,Hz
CH031,A circuit consists of an inductor L = 2 H and a capacitor of 8 μF connected in series. Calculate the resonant frequency f.,"Step 1: Identify the given inductance (L) and capacitance (C) values from the question.
Step 2: Convert the capacitance from 8 microfarads (μF) to 8 × 10⁻⁶ farads (F).
Step 3: Recall the formula for the resonant frequency (f) of a series LC circuit: f = 1 / (2π√(LC)).
Step 4: Substitute the given values of L = 2 H and C = 8 × 10⁻⁶ F into the formula: f = 1 / (2π√(2 × 8 × 10⁻⁶)) = 39.79 Hz.",39.79,Hz
CH032,"A 100 μF capacitor is connected in series with a 0.01 H inductor, what is the resonant frequency of the circuit?","Step 1: Identify the given capacitance (C) and inductance (L) values.
Step 2: C = 100 μF = 100 × 10⁻⁶ F and L = 0.01 H.
Step 3: Recall the formula for the resonant frequency (f) of a series LC circuit: f = 1 / (2π√(LC)).
Step 4: Substitute the values into the formula: f = 1 / (2π√(0.01 × 100 × 10⁻⁶)) = 159.15 Hz.",159.15,Hz
CH033,"Given L=0.15 H and C=30 μF in series, what is the resonance frequency of the circuit?","Step 1: Identify the given inductance (L) and capacitance (C) values.
Step 2: Recall the formula for the resonance frequency (f) of a series LC circuit: f = 1 / (2π√(LC)).
Step 3: Substitute L = 0.15 H and C = 30 μF (which is 30 × 10⁻⁶ F) into the formula.
Step 4: Calculate the resonance frequency. The resonance frequency of the circuit is approximately f = 1 / (2π√(0.15 × 30 × 10⁻⁶)) = 75.03 Hz.",75.03,Hz
CH034,What is the resonant frequency of a 1 H inductor in series with a 4 μF capacitor?,"Step 1: Identify the given inductance (L) and capacitance (C).
Step 2: L = 1 H and C = 4 μF.
Step 3: Convert the capacitance to Farads: C = 4 × 10⁻⁶ F.
Step 4: The formula for the resonant frequency (f) of an LC circuit is f = 1 / (2π√(LC)) = 1 / (2π√(1 × 4 × 10⁻⁶)) = 79.58 Hz.",79.58,Hz
CH035,What is the resonant frequency for a circuit with L=0.1 H and C=10 μF?,"Step 1: Identify the given values for inductance (L) and capacitance (C).
Step 2: The inductance L is given as 0.1 H.
Step 3: The capacitance C is given as 10 μF, which needs to be converted to Farads: 10 × 10⁻⁶ F.
Step 4: Recall the formula for resonant frequency (f) in an LC circuit: f = 1 / (2π√(LC)) = 159.15 Hz.",159.15,Hz
CH036,"An inductor L=0.8 H is connected in series with a capacitor C=2 μF. What is the resonant frequency?""","Step 1: Identify the given inductance L = 0.8 H and capacitance C = 2 μF from the question.
Step 2: Convert the capacitance from microfarads (μF) to farads (F): C = 2 × 10⁻⁶ F.
Step 3: Recall the formula for the resonant frequency (f) of an LC series circuit: f = 1 / (2π√(LC)).
Step 4: Substitute the values of L and C into the formula: f = 1 / (2π√(0.8 × 2 × 10⁻⁶ )) = 125.82 Hz.",125.82,Hz
CH037,What is the resonant frequency for L = 0.05 H and C = 10 μF connected in series?,"Step 1: Identify the given inductance (L) and capacitance (C) values from the question.
Step 2: Convert the capacitance from 10 microfarads (μF) to 10 × 10⁻⁶ farads (F).
Step 3: Recall the formula for the resonant frequency (f) of a series LC circuit: f = 1 / (2π√(LC)).
Step 4: Substitute the given values of L and C (in farads) into the formula f = 1 / (2π √(0.05 × 10 × 10⁻⁶)) = 225.08 Hz.",225.08,Hz
CH038,A circuit consists of L=3 H and C=3 μF in series. Find the resonant frequency?,"Step 1: Identify the given inductance L and capacitance C from the question.
Step 2: L = 3 H and C = 3 μF.
Step 3: Convert the capacitance from microfarads (μF) to farads (F): C = 3 × 10⁻⁶ F.
Step 4: The formula for the resonant frequency (f) of a series LC circuit is f = 1 / (2π√(LC)) = 1 / (2π √(3 × 3 × 10⁻⁶)) = 53.05 Hz.",53.05,Hz
CH039,L = 0.01 H connected in series with C = 250 μF. What is the resonant frequency?,"Step 1: The formula for the resonant frequency (f) of a series LC circuit is f = 1 / (2π√(LC)).
Step 2: Convert the capacitance from microfarads (μF) to Farads (F): C = 250 μF = 250 × 10⁻⁶ F.
Step 3: Substitute the given values, L = 0.01 H and C = 250 × 10⁻⁶ F, into the formula.
Step 4: f = 1 / (2π√(0.01 × 250 × 10⁻⁶)) = 100.66 Hz.",100.66,Hz
CH040,A 0.4 H inductor is connected in series with a 20 μF capacitor. Determine the resonant frequency.,"Step 1: Identify the given inductance (L) and capacitance (C) values from the question.
Step 2: Convert the capacitance from 20 microfarads (μF) to 20 × 10⁻⁶ farads (F).
Step 3: Use the formula for the resonant frequency (f) of an LC circuit: f = 1 / (2π√(LC)).
Step 4: Substitute the given values into the formula f = 1 / (2π√(0.01 × 250 × 10⁻⁶)) = 56.27 Hz.",56.27,Hz
CH041,"An RLC series circuit in resonance has an RMS voltage across the circuit of 100 V, and a pure resistance R=50 Ω. Calculate the power consumed?","Step 1: The problem states an RLC series circuit is in resonance, with an RMS voltage (U) of 100 V and a resistance (R) of 50 Ω.
Step 2: For an RLC series circuit at resonance, the total impedance (Z) is equal to the resistance (R), because the total impedance (Z) is Z = √(R² + (ZL - ZC)²) and the inductive reactance (ZL) equals the capacitive reactance (ZC).
Step 3: The formula for power consumed (P) in an AC circuit can be given as P = U² / Z. Since Z = R at resonance, the formula simplifies to P = U² / R.
Step 4: Substitute the given values into the formula: P = 100² / 50 = 200 W.",200,W
CH042,A resonant circuit has a voltage U = 120 V and a resistance R = 30 Ω. Calculate the power.,"Step 1: Identify the given voltage U = 120 V and resistance R = 30 Ω.
Step 2: In a resonant circuit, the impedance is purely resistive, meaning the power can be calculated using the formula P = U² / R.
Step 3: Substitute the values: P = 120² / 30 = 480 W.
Step 4: The power of the resonant circuit is 480 W.",480,W
CH043,An RLC series circuit is at resonance with an applied voltage of 220 V and a resistance R = 220 Ω. Determine the power consumption.,"Step 1: Identify the given values from the question: Applied voltage U = 220 V and Resistance R = 220 Ω.
Step 2: Recognize that for an RLC series circuit at resonance, the total impedance (Z) is Z = √(R² + (ZL - ZC)²) and the inductive reactance (ZL) equals the capacitive reactance (ZC).
Step 3: The formula for power consumed (P) in an AC circuit can be given as P = U² / Z. Since Z = R at resonance, the formula simplifies to P = U² / R.
Step 4: Substitute the given values into the formula: P = 220² / 220 = 220 W.",220,W
CH044,Calculate the power consumed in a resonant circuit with R = 40 Ω and U = 80 V.,"Step 1: In a resonant circuit, the total impedance is purely resistive, meaning the impedance (Z) is equal to the resistance (R).
Step 2: The given resistance is R = 40 Ω and the voltage is U = 80 V.
Step 3: The power consumed (P) in a circuit can be calculated using the formula P = U² / R.
Step 4: Substitute the given values into the formula: P = 80² / 40 = 160 W.",160,W
CH045,A resonant RLC circuit has a resistance R = 25 Ω and an applied voltage U = 100 V. What is the power of the circuit?,"Step 1: Identify the given values: Resistance R = 25 Ω and Applied Voltage U = 100 V.
Step 2: Recall that for a resonant RLC circuit, the total impedance (Z) is equal to the resistance (R).
Step 3: Therefore, the impedance Z = R = 25 Ω.
Step 4: Use the formula for power (P) in an AC circuit, which is P = U² / R = 100² / 25 = 400 W.",400,W
CH046,An RLC resonant circuit has an RMS voltage of 150 V and a resistance R of 75 Ω. Calculate the power consumption.,"Step 1: Identify the given values: RMS voltage (U) = 150 V and resistance (R) = 75 Ω.
Step 2: For an RLC circuit at resonance, the total impedance (Z) of the circuit is equal to the resistance (R). So, Z = R = 75 Ω.
Step 3: The formula for power consumed (P) in an AC circuit is P = U² / R.
Step 4: Substitute the values into the formula: P = 150² / 75 = 300 W.",300,W
CH047,"In an RLC resonant circuit, the voltage U = 60 V, and the resistance R = 20 Ω. What is the power consumed?","Step 1: Identify the given values from the question: the voltage U = 60 V and the resistance R = 20 Ω.
Step 2: Recognize that for an RLC resonant circuit, the impedance (Z) of the circuit is equal to the resistance (R), meaning Z = R = 20 Ω.
Step 3: Recall the formula for power dissipated in a circuit when voltage and resistance are known, which is P = U² / Z. Since Z = R at resonance, the formula simplifies to P = U² / R.
Step 4: Substitute the given values into the power formula: P = 60² / 20 = 180 W.",180,W
CH048,"In a resonant RLC circuit, the RMS voltage is U=200 V, and the resistance R=400 Ω. Determine the power.","Step 1: In a resonant RLC circuit, the impedance (Z) is equal to the resistance (R), so Z = 400 Ω.
Step 2: The formula for power (P) in an AC circuit at resonance is P = U² / R, where U is the RMS voltage.
Step 3: Substitute the given values, U = 200 V and R = 400 Ω, into the formula.
Step 4: Calculate the power: P = 200² / 400 = 100 W.",100,W
CH049,A resonant circuit has a pure resistance of 10 Ω and an RMS voltage of 50 V. What is the power consumed?,"Step 1: Identify the given values from the question: the pure resistance (R) is 10 Ω and the RMS voltage (U) is 50 V.
Step 2: Recall that in a resonant circuit, the total impedance is purely resistive, meaning Z = R = 10 Ω.
Step 3: Use the formula for power (P) consumed in a resistive AC circuit, which is P = U² / R.
Step 4: Substitute the given values into the formula: P = 50² / 10 = 250 W.",250,W
CH050,An RLC series circuit is in resonance with an applied voltage U = 110 V and resistance R = 110 Ω. What is the power consumed?,"Step 1: Identify the applied voltage U = 110 V and the resistance R = 110 Ω.
Step 2: Recall that in a resonant circuit, the total impedance is purely resistive, meaning Z = R = 110 Ω.
Step 3: Use the formula for power (P) consumed in a resistive AC circuit, which is P = U² / R.
Step 4: Substitute the given values into the formula: P = 110² / 110 = 110 W.",110,W
CH051,"In an RLC resonant circuit, R = 60 Ω, U = 240 V. Calculate the power.","Step 1: Identify the given values: Resistance (R) = 60 Ω and Voltage (U) = 240 V.
Step 2: Recall that in an RLC resonant circuit, the impedance (Z) of the circuit is equal to the resistance (R).
Step 3: Use the formula for power (P) consumed in a resistive AC circuit, which is P = U² / R.
Step 4: Substitute the given values into the formula: P = 240² / 60 = 960 W.",960,W
CH052,What is the power consumed by a resonant circuit with U=90 V and R=45 Ω?,"Step 1: Identify the given values: the voltage (U) is 90 V and the resistance (R) is 45 Ω.
Step 2: Recall that in an RLC resonant circuit, the impedance (Z) of the circuit is equal to the resistance (R).
Step 3: Use the formula for power (P) consumed in a resistive AC circuit, which is P = U² / R.
Step 4: Substitute the given values into the formula: P = 90² / 45 = 180 W.",180,W
CH053,An RLC resonant circuit has an RMS voltage of 24 V and a resistance R = 8 Ω. What is the power consumed?,"Step 1: The RMS voltage across the RLC resonant circuit is given as U = 24 V and The resistance of the circuit is given as R = 8 Ω..
Step 2: Recall that in an RLC resonant circuit, the impedance (Z) of the circuit is equal to the resistance (R).
Step 3: Use the formula for power (P) consumed in a resistive AC circuit, which is P = U² / R.
Step 4: Substitute the given values into the formula: P = 24² / 8 = 72 W.",72,W
CH054,A resonant circuit has a voltage (U) of 300 V and a resistance (R) of 100 Ω. What is the power consumed?,"Step 1: Identify the given voltage (U) is 300 V and resistance (R) is 100 Ω.
Step 2: Recall that in an RLC resonant circuit, the impedance (Z) of the circuit is equal to the resistance (R).
Step 3: For a resonant circuit, the power consumed (P) can be calculated using the formula P = U² / R.
Step 4: Substitute the given values into the formula: P = 300² / 100 = 900 W.",900,W
CH055,"The RMS voltage is 180 V, and the resistance R = 90 Ω. What is the power of the circuit at resonance?","Step 1: Identify the given RMS voltage (U) is 180 V and resistance (R) is 90 Ω.
Step 2: Recall that in an RLC resonant circuit, the impedance (Z) of the circuit is equal to the resistance (R).
Step 3: For a resonant circuit, the power consumed (P) can be calculated using the formula P = U² / R.
Step 4: Substitute the given values into the formula: P = 180² / 60 = 360 W.",360,W
CH056,A resonant circuit has a resistance of 15 Ω and an RMS voltage of 60 V. Calculate the power.,"Step 1: Identify the given RMS voltage (U) is 60 V and resistance (R) is 15 Ω.
Step 2: Recall that in an RLC resonant circuit, the impedance (Z) of the circuit is equal to the resistance (R).
Step 3: For a resonant circuit, the power consumed (P) can be calculated using the formula P = U² / R.
Step 4: Substitute the given values into the formula: P = 60² / 15 = 240 W.",240,W
CH057,An RLC series resonant circuit has a voltage U = 250 V and a resistance R = 125 Ω. What is the power consumed?,"Step 1: Identify the given values: Voltage U = 250 V and Resistance R = 125 Ω.
Step 2: In an RLC series resonant circuit, the total impedance (Z) of the circuit is equal to its resistance (R) because the inductive reactance cancels the capacitive reactance (XL = XC).
Step 3: The power consumed (P) in an AC circuit at resonance can be calculated using the formula P = U² / R, since the circuit behaves purely resistively.
Step 4: Substitute the given values into the formula: P = 250² / 125 = 500 W.",500,W
CH058,Pure resistance R = 200 Ω. Voltage U = 400 V at resonance. What is the power consumed?,"Step 1: Identify the given values from the question. The resistance R = 200 Ω and the voltage U = 400 V. The problem states the circuit is at resonance.
Step 2: At resonance, for a circuit containing resistance, the total impedance (Z) of the circuit is equal to its resistance (R). The formula for power consumed in a resistive circuit is P = U² / R.
Step 3: Substitute the given values into the formula: P = 400² / 200 = 800 W.",800,W
CH059,What is the power consumed/dissipated if the RMS voltage is U = 140 V and the resistance is R = 70 Ω at resonance?,"Step 1: Identify the given RMS voltage U = 140 V and resistance R = 70 Ω.
Step 2: Recognize that at resonance, the impedance of the circuit is equal to the resistance R.
Step 3: Use the formula for power dissipated in a resistor, P = U² / R, where U is the RMS voltage.
Step 4: Substitute the given values into the formula: P = 140² / 70 = 280 W.",280,W
CH060,A resonant RLC circuit has a resistance R = 5 Ω and an RMS voltage of 20 V. Calculate the power.,"Step 1: Identify the given values: Resistance R = 5 Ω and RMS voltage U = 20 V. The circuit is a resonant RLC circuit.
Step 2: At resonance, the impedance (Z) of an RLC circuit is equal to its resistance (R), because the inductive and capacitive reactances cancel out. So, Z = R = 5 Ω.
Step 3: The power (P) in a resonant RLC circuit can be calculated using the formula P = U² / R, as the power factor (cos φ) is 1 at resonance.
Step 4: Substitute the given values into the formula: P = 20² / 5 = 80 W.",80,W
CH061,"An RLC circuit has L = 1 H. To resonate at f = 50 Hz, what value of C should be chosen?","Step 1: The given inductance is L = 1 H and the desired resonant frequency is f = 50 Hz.
Step 2: The resonant angular frequency (ω) for an RLC circuit is given by the formula ω = 1 / √(LC).
Step 3: The relationship between angular frequency (ω) and frequency (f) is ω = 2πf.
Step 4: Equating the two expressions for ω, we get 2πf = 1 / √(LC). Squaring both sides gives (2πf)² = 1 / (LC), we arrange the fomula: C = 1 / (4π²f²L) = 1 / (4π² × 50² × 1) = 10.13 μF.",10.13,μF
CH062,What capacitance must the capacitor have for an L-C circuit with L = 0.2 H to resonate at 100 Hz?,"Step 1: The problem asks for the capacitance (C) of an L-C circuit given the inductance (L) and the resonance frequency (f).
Step 2: The given values are L = 0.2 H and f = 100 Hz.
Step 3: The formula for the resonance frequency of an L-C circuit is f = 1 / (2π√(LC)).
Step 4: To solve for C, we rearrange the formula: C = 1 / (4π²f²L) = 1 / (4π² × 100² × 0.2) = 12.67 μF.",12.67,μF
CH063,"Given an inductor L = 0.5 H, what capacitance C is needed to achieve resonance at a frequency of 60 Hz?","Step 1: Identify the given values from the question: Inductance L = 0.5 H and resonance frequency f = 60 Hz.
Step 2: Recall the formula for the resonance frequency (f) of an LC circuit: f = 1 / (2π√(LC)).
Step 3: Rearrange the formula to solve for capacitance (C): C = 1 / ((2πf)²L).
Step 4: Substitute the given values into the rearranged formula: C = 1 / (4π² × 60² × 0.5) = 14.07 μF.",14.07,μF
CH064,"Given an inductor with L = 0.05 H, which resonates at 200 Hz, what is the required capacitance C?","Step 1: Identify the given inductance L = 0.05 H.
Step 2: Identify the given resonant frequency f = 200 Hz.
Step 3: Recall the formula for resonant frequency in an LC circuit: f = 1 / (2π√(LC)).
Step 4: Rearrange the formula to solve for capacitance C: C = 1 / (4π²f²L) = 1 / (4π² × 200² × 0.05) = 12.67 μF.",12.67,μF
CH065,"Given L = 0.3 H, what capacitance C must be chosen for a capacitor to achieve resonance at a frequency of 120 Hz?","Step 1: Identify the given inductance (L) as 0.3 H and the resonant frequency (f) as 120 Hz.
Step 2: Recall the formula for the resonant frequency of an LC circuit: f = 1 / (2π√(LC)).
Step 3: Rearrange the formula to solve for capacitance (C): C = 1 / ( (2πf)² × L ).
Step 4: Substitute the given values into the rearranged formula: C = 1 / (4π² × 120² × 0.3) = 5.86 μF.",5.86,μF
CH066,"A capacitor with C=40 μF. To resonate at f=100 Hz, what inductor L is needed?","Step 1: Identify the given values from the question: Capacitance C = 40 μF and resonant frequency f = 100 Hz.
Step 2: Convert the capacitance to Farads: C = 40 × 10⁻⁶ F.
Step 3: Recall the formula for the resonant frequency of an LC circuit: f = 1 / (2π√(LC)).
Step 4: Rearrange the formula to solve for inductance L: L = 1 / (4π²f²C) = 1 / (4π² × 100² × 40 × 10⁻⁶) = 63.33 mH.",63.33,mH
CH067,What value of inductor L is needed to resonate with C=10 μF at 50 Hz?,"Step 1: The angular resonance frequency (ω) can be expressed in terms of the linear frequency (f) as ω = 2πf.
Step 2: At resonance, the angular frequency (ω) in an LC circuit is also given by the formula ω = 1 / √(LC).
Step 3: Equating the two expressions for ω, we get 2πf = 1 / √(LC).
Step 4: Rearranging the formula, convert the capacitance to Farads: C = 10 × 10⁻⁶ F to solve for L: (2πf)² = 1 / (LC) => L = 1 / (4π²f²C) = 1 / (4π² × 50² × 10 × 10⁻⁶) = 1013.2 mH.",1013.2,mH
CH068,What L is needed for a circuit with C = 20 μF to resonate at 60 Hz?,"Step 1: Identify the given values from the question: Capacitance C = 20 μF and resonance frequency f = 60 Hz.
Step 2: Convert the capacitance from microfarads to farads: C = 20 × 10⁻⁶ F.
Step 3: Recall the formula for the resonance frequency (f) of an LC circuit: f = 1 / (2π√(LC)).
Step 4: Rearrange the formula to solve for the inductance L: L = 1 / (4π²f²C) = 1 / (4π² × 60² × 20 × 10⁻⁶) = 351.8 mH.",351.8,mH
CH069,A circuit has a capacitor C = 25 μF. What inductance L is required for it to resonate at 100 Hz?,"Step 1: The given capacitance C is 25 μF, which is 25 × 10⁻⁶ F.
Step 2: The desired resonant frequency f is 100 Hz.
Step 3: The formula for the resonant frequency of an LC circuit is f = 1 / (2π√(LC)).
Step 4: To solve for L, rearrange the formula: L = 1 / (4π² × f² × C) = 1 / (4π² × 100² × 25 × 10⁻⁶) = 101.32 mH.",101.32,mH
CH070,"An RLC circuit needs to resonate at 150 Hz. If the capacitor C = 15 μF, what must L be?","Step 1: Identify the given resonant frequency (f) and capacitance (C).
Step 2: The resonant frequency for an RLC circuit is given by the formula f = 1 / (2π√(LC)).
Step 3: Rearrange the formula to solve for inductance (L): L = 1 / (4π²f²C).
Step 4: Convert the capacitance from microfarads to farads: C = 15 μF = 15 × 10⁻⁶ F and solve: L = 1 / (4π² × 150² × 15 × 10⁻⁶) = 75 mH",74.96,mH
CH071,What value of C is needed for a circuit to resonate at 400 Hz with L=0.01 H?,"Step 1: The given resonant frequency is f = 400 Hz and the inductance is L = 0.01 H.
Step 2: The formula for the resonant frequency (f) of an LC circuit is f = 1 / (2π√(LC)).
Step 3: To find C, rearrange the formula: 2πf = 1 / √(LC) => (2πf)² = 1 / (LC) => C = 1 / (4π²f²L).
Step 4: Substitute the given values into the formula: C = 1 / (4π² × 400² × 0.01) = 15.83 μF.",15.83,μF
CH072,"Given an inductor with L = 0.04 H, what capacitance C is needed to resonate at a frequency f = 250 Hz?","Step 1: Identify the given values for inductance (L) and resonant frequency (f).
Step 2: Recall the formula for the resonant frequency of an LC circuit: f = 1 / (2π√(LC)).
Step 3: Rearrange the formula to solve for the capacitance (C): C = 1 / (4π²f²L).
Step 4: Substitute the given values L = 0.04 H and f = 250 Hz into the rearranged formula: C = 1 / (4π² × 250² × 0.04) = 10.13 μF.",10.13,μF
CH073,What inductance L is required for a 100 μF capacitor to resonate at 50 Hz?,"Step 1: Identify the given values from the question: the capacitance C = 100 μF and the resonant frequency f = 50 Hz.
Step 2: Convert the capacitance to Farads: C = 100 × 10⁻⁶ F.
Step 3: Recall the formula for resonant frequency in an LC circuit: f = 1 / (2π√(LC)).
Step 4: Rearrange the formula to solve for L: L = 1 / ( (2πf)²C) = 1 / ( (2π × 50)² × 100 × 10⁻⁶ ) = 101.3 mH.",101.3,mH
CH074,What capacitance (C) is needed to achieve resonance with L = 0.5 H at a frequency (f) of 71 Hz?,"Step 1: Identify the formula for resonant frequency (f) in an LC circuit: f = 1 / (2π√(LC)).
Step 2: Rearrange the formula to solve for capacitance (C): C = 1 / (4π²Lf²).
Step 3: Substitute the given values L = 0.5 H and f = 71 Hz into the rearranged formula.
Step 4: Calculate C = 1 / (4π² × 0.5 × 71²) = 10.05 μF.",10.05,μF
CH075,"Given L = 0.2 H, the circuit needs to resonate at f = 225 Hz. What capacitance C should be chosen?","Step 1: The given inductance L is 0.2 H.
Step 2: The desired resonant frequency f is 225 Hz.
Step 3: The formula for the resonant frequency f of an LC circuit is f = 1 / (2π√(LC)).
Step 4: Rearrange the formula to solve for capacitance C: C = 1 / (4π²f²L) = 1 / (4π² × 225² × 0.2) = 2.5 μF.",2.5,μF
CH076,"Given a capacitor with C = 50 μF, what inductance L is required to achieve resonance at 200 Hz?","Step 1: Identify the given capacitance (C) and the desired resonance frequency (f).
Step 2: Recall the formula for the resonance frequency (f) of an LC circuit: f = 1 / (2π√(LC)).
Step 3: Rearrange the formula to solve for the inductance (L): L = 1 / ((2πf)²C).
Step 4: Substitute the given values: C = 50 μF = 50 × 10⁻⁶ F and f = 200 Hz: L = 1 / ((2π × 200)² × 50 × 10⁻⁶) = 12.67 mH.",12.67,mH
CH077,"In an RLC circuit with L = 0.015 H, what value of C is needed to achieve resonance at f = 500 Hz?""","Step 1: Identify the given values from the question: Inductance L = 0.015 H and resonance frequency f = 500 Hz.
Step 2: Recall the formula for the resonance frequency in an RLC circuit: f = 1 / (2π√(LC)).
Step 3: Rearrange the formula to solve for the capacitance C: C = 1 / ( (2πf)² × L ).
Step 4: Substitute the given values into the rearranged formula: C = 1 / ( (2π × 500)² × 0.015) = 6.75 μF.",6.76,μF
CH078,"Calculate the required capacitance C for resonance at f = 75 Hz, with an inductor L = 0.8 H.","Step 1: Identify the given values from the question: frequency f = 75 Hz and inductance L = 0.8 H.
Step 2: Recall the formula for the resonant frequency (f) of an LC circuit: f = 1 / (2π√LC).
Step 3: Rearrange the formula to solve for the capacitance (C): C = 1 / (4π²Lf²).
Step 4: Substitute the given values into the formula: C = 1 / (4π² × 0.8 × 75²) = 5.63 μF.",5.63,μF
CH079,What inductance L is required for a circuit with C=30 μF to resonate at 120 Hz?,"Step 1: Identify the given values from the question: the capacitance C = 30 μF and the resonant frequency f = 120 Hz.
Step 2: Convert the capacitance to SI units: C = 30 × 10⁻⁶ F.
Step 3: Recall the formula for the resonant frequency (f) of an LC circuit: f = 1 / (2π√(LC)).
Step 4: Rearrange the formula to solve for the inductance L: L = 1 / (4π²f²C) = 1 / (4π² × 120² × 30 × 10⁻⁶) = 58.63 mH.",58.63,mH
CH080,An inductor with L=0.25 H is used. What capacitance is required to achieve resonance at f=90 Hz?,"Step 1: Identify the given values from the question: Inductance L = 0.25 H and resonance frequency f = 90 Hz.
Step 2: Recall the formula for the resonance frequency in an LC circuit: f = 1 / (2π√(LC)).
Step 3: Rearrange the formula to solve for capacitance C: C = 1 / (4π²f²L).
Step 4: Substitute the given values into the formula: C = 1 / (4π² × 90² × 0.25) = 12.51 μF.",12.51,μF
CH081,"Given a 4 μF capacitor, what inductance (L) is needed for resonance at 100 Hz?","Step 1: Identify the given values from the question: Capacitance (C) = 4 μF and resonant frequency (f) = 100 Hz.
Step 2: Convert the capacitance to Farads: C = 4 × 10⁻⁶ F.
Step 3: Use the formula for resonant frequency in an LC circuit: f = 1 / (2π√(LC)).
Step 4: Rearrange the formula to solve for inductance (L): L = 1 / ((2πf)²C) = 1 / ( (2π × 100)² × 4.0 × 10⁻⁶) = 633.26 mH.",633.26,mH
CH082,"1. **""If L = 0.1 H, what capacitance C should be chosen to achieve resonance at f = 400 Hz?""**
2. **""Given L = 0.1 H, what value of capacitor C is needed to resonate at f = 400 Hz?""**
3. **""What capacitance C is required for resonance at f = 400 Hz, given an inductance L = 0.1 H?""**","Step 1: The given values are inductance L = 0.1 H and resonance frequency f = 400 Hz. The goal is to find the capacitance C.
Step 2: The formula for the resonance frequency (f) in an LC circuit is f = 1 / (2π√(LC)).
Step 3: To solve for C, rearrange the formula: square both sides to get f² = 1 / (4π²LC), then isolate C to get C = 1 / (4π²Lf²).
Step 4: Substitute the given values into the rearranged formula: C = 1 / (4π² × 0.1 × 400²) = 1.58 μF.",1.58,μF
CH083,What inductor should be chosen to resonate with an 8 μF capacitor at a frequency of 60 Hz?,"Step 1: Identify the given values from the question: the capacitance C = 8 μF and the resonant frequency f = 60 Hz.
Step 2: Convert the capacitance to Farads: C = 8 × 10⁻⁶ F.
Step 3: Use the formula for the resonant frequency of an LC circuit: f = 1 / (2π√(LC)).
Step 4: Rearrange the formula to solve for inductance (L): L = 1 / ((2πf)²C) = 1 / ((2π × 60)² × 8 × 10⁻⁶) = 879.52 mH.",879.52,mH
CH084,"Given a capacitor C = 5 μF, and the circuit needs to resonate at f = 500 Hz, what is the required inductance L?","Step 1: Identify the given values: capacitance C = 5 μF and resonant frequency f = 500 Hz.
Step 2: Convert the capacitance to Farads: C = 5 μF = 5 × 10⁻⁶ F.
Step 3: Recall the formula for the resonant frequency (f) of an LC circuit: f = 1 / (2π√(LC)).
Step 4: Rearrange the formula to solve for the inductance (L): L = 1 / (4π²f²C) = 1 / (4π² × 500² × 5 × 10⁻⁶) = 20.26 mH.",20.26,mH
CH085,"A circuit needs to resonate at 1000 Hz. Given an inductor L=0.005 H, what capacitance C is needed?","Step 1: Identify the given values: resonance frequency (f) = 1000 Hz and inductance (L) = 0.005 H.
Step 2: Recall the formula for the resonance frequency (f) in an LC circuit: f = 1 / (2π√(LC)).
Step 3: Rearrange the formula to solve for capacitance (C): C = 1 / ((2πf)²L).
Step 4: Substitute the given values into the rearranged formula: C = 1 / ((2π × 1000)² × 0.005) = 5.07 μF.",5.07,μF
CH086,"If a capacitor C = 2 μF resonates at 200 Hz, what is the inductance L?","Step 1: Identify the given values: capacitance C = 2 μF and resonant frequency f = 200 Hz.
Step 2: Convert the capacitance to Farads: C = 2 × 10⁻⁶ F.
Step 3: Recall the formula for the resonant frequency of an LC circuit: f = 1 / (2π√(LC)).
Step 4: Rearrange the formula to solve for inductance L: L = 1 / (4π²f²C) = 1 / (4π² × 200² × 2 × 10⁻⁶) = 316.63 mH.",316.63,mH
CH087,"Given L = 0.03 H, what capacitance C must be chosen to achieve resonance at 800 Hz?","Step 1: Identify the given values from the question: Inductance L = 0.03 H and resonant frequency f = 800 Hz.
Step 2: Recall the formula for resonant frequency in an LC circuit: f = 1 / (2π√(LC)).
Step 3: Rearrange the formula to solve for capacitance C: C = 1 / ((2πf)²L).
Step 4: Substitute the given values into the rearranged formula: C = 1 / ((2π × 800)² × 0.03) = 1.32 μF.",1.32,μF
CH088,An inductor has L=1.2 H. What capacitor value is needed to achieve resonance at 40 Hz?,"Step 1: Identify the given values from the question: Inductance L = 1.2 H and resonant frequency f = 40 Hz.
Step 2: Recall the formula for the resonant frequency of an LC circuit: f = 1 / (2π√(LC)).
Step 3: Rearrange the formula to solve for capacitance C: C = 1 / (4π²Lf²).
Step 4: Substitute the given values into the rearranged formula: C = 1 / (4π² × 1.2 × 40²) = 13.19 μF.",13.19,μF
CH089,"An electrical circuit is to resonate at 60 Hz. Given a capacitance C = 100 μF, what inductance L is required?","Step 1: Identify the given values: capacitance C = 100 μF and resonant frequency f = 200 Hz.
Step 2: Convert the capacitance to Farads: C = 100 × 10⁻⁶ F.
Step 3: Recall the formula for the resonant frequency of an LC circuit: f = 1 / (2π√(LC)).
Step 4: Rearrange the formula to solve for inductance L: L = 1 / (4π²f²C) = 1 / (4π² × 60² × 100 × 10⁻⁶) = 70.36 mH.",70.36,mH
CH090,A capacitor C = 0.5 μF resonates at 1000 Hz. What is the inductance L?,"Step 1: The given capacitance is C = 0.5 μF and the resonance frequency is f = 1000 Hz.
Step 2: The formula for the resonance frequency of an LC circuit is f = 1 / (2π√(LC)).
Step 3: Rearrange the formula to solve for inductance L: L = 1 / (4π²f²C).
Step 4: Convert the capacitance to Farads: C = 0.5 × 10⁻⁶ F and solve: L = 1 / (4π² × 1000² × 0.5 × 10⁻⁶) = 50.66 mH.",50.66,mH
CH091,Determine the capacitance C required for resonance with an inductor of L=0.6 H at a frequency of f=30 Hz.,"Step 1: Identify the given values from the question: Inductance (L) = 0.6 H and Resonant frequency (f) = 30 Hz.
Step 2: Recall the formula for the resonant frequency of an LC circuit: f = 1 / (2π√(LC)).
Step 3: Rearrange the formula to solve for capacitance (C): C = 1 / ((2πf)²L).
Step 4: Substitute the given values into the rearranged formula: C = 1 / ((2π × 30)² × 0.6) = 46.9 μF.",46.9,μF
CH092,An inductor has L = 0.07 H. What capacitance C is needed for it to resonate at 350 Hz?,"Step 1: Identify the given values from the question: Inductance L = 0.07 H and resonant frequency f = 350 Hz.
Step 2: Recall the formula for the resonant frequency of an LC circuit: f = 1 / (2π√(LC)).
Step 3: Rearrange the formula to solve for capacitance C: C = 1 / (4π²f²L).
Step 4: Substitute the given values into the rearranged formula: C = 1 / (4π² × 350² × 0.07) = 2.95 μF.",2.96,μF
CH093,A circuit has a capacitance C = 1 μF and resonates at a frequency of 500 Hz. What is the inductance (L)?,"Step 1: Identify the given values: Capacitance (C) = 1 μF and resonance frequency (f) = 500 Hz. The unknown is inductance (L).
Step 2: Convert the capacitance to Farads: C = 1 × 10⁻⁶ F.
Step 3: Recall the formula for the resonance frequency of an LC circuit: f = 1 / (2π√(LC)).
Step 4: Rearrange the formula to solve for inductance (L): L = 1 / (4π²f²C) = 1 / (4π² × 500² × 1 × 10⁻⁶) = 0.101 H.",0.101,H
CH094,"What inductance L is required for a circuit to resonate at f=250 Hz, given a 10 μF capacitor?","Step 1: Identify the given values from the question: resonant frequency f = 250 Hz and capacitance C = 10 μF.
Step 2: Convert the capacitance to Farads: C = 10 × 10⁻⁶ F.
Step 3: State the formula for the resonant frequency of an LC circuit: f = 1 / (2π√(LC)).
Step 4: Rearrange the formula to solve for inductance L: L = 1 / (4π²f²C) = 1 / (4π² × 250² × 10 × 10⁻⁶) = 0.0405 H.",0.0405,H
CH095,What inductor L should be chosen to resonate with a capacitor C = 0.1 μF at 1500 Hz?,"Step 1: Identify the given values from the question: capacitance C = 0.1 μF and resonant frequency f = 1500 Hz.
Step 2: Convert the capacitance to Farads: C = 0.1 × 10⁻⁶ F.
Step 3: State the formula for the resonant frequency of an LC circuit: f = 1 / (2π√(LC)).
Step 4: Rearrange the formula to solve for inductance L: L = L = 1 / (4π²f²C) = 1 / (4π² × 1500² × 0.1 × 10⁻⁶) = 0.1126 H.",0.1126,H
CH096,An LC circuit has an inductance L = 0.02 H and resonates at a frequency f = 1200 Hz. What is the capacitance C?,"Step 1: Identify the given values: inductance L = 0.02 H and resonance frequency f = 1200 Hz.
Step 2: Recall the formula for the resonance frequency of an LC circuit: f = 1 / (2π√(LC)).
Step 3: Rearrange the formula to solve for capacitance C: C = 1 / (4π²f²L).
Step 4: Substitute the given values into the rearranged formula: C = 1 / (4π² × 1200² × 0.02) = 0.88 μF.",0.88,μF
CH097,What capacitance C is needed to achieve resonance at 1000 Hz with an inductor L = 0.025 H?,"Step 1: Identify the given resonance frequency, f = 1000 Hz.
Step 2: Identify the given inductance, L = 0.025 H.
Step 3: Recall the formula for the resonance frequency in an LC circuit: f = 1 / (2π√(LC)).
Step 4: Rearrange the formula to solve for capacitance (C): C = 1 / (4π²f²L) = 1 / (4π² × 1000² × 0.025) = 1.01 μF.",1.01,μF
CH098,"Given L = 0.005 H, what capacitance C is required to achieve resonance at 2000 Hz?","Step 1: Identify the given inductance L = 0.005 H and the desired resonance frequency f = 2000 Hz.
Step 2: Recall the formula for the resonance frequency (f) of an LC circuit: f = 1 / (2π√(LC)).
Step 3: Rearrange the formula to solve for capacitance (C): C = 1 / (4π²f²L).
Step 4: Substitute the given values into the rearranged formula: C = 1 / (4π² × 2000² × 0.005) = 1.27 μF.",1.27,μF
CH099,An inductor L = 0.08 H resonates at f = 250 Hz. What is the capacitance C?,"Step 1: Identify the given values from the question: Inductance L = 0.08 H and resonant frequency f = 250 Hz.
Step 2: Recall the formula for the resonant frequency of an LC circuit: f = 1 / (2π√(LC)).
Step 3: Rearrange the formula to solve for capacitance C: Square both sides to get f² = 1 / (4π²LC), then solve for C to get C = 1 / (4π²f²L).
Step 4: Substitute the given values into the rearranged formula: C = 1 / (4π² × 250² × 0.08) = 5.07 μF.",5.07,μF
CH100,An electrical circuit needs to resonate at f=50 Hz. The capacitor C=200 μF. What inductor L should be chosen?,"Step 1: Identify the given resonant frequency f = 50 Hz and capacitance C = 200 μF.
Step 2: Note the formula for the resonant frequency of an LC circuit: `f = 1 / (2π√(LC))`.
Step 3: Rearrange the formula to solve for inductance (L): `L = 1 / (4π²f²C)`.
Step 4: Convert the capacitance to Farads: `C = 200 μF = 200 × 10⁻⁶ F` and solve: L = 1 / (4π² × 50² × 200 × 10⁻⁶) = 0.05 H.",0.05,H
CH101,"An RLC circuit has R = 30Ω. It resonates at f = 100Hz with a current I = 2A. When f = 200Hz, the current is I = 1A. What is the inductive reactance (ZL) at 100Hz?","Step 1: Determine the source voltage U at resonance (f = 100 Hz). At resonance, total impedance Z₁ = R = 30 Ω. Current I = 2 A. U = I × R = 2 × 30 = 60 V.
Step 2: Calculate total impedance Z₂ at the new frequency (f = 200 Hz). Current I = 1 A. Z₂ = U / I = 60 / 1 = 60 Ω.
Step 3: Calculate net reactance X_net at 200 Hz. From the impedance formula: Z₂² = R² + X_net². Therefore, |X_net| = √(60² - 30²) =√2700 = 30√3 Ω.
Step 4: Relate reactances and solve for Z_L at 100 Hz. At resonance (100 Hz): Z_L = Z_C. At 200 Hz (doubled frequency): Z_L2 = 2Z_L, Z_C2 = Z_C / 2 = Z_L / 2. Net reactance: X_net = Z_L2 - Z_C2 = 2X_L - X_L / 2 = (3/2)X_L. Rearranged formula: X_L = (2/3) × 30√3 = 34.64 Ω.",34.64,Ω
CH102,"R = 20Ω. The resonant current (I_resonance) is 4A at f = 60Hz. When the frequency doubles, the current I becomes 2A. What was the initial ZL?","Step 1: Calculate the source voltage (U) from the resonance condition.
At resonance (f = 60 Hz), the circuit's total impedance Z₁ equals the resistance R. U = I_resonance × R = 4 × 20 = 80 V
Step 2: Determine the total impedance (Z₂) and net reactance (X_net) at the new frequency (f' = 120 Hz). Using the source voltage U and the new current I_resonance: Z₂ = U / I_resonance = 80 / 2 = 40 Ω. The net reactance |X_L2 - X_C2| is found using the impedance formula Z₂² = R² + (X_L2 - X_C2)². We have: |X_L2 - X_C2| = √1200 = 20√3 Ω
Step 3: Relate the reactances at f₂ to the reactances at resonance. Let X_L and X_C be the reactances at 60 Hz (where X_L = X_C). Since f'= 2f, the new reactances are: inductive reactance: X_L2 = 2X_L (directly proportional to f) and capacitive reactance: X_C2 = X_C / 2 = X_L / 2 (inversely proportional to f).
Step 4: Solve for the initial inductive reactance X_L. Substitute the relations from Step 3 into the net reactance equation: |2X_L - X_L / 2| = 20√3 ⇒ X_L = (20√3 × 2)/3 = (40√3) / 3 = 23.09 Ω",23.09,Ω
CH103,"In a circuit with a resistance R = 40Ω, resonance occurs at 50Hz, and the current at resonance is I = 1A. If the frequency is doubled, the current becomes I = 0.8A. What is the inductive reactance (ZL) at the resonant frequency?","Step 1: Determine the source voltage (U) using the resonance condition. At the resonant frequency (f = 50 Hz), the total impedance of the circuit is equal to the resistance R because the reactances cancel each other out (Z_L = Z_C). U = I × R = 1 × 40 = 40 V
Step 2: Calculate the total impedance (Z') and net reactance at the doubled frequency (2f = 100 Hz). When the frequency is doubled, the new current is I' = 0.8 A. The new total impedance Z' is: Z' = U / I' = 40 / 0.8 = 50 Ω. The net reactance |Z_L' - Z_C'| is calculated from the impedance formula (Z')² = R² + (Z_L' - Z_C')²: (Z_L' - Z_C')² = (Z')² - R² = 50² - 40² = 2500 - 1600 = 900. Therefore, |Z_L' - Z_C'| = √900 = 30 Ω
Step 3: Relate the new reactances to the initial inductive reactance (Z_L). Let Z_L and Z_C be the reactances at the resonant frequency (50 Hz), where Z_L = Z_C. When the frequency is doubled: The new inductive reactance is Z_L' = 2×Z_L and The new capacitive reactance is Z_C' = Z_C / 2 = Z_L / 2. The net reactance becomes: |Z_L' - Z_C'| = |2×Z_L - Z_L / 2| = (3×Z_L) / 2
Step 4: Solve for the inductive reactance (Z_L) at the resonant frequency. Substitute the expression from Step 3 into the result from Step 2: Z_L = (30 × 2) / 3 = 20 Ω",20,Ω
CH104,"Given R=25Ω. At a frequency f=120Hz, the circuit is in resonance, and the current I=5A. When the frequency is doubled, the current becomes I=2.5A. What is ZL (the inductive reactance at the initial frequency of 120Hz)?","Step 1: Determine the source voltage (U) from the resonance condition. At the resonant frequency (f = 120 Hz), the circuit's total impedance is equal to the resistance R since the reactances cancel each other out (Z_L = Z_C). U = I × R = 5 × 25 = 125 V
Step 2: Calculate the total impedance (Z') and net reactance at the new frequency (f' = 240 Hz). Given the new current I' = 2.5 A at 240 Hz, the new total impedance Z' is: Z' = U / I' = 125 V / 2.5 A = 50 Ω. Using the impedance formula (Z')² = R² + (Z_L' - Z_C')², we find the net reactance: (Z_L' - Z_C')² = (Z')² - R² = 50² - 25² = 2500 - 625 = 1875. Therefore, |Z_L' - Z_C'| = √1875 = 25√3 Ω
Step 3: Relate the new reactances to the initial inductive reactance (Z_L). At resonance (120 Hz), Z_L = Z_C. Since the frequency is doubled (f' = 2f): The new inductive reactance is Z_L' = 2×Z_L and The new capacitive reactance is Z_C' = Z_C / 2 = Z_L / 2. The net reactance becomes: |Z_L' - Z_C'| = |2×Z_L - Z_L / 2| = (3×Z_L) / 2
Step 4: Solve for the inductive reactance (Z_L) at the resonant frequency. Substitute the expression from Step 3 into the result from Step 2: Z_L = (25√3 × 2) / 3 = 28.87 Ω",28.87,Ω
CH105,"A circuit has a resistance R = 50Ω. At resonance (40Hz), the current I = 3A. When the frequency increases to 80Hz, the current becomes I = 1.5A. What is the inductive reactance (ZL) at 80Hz?","Step 1: Determine the source voltage (U) using the resonance condition. At the resonant frequency (f₁ = 40 Hz), the circuit is purely resistive because the inductive reactance and capacitive reactance are equal (Z_L1 = Z_C1). U = I × R = 3 × 50 = 150 V
Step 2: Calculate the total impedance (Z) and the net reactance at the increased frequency (f₂ = 80 Hz). When the frequency increases to 80 Hz, the current is I' = 1.5 A. The new total impedance Z is: Z = U / I' = 150 / 1.5 = 100 Ω. Using the impedance formula Z² = R² + (Z_L - Z_C)², where Z_L and Z_C are the reactances at 80 Hz: (Z_L - Z_C)² = Z² - R² = 100² - 50² = 10000 - 2500 = 7500. Therefore, |Z_L - Z_C| = √7500 = 50√3 = 86.6 Ω
Step 3: Relate the reactances at 80 Hz to the reactances at resonance (40 Hz). Let Z_L1 be the inductive reactance at 40 Hz. At this frequency, Z_L1 = Z_C1. Since the frequency has doubled (80 Hz = 2 × 40 Hz): The inductive reactance at 80 Hz is Z_L = 2Z_L1 and The capacitive reactance at 80 Hz is Z_C = Z_C1 / 2 = Z_L1 / 2. The net reactance at 80 Hz is: |Z_L - Z_C| = 2Z_L1 - Z_L1 / 2 = (3×Z_L1) / 2
Step 4: Solve for Z_L1 and calculate the final inductive reactance Z_L at 80 Hz. From Step 2 and Step 3: Z_L1 = (50√3 × 2) / 3 ≈ 57.74 Ω. The inductive reactance at the required frequency of 80 Hz (Z_L) is: Z_L = 2Z_L1 = 2 × (100√3)/3 = (200√3)/3 = 115.47 Ω",115.47,Ω
CH106,"Given R=10Ω. At resonance, f=200Hz. When f increases to 400Hz, the current (I) decreases to 1/2. What is ZL?","Step 1: Determine the total impedance Z at 400 Hz relative to the resistance R. At the resonant frequency (f₀ = 200 Hz), the current is maximum (I= U / R). At 400 Hz, the current I becomes half of the resonant current (I = (1/2) × (U / R)). Using the relationship I = U / Z: U / Z = (1/2) × (U / R) ⇒ Z = 2 × R. With R = 10 Ω, the total impedance at 400 Hz is Z = 2 × 10 = 20 Ω.
Step 2: Calculate the net reactance at 400 Hz. Using the impedance formula Z² = R² + (Z_L' - Z_C')², where Z_L' and Z_C' are the reactances at 400 Hz: (Z_L' - Z_C')² = Z² - R² = 20² - 10² = 400 - 100 = 300 ⇒ |Z_L' - Z_C'| = √300 = 10√3 Ω
Step 3: Relate the reactances at 400 Hz to the initial inductive reactance Z_L at resonance (200 Hz). At resonance (200 Hz), Z_L = Z_C. Since the frequency has doubled (400 Hz = 2 × 200 Hz): The inductive reactance at 400 Hz is Z_L' = 2 × Z_L and The capacitive reactance at 400 Hz is Z_C' = Z_C / 2 = Z_L / 2. The net reactance at 400 Hz is: |Z_L' - Z_C'| = 2 × Z_L - Z_L / 2 = (3 × Z_L)/2
Step 4: Solve for the initial inductive reactance Z_L at 200 Hz. Substitute the expression from Step 3 into the result from Step 2: Z_L = (20√3)/3 = 11.55 Ω",11.55,Ω
CH107,"For a circuit with R = 60Ω, resonance occurs at 75Hz. At 150Hz, the current is 0.6A. The current at resonance is 1A. Find ZL.","Step 1: Determine the source voltage (U) from the resonance condition. At the resonant frequency (f₁ = 75 Hz), the total impedance of the circuit is equal to the resistance R because the inductive and capacitive reactances cancel each other out (Z_L1 = Z_C1). U = I × R = 1 A × 60 Ω = 60 V
Step 2: Calculate the total impedance (Z) and the net reactance at the increased frequency (f₂ = 150 Hz).
When the frequency increases to 150 Hz, the current is I' = 0.6 A. The new total impedance Z is: Z = U / I' = 60 V / 0.6 A = 100 Ω. Using the impedance formula Z² = R² + (Z_L' - Z_C')², where Z_L' and Z_C' are the reactances at 150 Hz: (Z_L' - Z_C')² = Z² - R² = 100² - 60² = 10000 - 3600 = 6400 ⇒ |Z_L' - Z_C'| = √6400 = 80 Ω
Step 3: Relate the reactances at 150 Hz to the initial inductive reactance (Z_L). Let Z_L be the inductive reactance at the resonant frequency 75 Hz (where Z_L = Z_C). Since the frequency has doubled (150 Hz = 2 × 75 Hz): The inductive reactance at 150 Hz is Z_L' = 2 × Z_L and The capacitive reactance at 150 Hz is Z_C' = Z_C / 2 = Z_L / 2. The net reactance at 150 Hz is: |Z_L' - Z_C'| = 2 × Z_L - Z_L / 2 = (3 × Z_L)/2
Step 4: Solve for the inductive reactance (Z_L) at the resonant frequency. Substitute the expression from Step 3 into the result from Step 2: Z_L = 80 × 2 / 3= 160 / 3 ≈ 53.33 Ω",53.33,Ω
CH108,"Given an RLC series circuit with a resistance R=30Ω. At its resonant frequency f=50Hz, the current flowing through the circuit is I=2A. If the frequency is then changed to f=100Hz, the current becomes I=1.6A. Calculate the inductive reactance (ZL).","Step 1: Determine the source voltage (U) from the resonance condition. At the resonant frequency (f = 50 Hz), the circuit's total impedance is equal to the resistance R because the inductive and capacitive reactances cancel each other out (Z_L = Z_C). U = I × R = 2 A × 30 Ω = 60 V
Step 2: Calculate the total impedance (Z') and net reactance at the new frequency (100 Hz). When the frequency is changed to 100 Hz, the current is I' = 1.6 A. The new total impedance Z' is: Z' = U / I' = 60 V / 1.6 A = 37.5 Ω. Using the impedance formula (Z')² = R² + (Z_L' - Z_C')², where Z_L' and Z_C' are the reactances at 100 Hz: (Z_L' - Z_C')² = (Z')² - R² = 37.5² - 30² = 1406.25 - 900 = 506.25 ⇒ |Z_L' - Z_C'| = √506.25 = 22.5 Ω
Step 3: Relate the reactances at 100 Hz to the initial inductive reactance (Z_L). Let Z_L be the inductive reactance at 50 Hz (where Z_L = Z_C). Since the frequency has doubled (100 Hz = 2 × 50 Hz): The new inductive reactance is Z_L' = 2 × Z_L (proportional to f) and The new capacitive reactance is Z_C' = Z_C / 2 = Z_L / 2 (inversely proportional to f). The net reactance at 100 Hz is: |Z_L' - Z_C'| = 2 × Z_L - Z_L / 2 = (3 × Z_L)/2
Step 4: Solve for the initial inductive reactance (Z_L) at 50 Hz. Substitute the expression from Step 3 into the result from Step 2: Z_L = 22.5 × 2 / 3= 15 Ω",15,Ω
CH109,"R = 40Ω, resonance frequency f = 60Hz. The current is halved when f = 120Hz. What is ZL?","Step 1: Determine the total impedance (Z') at 120 Hz relative to the resistance (R). At the resonant frequency (f = 60 Hz), the current is at its maximum (I_max = U / R). When the frequency is doubled to 120 Hz, the current I' becomes half of the maximum value (I' = I_max / 2). Using the relationship I = U / Z: U / Z' = (1/2) × (U / R) ⇒ Z' = 2 × R. Given R = 40 Ω, the total impedance at 120 Hz is Z' = 2 × 40 = 80 Ω.
Step 2: Calculate the net reactance at 120 Hz. Using the impedance formula (Z')² = R² + (Z_L' - Z_C')², where Z_L' and Z_C' are the reactances at 120 Hz: (Z_L' - Z_C')² = (Z')² - R² = 80² - 40² = 6400 - 1600 = 4800 ⇒ |Z_L' - Z_C'| = √4800 = 40√3 Ω
Step 3: Relate the reactances at 120 Hz to the initial inductive reactance (Z_L). At the resonant frequency (60 Hz), let the inductive reactance be Z_L (where Z_L = Z_C). Since the frequency has doubled (120 Hz = 2 × 60 Hz): The new inductive reactance is Z_L' = 2 × Z_L and The new capacitive reactance is Z_C' = Z_C / 2 = Z_L / 2. The net reactance at 120 Hz is: |Z_L' - Z_C'| = 2 × Z_L - Z_L / 2 = (3 × Z_L)/2
Step 4: Solve for the initial inductive reactance (Z_L) at 60 Hz. Substitute the expression from Step 3 into the result from Step 2: Z_L = (80√3)/3 = 46.19 Ω",46.19,Ω
CH110,"In an RLC circuit: The resistance R = 80Ω. At resonance, the current is I = 2A, and this occurs at a frequency f = 100Hz. When the frequency is f = 200Hz, the current is I = 1.6A. What is the inductive reactance (ZL)?","Step 1: Determine the source voltage (U) from the resonance condition. At the resonant frequency (f = 100 Hz), the circuit's total impedance is equal to the resistance R because the inductive and capacitive reactances cancel each other out (Z_L = Z_C). U = I × R = 2 × 80 = 160 V
Step 2: Calculate the total impedance (Z') and net reactance at the new frequency (200 Hz). When the frequency is changed to 200 Hz, the current is I' = 1.6 A. The new total impedance Z' is: Z' = U / I' = 160 V / 1.6 A = 100 Ω. Using the impedance formula (Z')² = R² + (Z_L' - Z_C')², where Z_L' and Z_C' are the reactances at 200 Hz: (Z_L' - Z_C')² = (Z')² - R² = 100² - 80² = 10000 - 6400 = 3600 ⇒ |Z_L' - Z_C'| = √3600 = 60 Ω
Step 3: Relate the reactances at 200 Hz to the initial inductive reactance (Z_L). Let Z_L be the inductive reactance at 100 Hz (where Z_L = Z_C). Since the frequency has doubled (200 Hz = 2 × 100 Hz): The new inductive reactance is Z_L' = 2 × Z_L (proportional to f) and The new capacitive reactance is Z_C' = Z_C / 2 = Z_L / 2 (inversely proportional to f). The net reactance at 200 Hz is: |Z_L' - Z_C'| = 2 × Z_L - Z_L / 2 = (3 × Z_L)/2
Step 4: Solve for the initial inductive reactance (Z_L) at 100 Hz. Substitute the expression from Step 3 into the result from Step 2: Z_L = 40 Ω",40,Ω
CH141,"An AC series circuit consists of a pure resistor R, a capacitor C, and an inductor L with internal resistance r. An AC voltage of 120V – 50Hz is applied across the entire circuit. The RMS voltage across the R-C series combination and the RMS voltage across the C-Lr series combination are both 90 V. Furthermore, the circuit is currently in electrical resonance. What is the RMS voltage across the capacitor?","Step 1: At electrical resonance in a series AC circuit, the inductive reactance equals the capacitive reactance, meaning the voltage across the pure inductor (U_L) is equal to the voltage across the capacitor (U_C). So, U_L = U_C.
Step 2: The RMS voltage across the C-Lr combination (U_CLr) is given by U_CLr = √((U_L - U_C)² + U_r²). Given U_CLr = 90 V, and knowing U_L = U_C from Step 1, this simplifies to 90 V = √(0² + U_r²), which means U_r = 90 V.
Step 3: The total RMS voltage across the entire circuit (U_total) is given by U_total = √((U_R + U_r)² + (U_L - U_C)²). Given U_total = 120 V, and knowing U_L = U_C from Step 1, this simplifies to 120 = √((U_R + U_r)²), which means 120 = U_R + U_r. Substituting U_r = 90 V from Step 2, we get 120 = U_R + 90, so U_R = 30 V.
Step 4: The RMS voltage across the R-C series combination (U_RC) is given by U_RC = √(U_R² + U_C²). Given U_RC = 90 V, and knowing U_R = 30 V from Step 3, we can write 90 V = √((30)² + U_C²). Squaring both sides yields 90² = 30² + U_C², so 8100 V² = 900² + U_C². Therefore, U_C² = 7200², and U_C = √7200 V = 60√2 V.",84.85,V
CH142,"A series RLC circuit consists of a resistor R, a capacitor C, and an inductor L. An RMS AC voltage U = 100 V is applied across the circuit. Given that the RMS voltage across the R-C section and the C-L section are both equal to 120 V. The circuit is in electrical resonance. Calculate the RMS voltage across the capacitor, UC.","Step 1: Identify the properties of voltages at resonance.
In an RLC circuit at electrical resonance, the voltage across the inductor (U_L) and the voltage across the capacitor (U_C) are equal in magnitude but opposite in phase (U_L = U_C). At this point, the total supply voltage U equals the voltage across the resistor R:
U = U_R = 100 V
Step 2: Set up the voltage equations for the circuit segments.
According to the problem, the RMS voltage across the R-C segment and the C-L segment are both 120 V. We have the relations:
For the R-C segment: U_RC² = U_R² + U_C² = 120²
For the C-L segment: U_CL = |U_C - U_L|
Step 3: Substitute the resonance voltages into the equation.
From the given U_RC = 120 V and U_R = 100 V (determined in Step 1), substitute into the R-C segment equation: 100² + U_C² = 120²
Step 4: Calculate the RMS voltage across the capacitor (U_C).
Solve the equation from Step 3 for U_C: U_C = √4,400 = 66.3 V",66.3,V
CH143,"Consider a series RLC AC circuit, powered by an RMS voltage of 220 V at a frequency of 50 Hz. It is known that the RMS voltage across the R-C combination and across the C-L combination are both 300 V, and the circuit is currently in resonance. What is the RMS voltage across the capacitor C?","Step 1: Identify the given information for the series RLC AC circuit.
The RMS supply voltage is V_rms_supply = 220 V. The circuit is in resonance, so the inductive reactance equals the capacitive reactance (Z_L = Z_C). The RMS voltage across the R-C combination is given as V_RC = 300 V.
Step 2: At resonance in a series RLC circuit, the total supply voltage equals the voltage across the resistor (V_R), because the reactive voltages cancel each other out.
Thus: V_R = V_rms_supply = 220 V
Also, the voltage across the inductor equals the voltage across the capacitor in magnitude: V_L = V_C.
Step 3: The RMS voltage across the R-C combination is V_RC = √(V_R² + V_C²).
Substitute the known values:
V_RC = √(V_R² + V_C²)
300 = √(220² + V_C²)
Step 4: Solve for V_C by squaring both sides: V_C = √(90000 - 48400) = 203.96 V",203.96,V
CH144,A series RLC circuit at resonance is connected to an AC supply with an RMS voltage of 90 V. The RMS voltage measured across the R-C section and across the C-L section are both 110 V. Calculate the RMS voltage across the capacitor C.,"Step 1: Identify the circuit as a series RLC circuit operating at resonance.
Step 2: At resonance, the total RMS voltage of the source (U_total) is equal to the RMS voltage across the resistor (U_R). Also, the RMS voltage across the inductor (U_L) equals the RMS voltage across the capacitor (U_C).
Step 3: Given U_total = 90 V, it implies U_R = 90 V.
Step 4: The RMS voltage across the R-C section (U_RC) is given as 110 V. In a series circuit, U_RC² = U_R² + U_C². Solve euqation we have U_C = √(12100 - 8100) = 63.3 V.",63.3,V
CH145,"An RLC series circuit is connected to an AC power source with an RMS voltage U = 150 V. At resonance, the RMS voltages across the R-C combination and the C-L combination are equal, and both are 180 V. Calculate the RMS voltage across the capacitor C.","Step 1: Determine the voltage across the resistor R at resonance.
When the circuit is in electrical resonance, the voltage across the inductor (U_L) and the voltage across the capacitor (U_C) are equal in magnitude but opposite in phase (U_L = U_C). At this point, the effective supply voltage U equals the effective voltage across the resistor R: U_R = U = 150 V
Step 2: Set up the voltage equation for the R-C segment.
The effective voltage across the R-C segment is given by:
U_RC² = U_R² + U_C²
Substitute the given values U_RC = 180 V and U_R = 150 V:
180² = 150² + U_C²
Step 3: Calculate the effective voltage across the capacitor (U_C).
From the equation in Step 2: U_C = √9900 = 99.5 V",99.5,V
CH146,"An AC voltage u = 200√2 cos 100πt (V) is applied to a series RLC circuit with R = 100 Ω, L = 1/π H, and C = 10⁻⁴/(2π) F. Calculate the effective (or RMS) voltage of the source.","Step 1: The given AC voltage equation is u = 200√2 cos 100πt (V).
Step 2: This equation is in the standard form u = U_peak cos(ωt), where U_peak is the peak voltage.
Step 3: From the given equation, the peak voltage U_peak is 200√2 V.
Step 4: The effective (RMS) voltage U_RMS is related to the peak voltage by the formula U_RMS = U_peak / √2 = 200 V.",200,V
CH147,"A voltage u = 200√2 cos 100πt (V) is applied to a series RLC circuit with R = 100 Ω, L = 1/π H, and C = 10⁻⁴/(2π) F. Calculate the angular frequency ω of the source.","Step 1: The general form of instantaneous voltage in an AC circuit is u = U₀ cos(ωt + φ), where ω is the angular frequency.
Step 2: Compare the given voltage equation, u = 200√2 cos 100πt (V), with the general form.
Step 3: From the comparison, the angular frequency ω is 100π rad/s.",100π,rad/s
CH148,"A voltage u = 200√2 cos(100π t) V is applied to a series RLC circuit with R = 100 Ω, L = 1/π H, C = 10⁻⁴ / (2π) F. Calculate the inductive reactance X_L of the inductor.","Step 1: The formula for inductive reactance (X_L) is X_L = ω L.
Step 2: From the given voltage equation u = 200√2 cos(100π t) V, the angular frequency ω is 100π rad/s.
Step 3: From the question, the inductance L is given as 1/π H.
Step 4: Substitute the values of ω and L into the formula for X_L: X_L = (100π) × (1/π) = 100 Ω",100,Ω
CH149,"A voltage u = 200√2 cos 100πt (V) is applied to a series RLC circuit with R = 100 Ω, L = 1/π H, C = 10⁻⁴/(2π) F. Calculate the capacitive reactance XC of the capacitor.","Step 1: Identify the angular frequency (ω) from the given voltage equation u = 200√2 cos 100πt (V).
Step 2: From the standard form u = U_max cos(ωt), the angular frequency ω is 100π rad/s.
Step 3: Identify the capacitance (C) from the given circuit parameters, C = 10⁻⁴/(2π) F.
Step 4: Use the formula for capacitive reactance, XC = 1 / (ωC) = 200 Ω.",200,Ω
CH150,"A voltage u = 200√2 cos 100πt (V) is applied to a series RLC circuit with R = 100 Ω, L = 1/π H, C = 10⁻⁴/(2π) F. Calculate the total impedance Z of the circuit.","Step 1: Identify the angular frequency (ω) from the given voltage equation u = 200√2 cos 100πt (V). Comparing this to u = U_max cos(ωt), we find ω = 100π rad/s.
Step 2: Calculate the inductive reactance (ZL) using the formula ZL = ωL. Substitute the given values R = 100 Ω, L = 1/π H, C = 10⁻⁴/(2π) F: XL = (100π) × (1/π) = 100 Ω.
Step 3: Calculate the capacitive reactance (ZC) using the formula ZC = 1/(ωC). Substitute the values: ZC = 1 / (100π × 10⁻⁴/(2π)) = 1 / (100 × 10⁻⁴ / 2) = 1 / (0.01 / 2) = 1 / 0.005 = 200 Ω.
Step 4: Calculate the total impedance (Z) for a series RLC circuit using the formula Z = √(R² + (ZL - ZC)²) = √(100² + 100V) = 141.1 Ω.",141.4,Ω
CH151,"A voltage u = 200√2 cos 100πt (V) is applied to a series RLC circuit with R = 100 Ω, L = 1/π H, C = 10⁻⁴/(2π) F. Calculate the RMS (or effective) current I in the circuit.","Step 1: Identify the peak voltage (U_max) and angular frequency (ω) from the given voltage equation u = 200√2 cos 100πt.We have U_rms = 200
Step 2: Calculate the inductive reactance Z_L using Z_L = ωL = 100 Ω.
Step 3: Calculate the capacitive reactance Z_C using Z_C = 1/(ωC) = 200 Ω.
Step 4: Calculate the total impedance Z of the series RLC circuit using Z = √(R² + (Z_L - Z_C)²) = 100√2. Solve I = U_rms / Z = 1.41 A.",1.414,A
CH152,"A voltage u = 200√2 cos 100πt (V) is applied to a series RLC circuit with R = 100 Ω, L = 1/π H, C = 10⁻⁴/(2π) F. Calculate the power factor cosφ.","Step 1: Identify the angular frequency (ω) from the given voltage equation.
Step 2: Calculate the inductive reactance (ZL) using the formula ZL = ωL = 100 Ω.
Step 3: Calculate the capacitive reactance (ZC) using the formula ZC = 1/(ωC) = 200 Ω.
Step 4: Calculate the total impedance (Z) of the series RLC circuit using the formula Z = √(R² + (XL - XC)²). Solve cosφ = R / Z = 0.707",0.707,-
CH153,"A voltage u = 200√2 cos 100πt (V) is applied to a series RLC circuit with R = 100 Ω, L = 1/π H, and C = 10⁻⁴/(2π) F. Calculate the average power P consumed by the circuit.","Step 1: Identify the peak voltage (U₀) and angular frequency (ω) from the applied voltage equation u = 200√2 cos 100πt (V).
Step 2: Calculate the RMS voltage (U) using U = U₀ / √2.
Step 3: Calculate the inductive reactance (Z_L) using Z_L = ωL. Calculate the capacitive reactance (Z_C) using Z_C = 1 / (ωC).
Step 4: Calculate P = U² × R / Z² = (200)² × 100 / (100√2)² = 200 W",200,W
CH154,"A voltage u = 200√2 cos 100πt (V) is applied to a series RLC circuit with R = 100 Ω, L = 1/π H, C = 10⁻⁴/(2π) F. Calculate the RMS voltage across the inductor, UL","Step 1: Identify the peak voltage (U₀) and angular frequency (ω) from the given voltage equation u = 200√2 cos 100πt (V).
Step 2: Calculate the RMS voltage of the source (U_RMS_source) using U_RMS_source = U₀ / √2.
Step 3: Calculate the inductive reactance (Z_L) using Z_L = ωL, with L = 1/π H. Calculate the capacitive reactance (Z_C) using Z_C = 1/(ωC), with C = 10⁻⁴/(2π) F.
Step 4: Calculate the RMS voltage across the inductor (U_L).
First, calculate the RMS current intensity I = U / Z: I = 200 / (100√2) = √2 A. Then, calculate U_L: U_L = I × Z_L = √2 × 100 = 100√2 V ≈ 141.4 V",141.4,V
CH155,"A voltage u = 200√2 cos 100πt (V) is applied to a series RLC circuit with R = 100 Ω, L = 1/π H, C = 10⁻⁴/(2π) F. Calculate the RMS voltage across the capacitor, $U_C$.","Step 1: Identify the peak voltage (U₀) and angular frequency (ω) from the given voltage equation u = 200√2 cos(100π t) V.
Peak voltage U₀ = 200√2 V
Angular frequency ω = 100π rad/s
Step 2: Calculate the RMS total voltage (U).
U = U₀ / √2 = 200√2 / √2 = 200 V
Step 3: Calculate the inductive reactance (Z_L = X_L): Z_L = ω × L = 100π × (1/π) = 100 Ω. Calculate the capacitive reactance (Z_C = X_C): Z_C = 1 / (ω × C) = 1 / (100π × 10⁻⁴ / (2π)) = 1 / (50 × 10⁻⁴) = 1 / 0.005 = 200 Ω
Step 4: Find the total impedance Z: Z = √(R² + (Z_L - Z_C)²) = √(100² + (100 - 200)²) = 100√2 Ω. RMS current I = U / Z = 200 / (100√2) = √2 A. Then, RMS voltage across the capacitor U_C = I × Z_C = √2 × 200 = 200√2 V = 282.8 V",282.8,V
CH156,An RMS voltage U = 60 V is applied to a series RLC circuit with R = 40 Ω and currently in a state of resonance. Calculate the maximum RMS current Imax.,"Step 1: Identify the given RMS voltage U and resistance R.
Step 2: Recognize that for a series RLC circuit in a state of resonance, the total impedance Z is equal to the resistance R.
Step 3: State the formula for RMS current (I_RMS) in an AC circuit, which is Ohm's law: I_RMS = U / Z.
Step 4: Substitute Z = R into the formula for the RMS current at resonance: I_RMS = U / R = 1.5 A.",1.5,A
CH157,"An RMS voltage U = 75 V is applied to a series RLC circuit with R = 50 Ω, which is in resonance. Calculate the maximum effective current Imax.","Step 1: Identify the given RMS voltage U = 75 V.
Step 2: Identify the given resistance R = 50 Ω.
Step 3: Recognize that the circuit is in resonance.
Step 4: In a series RLC circuit at resonance, the impedance Z is equal to the resistance R. So, Z = R = 50 Ω. Then, I = U / R = 1.5 A",1.5,A
CH158,"An RMS voltage U = 90 V is applied to a series RLC circuit with R = 60 Ω, and the circuit is at resonance. Calculate the maximum RMS current Imax.","Step 1: Identify the given RMS voltage U = 90 V and resistance R = 60 Ω.
Step 2: Note that the circuit is at resonance.
Step 3: At resonance in a series RLC circuit, the total impedance Z is equal to the resistance R. So, Z = R = 60 Ω.
Step 4: Use Ohm's Law for AC circuits to calculate the RMS current Imax: Imax = U / Z = 1.5 A.",1.5,A
CH159,An RMS voltage U = 112 V is applied to a series RLC circuit with R = 75 Ω which is currently at resonance. Calculate the maximum effective current Imax.,"Step 1: The given RMS voltage is U = 112 V.
Step 2: The given resistance is R = 75 Ω.
Step 3: In a series RLC circuit at resonance, the total impedance Z is equal to the resistance R. So, Z = R = 75 Ω.
Step 4: The effective (RMS) current Imax in an AC circuit is calculated using Ohm's Law: Imax = U / Z = 1.493 A.",1.493,A
CH160,"An effective voltage U = 120 V is applied to a series RLC circuit with R = 80 Ω, operating at resonance. Calculate the maximum effective current Imax.","Step 1: Identify the given effective voltage (U) and resistance (R).
Step 2: Recognize that the circuit is operating at resonance.
Step 3: At resonance, the impedance (Z) of a series RLC circuit is equal to its resistance (R).
Step 4: Therefore, Z = R = 80 Ω. Then, I = U / R = 1.5 A.",1.5,A
CH161,Apply an effective voltage U = 135 V to a series RLC circuit with R = 90 Ω that is currently in a state of resonance. Calculate the maximum effective current Imax.,"Step 1: Identify the given values from the question: effective voltage U = 135 V and resistance R = 90 Ω.
Step 2: Note that the RLC circuit is in a state of resonance.
Step 3: At resonance in a series RLC circuit, the impedance (Z) is equal to the resistance (R) because the inductive and capacitive reactances cancel each out.
Step 4: Therefore, the impedance Z = R = 90 Ω. Then, I = U / R = 1.5 A.",1.5,A
CH162,"An RMS voltage U = 150 V is applied to a series RLC circuit with R = 100 Ω, which is at resonance. Calculate the maximum effective (RMS) current, Imax.","Step 1: Identify that the circuit is a series RLC circuit operating at resonance.
Step 2: Recall that at resonance, the impedance (Z) of a series RLC circuit is equal to its resistance (R).
Step 3: State the given resistance R = 100 Ω. Therefore, the impedance Z = 100 Ω.
Step 4: State the given RMS voltage U = 150 V. Then, I = U / R = 1.5 A",1.5,A
CH163,An RMS voltage U = 180 V is applied to a series RLC circuit with R = 120 Ω that is operating at resonance. Calculate the maximum effective current Imax.,"Step 1: Identify that the circuit is a series RLC circuit operating at resonance.
Step 2: At resonance, the total impedance (Z) of a series RLC circuit is equal to its resistance (R).
Step 3: State the formula for RMS current (I) using Ohm's Law for AC circuits: I = U / Z.
Step 4: Substitute the impedance at resonance into the current formula: I = U / R = 1.5 A.",1.5,A
CH164,"Apply an RMS voltage U = 225 V to a series RLC circuit with R = 150 Ω, which is currently at resonance. Calculate the maximum effective current Imax.","Step 1: Identify the given RMS voltage U and resistance R.
Step 2: Note that the series RLC circuit is at resonance.
Step 3: At resonance in a series RLC circuit, the total impedance Z is equal to the resistance R.
Step 4: Calculate the RMS current (I_rms) using Ohm's Law: I_rms = U / Z = U / R = 1.5 A.",1.5,A
CH165,"An RMS voltage U = 300 V is applied to a series RLC circuit with R = 200 Ω, and the circuit is in resonance. Calculate the maximum RMS current I_max.","Step 1: Identify the given values from the question: RMS voltage U = 300 V and resistance R = 200 Ω.
Step 2: Recognize that when a series RLC circuit is in resonance, the impedance (Z) of the circuit is equal to the resistance (R).
Step 3: Apply Ohm's law for AC circuits at resonance to find the RMS current: I_max = U / R.
Step 4: Substitute the given values into the formula: I_max = 300 / 200 = 1.5 A.",1.5,A
CH166,"An RMS voltage U = 60 V is applied to a series RLC circuit with R = 40 Ω, operating at resonance. Calculate the maximum power dissipated Pmax.","Step 1: In a series RLC circuit operating at resonance, the total impedance (Z) is equal to the resistance (R) and the power factor (cos φ) is 1.
Step 2: The maximum power dissipated (Pmax) in an RLC circuit occurs at resonance and can be calculated using the formula Pmax = U_RMS² / R.
Step 3: Substitute the given values: U_RMS = 60 V and R = 40 Ω.
Step 4: Calculate Pmax = 60² / 40 = 90 W.",90,W
CH167,An RMS voltage U = 75 V is applied to a series RLC circuit with R = 50 Ω that is currently at resonance. Calculate the maximum power dissipation Pmax.,"Step 1: Identify the given RMS voltage (U) and resistance (R).
Step 2: Recognize that at resonance in a series RLC circuit, the total impedance (Z) is equal to the resistance (R) and the power factor (cos φ) is 1.
Step 3: State the formula for maximum power dissipation (P_max) at resonance, which is P_max = U² / R.
Step 4: Substitute the given values into the formula and calculate the maximum power: P = 75² / 50 = 112.5 W.",112.5,W
CH168,"Apply an RMS voltage U = 90 V to a series RLC circuit with R = 60 Ω, which is currently operating at resonance. Calculate the maximum power consumed Pmax.","Step 1: Identify the given RMS voltage U and resistance R from the question.
Step 2: Note that the circuit is a series RLC circuit operating at resonance.
Step 3: At resonance, the total impedance (Z) of a series RLC circuit is equal to its resistance (R).
Step 4: Also, at resonance, the power factor (cos φ) is 1. The formula for power (P) in an AC circuit is: P = U² / Z × cos(φ). Since Z = R and cos(φ) = 1 at resonance: Pmax = U² / R = 135 W",135,W
CH169,Apply an RMS voltage U = 112 V to a series RLC circuit with R = 75 Ω and at resonance. Calculate the maximum power consumed Pmax.,"Step 1: Identify the given RMS voltage U = 112 V and resistance R = 75 Ω.
Step 2: Recognize that for a series RLC circuit at resonance, the total impedance Z is equal to the resistance R and the power factor (cos φ) is 1.
Step 3: State the formula for the maximum power Pmax consumed at resonance, which is Pmax = U² / R.
Step 4: Substitute the given values into the formula: Pmax = 112² / 75 = 167.25 W.",167.25,W
CH170,"An RMS voltage U = 120 V is applied to a series RLC circuit with R = 80 Ω, which is currently at resonance. Calculate the maximum power dissipated Pmax.","Step 1: Identify the given RMS voltage U = 120 V.
Step 2: Identify the given resistance R = 80 Ω.
Step 3: Recognize that the series RLC circuit is at resonance.
Step 4: At resonance, the total impedance (Z) of a series RLC circuit is equal to its resistance (R) and the power factor (cos φ) is 1. Then, Pmax = 120² / 80 = 180 W.",180,W
CH171,Apply effective voltage U = 135 V to a series RLC circuit with R = 90 Ω and currently resonating. Calculate the maximum power consumed Pmax.,"Step 1: The circuit is a series RLC circuit currently at resonance.
Step 2: At resonance in a series RLC circuit, the total impedance (Z) is equal to the resistance (R) and the power factor (cos φ) is 1.
Step 3: The maximum power consumed (Pmax) in an AC circuit at resonance is given by Pmax = U² / R.
Step 4: Given values are U = 135 V and R = 90 Ω. Then, Pmax = 202.5 W.",202.5,W
CH172,"An RMS voltage U = 150 V is applied to a series RLC circuit with R = 100 Ω. The circuit is currently in resonance. Calculate the maximum power consumed, Pmax.","Step 1: The given RMS voltage is U = 150 V.
Step 2: The given resistance is R = 100 Ω.
Step 3: The question states that the circuit is currently in resonance.
Step 4: In a series RLC circuit at resonance, the total impedance (Z) is equal to the resistance (R), and the power consumed is maximum. Then, Pmax = 225 W.",225,W
CH173,"RMS voltage U = 180 V is applied to a series RLC circuit with R = 120 Ω, and the circuit is currently resonating. Calculate the maximum power dissipated Pmax.","Step 1: Identify the given RMS voltage (U) and resistance (R).
Step 2: Recognize that for a series RLC circuit at resonance, the total impedance (Z) is equal to the resistance (R).
Step 3: State the formula for the maximum power dissipated (Pmax) in a series RLC circuit at resonance.
Step 4: Substitute the given values into the formula and calculate the maximum power. Then Pmax = 270 W.",270,W
CH174,"Apply an RMS voltage U = 225 V to a series RLC circuit with R = 150 Ω, which is currently in resonance. Calculate the maximum power dissipated (Pmax).","Step 1: Identify the given values: RMS voltage U = 225 V and resistance R = 150 Ω.
Step 2: Recognize that for a series RLC circuit at resonance, the total impedance (Z) is equal to the resistance (R). So, Z = R = 150 Ω.
Step 3: Recall the formula for power dissipated in an AC circuit: P = U² / Z.
Step 4: Since Z = R at resonance, the maximum power dissipated (Pmax) is given by Pmax = U² / R = 337.5 W.",337.5,W
CH175,"An RMS voltage U = 300 V is applied to a series RLC circuit with R = 200 Ω, which is operating at resonance. Calculate the maximum power consumed (Pmax).","Step 1: The given RMS voltage is U = 300 V.
Step 2: The given resistance is R = 200 Ω.
Step 3: For a series RLC circuit operating at resonance, the impedance (Z) is equal to the resistance (R).
Step 4: The maximum power consumed (Pmax) in a series RLC circuit at resonance is calculated using the formula Pmax = U² / R = 450 W.",450,W
CH176,What is the power factor (cosφ) of a series RLC circuit at resonance?,"Step 1: Identify the condition for a series RLC circuit at resonance.
Step 2: At resonance, the inductive reactance (Z_L) equals the capacitive reactance (Z_C).
Step 3: This equality means the net reactive impedance (Z_L - Z_C) is zero.
Step 4: The total impedance (Z) of the circuit becomes purely resistive, equal to R (Z = R). Then, cosφ = R/R = 1.",1,-
CH177,What is the power factor (cosφ) of a series RLC resonant circuit?,"Step 1: The circuit described is a series RLC resonant circuit.
Step 2: At resonance in a series RLC circuit, the inductive reactance (XL) is equal to the capacitive reactance (XC).
Step 3: This equality means that the net reactive component of the impedance is zero (XL - XC = 0).
Step 4: Therefore, at resonance, the total impedance (Z) of the series RLC circuit is purely resistive, equal to the resistance (R). Then, cosφ = R/R = 1.",1,-
CH178,"""Calculate the power factor (cosφ) of an RLC circuit when Z = R (at resonance).","Step 1: The power factor (cosφ) in an AC circuit is defined as the ratio of resistance (R) to total impedance (Z), so cosφ = R/Z.
Step 2: The question specifies the condition ""at resonance,"" where the total impedance (Z) is equal to the resistance (R).
Step 3: Substitute the condition Z = R into the power factor formula.
Step 4: cosφ = R/R = 1.",1,-
CH179,"When resonance occurs (φ = 0), what is cosφ?","Step 1: The question states that resonance occurs when the phase angle φ = 0.
Step 2: We need to find the value of cosφ under this condition.
Step 3: Substitute the given value of φ into the cosine function.
Step 4: cos(0) = 1.",1,-
CH180,What value does cosφ reach in the case of resonance?,"Step 1: The question asks for the value of cosφ at resonance.
Step 2: In an AC circuit, resonance occurs when the inductive reactance (ZL) equals the capacitive reactance (ZC).
Step 3: The phase angle (φ) of an AC circuit is given by tanφ = (ZL - ZC) / R.
Step 4: At resonance, ZL - ZC = 0, so tanφ = 0. This means φ = 0° (the current and voltage are in phase). Therefore, cosφ = cos(0°) = 1.",1,-
CH181,"At resonance, what is the total impedance Z of a series RLC circuit with R = 30 Ω?","Step 1: In a series RLC circuit, the total impedance Z is given by Z = √(R² + (ZL - ZC)²), where R is resistance, ZL is inductive reactance, and ZC is capacitive reactance.
Step 2: At resonance in a series RLC circuit, the inductive reactance ZL is equal to the capacitive reactance ZC (ZL = ZC).
Step 3: Substituting the resonance condition (ZL - ZC = 0) into the impedance formula, we get Z = √(R² + 0²) = √(R²) = R.
Step 4: Given that R = 30 Ω, the total impedance Z at resonance is 30 Ω.",30,Ω
CH182,What is the total impedance Z of a series RLC circuit with R = 45 Ω at resonance?,"Step 1: Identify that the circuit is a series RLC circuit operating at resonance.
Step 2: Recall that for a series RLC circuit, the total impedance Z is given by Z = √(R² + (ZL - ZC)²), where R is resistance, ZL is inductive reactance, and ZC is capacitive reactance.
Step 3: At resonance, the inductive reactance (ZL) is equal to the capacitive reactance (ZC), meaning (ZL - ZC) = 0.
Step 4: Substitute (ZL - ZC) = 0 into the impedance formula, which simplifies it to Z = √(R² + 0²) = √(R²) = R = 45 Ω.",45,Ω
CH183,"At resonance, what is the total impedance Z of a series RLC circuit with R = 60 Ω?","Step 1: The circuit is a series RLC circuit operating at resonance.
Step 2: The total impedance Z for a series RLC circuit is generally given by Z = √(R² + (ZL - ZC)²), where R is resistance, ZL is inductive reactance, and ZC is capacitive reactance.
Step 3: At resonance, the inductive reactance (ZL) is equal to the capacitive reactance (ZC), which means (ZL - ZC) = 0.
Step 4: Substituting the resonance condition into the impedance formula simplifies it to Z = √(R² + 0²) = √(R²) = R = 60 Ω.",60,Ω
CH184,What is the total impedance Z of a series RLC circuit with R = 80 Ω at resonance?,"Step 1: The circuit described is a series RLC circuit operating at resonance.
Step 2: In a series RLC circuit, the total impedance Z is given by Z = √(R² + (ZL - ZC)²), where R is resistance, ZL is inductive reactance, and ZC is capacitive reactance.
Step 3: At resonance, the inductive reactance (ZL) is equal to the capacitive reactance (ZC), meaning (ZL - ZC) = 0.
Step 4: Substituting this condition into the impedance formula simplifies it to Z = √(R² + 0²) = √(R²) = R = 80 Ω.",80,Ω
CH185,"At resonance, what is the total impedance Z of a series RLC circuit with R = 100 Ω?","Step 1: The circuit described is a series RLC circuit operating at resonance.
Step 2: At resonance in a series RLC circuit, the inductive reactance (ZL) is equal to the capacitive reactance (ZC).
Step 3: This means that the difference between the reactances, (ZL - ZC), becomes zero.
Step 4: The general formula for the total impedance (Z) of a series RLC circuit is Z = √(R² + (ZL - ZC)²) = 100 Ω.",100,Ω
CH186,"Consider a series RLC circuit with fixed components. At an angular frequency ω0, the inductive reactance X_L = 18 Ω and the capacitive reactance X_C = 72 Ω. To what multiple of ω0 must the angular frequency be adjusted for the circuit to resonate?","Step 1: The inductive reactance at angular frequency ω0 is X_L = ω0 × L = 18 Ω.
Step 2: The capacitive reactance at angular frequency ω0 is X_C = 1 / (ω0 × C) = 72 Ω.
Step 3: For the circuit to resonate, the inductive reactance must equal the capacitive reactance, meaning ω_res × L = 1 / (ω_res × C), where ω_res is the resonance angular frequency.
Step 4: From Step 1, L = 18 / ω0. From Step 2, C = 1 / (72 × ω0).Then, angular frequency must be multiplied by 2",2.0,-
CH187,"In a series RLC circuit, at ω0, the inductor has an inductive reactance of 25 Ω, and the capacitor has a capacitive reactance of 225 Ω. By what factor of ω0 should the angular frequency be changed to achieve resonance?","Step 1: Identify the given inductive and capacitive reactances at angular frequency ω0.
Step 2: Recall the formula for inductive reactance, ZL = ωL, and capacitive reactance, ZC = 1/(ωC).
Step 3: EZpress L and C in terms of ω0 using the given reactances: L = ZL(ω0)/ω0 = 25 Ω / ω0 and C = 1/(ZC(ω0)ω0) = 1/(225 Ω × ω0).
Step 4: State the condition for resonance: at the resonant angular frequency, ω_res, the inductive reactance equals the capacitive reactance (ZL(ω_res) = ZC(ω_res)). Resonance condition: ω_res = 1 / √(L C). Substitute L = 25 / ω₀ and C = 1 / (225 ω₀): L C = (25 / ω₀) × (1 / (225 ω₀)) = 25 / (225 ω₀²) = 1 / (9 ω₀²). Then, angular frequency must be multiplied by 1.581",3.0,-
CH188,"For a series RLC circuit with fixed components, when the angular frequency of the current is ω0, X_L = 30 Ω and X_C = 75 Ω. By what factor must the angular frequency be multiplied (relative to ω0) for resonance to occur?","Step 1: Write the expressions for inductive and capacitive reactances at angular frequency ω0 using the given values.
Step 2: Express the inductance L and capacitance C in terms of ω0.
Step 3: State the condition for resonance in a series RLC circuit, where the inductive reactance equals the capacitive reactance.
Step 4: Substitute the expressions for L and C into the resonance condition to find the resonance angular frequency ω_res in terms of ω0. Then, angular frequency must be multiplied by 1.581",1.581,-
CH189,"A series RLC circuit has constant component values. At ω0, the inductive reactance of the inductor is 35 Ω, and the capacitive reactance of the capacitor is 140 Ω. By what factor must ω be changed relative to ω0 for the circuit to reach resonance?","Step 1: The inductive reactance at angular frequency ω0 is ZL = ω0 L = 35 Ω.
Step 2: The capacitive reactance at angular frequency ω0 is ZC = 1 / (ω0 C) = 140 Ω.
Step 3: For a series RLC circuit to be at resonance, the inductive reactance must equal the capacitive reactance, so at the resonant angular frequency ω_res, we have ω_res L = 1 / (ω_res C).
Step 4: From Step 1, L = 35 / ω0. From Step 2, C = 1 / (140 ω0). Then, angular frequency must be multiplied by 2",2.0,-
CH190,"Consider a series RLC circuit. At the initial angular frequency ω0, XL = 45 Ω and XC = 405 Ω. The new angular frequency is set to k×ω0. What is the value of k for the circuit to resonate?","Step 1: The initial inductive reactance is XL = 45 Ω and the initial capacitive reactance is XC = 405 Ω at an angular frequency ω0.
Step 2: Inductive reactance is XL = ω0 L, so L = XL / ω0.
Step 3: Capacitive reactance is XC = 1 / (ω0 C), so C = 1 / (ω0 XC).
Step 4: For the circuit to resonate at the new angular frequency ω_new = k×ω0, the inductive reactance must equal the capacitive reactance. Then, angular frequency must be multiplied by 3",3.0,-
CH191,"Consider an RLC series circuit with fixed components. When the angular frequency is ω0, the inductive reactance XL = 50 Ω and the capacitive reactance XC = 200 Ω. By what factor must the angular frequency be adjusted (relative to ω0) for the circuit to resonate?","Step 1: The inductive reactance (XL) is given by XL = ωL, and the capacitive reactance (XC) is given by XC = 1/(ωC).
Step 2: At the initial angular frequency ω₀, we are given XL = 50 Ω and XC = 200 Ω. Therefore, ω₀L = 50 Ω and 1/(ω₀C) = 200 Ω.
Step 3: Divide the eXpression for ω₀L by the eXpression for 1/(ω₀C): (ω₀L) / (1/(ω₀C)) = 50 / 200. This simplifies to ω₀²LC = 1/4.
Step 4: For resonance in a series RLC circuit, the inductive reactance must equal the capacitive reactance. If the resonant angular frequency is ω_res, then ω_res L = 1/(ω_res C). This condition implies ω_res²LC = 1. Then, angular frequency must be multiplied by 2.",2.0,-
CH192,"In a series RLC circuit, at ω₀, the inductor has an inductive reactance of 60 Ω and the capacitor has a capacitive reactance of 135 Ω. To what multiple of ω₀ must the angular frequency be changed to achieve resonance?","Step 1: Identify the given inductive reactance (XL₀) and capacitive reactance (XC₀) at angular frequency ω₀.
Step 2: Recall that for an inductor, XL = ωL, and for a capacitor, XC = 1/(ωC).
Step 3: Define the resonance condition as XL = XC. Let the angular frequency at resonance be ω_res.
Step 4: Express the relationship between reactances at ω₀ and at ω_res. If ω_res = kω₀, then XL_res = k × XL₀ and XC_res = (1/k) × XC₀. Then, angular frequency must be multiplied by 1.5.",1.5,-
CH193,"In a series RLC circuit with constant components, when the angular frequency is ω0, XL = 24 Ω and XC = 216 Ω. By what factor must the angular frequency be multiplied relative to ω0 for resonance to occur?","Step 1: Write down the given expressions for inductive and capacitive reactance at angular frequency ω0.
Step 2: Express the inductance L and capacitance C in terms of ω0 and the given reactances.
Step 3: State the condition for resonance, which is XL = XC, and the formula for the resonant angular frequency, ω_res.
Step 4: Substitute the expressions for L and C into the formula for ω_res. Then, angular frequency must be multiplied by 3.",3.0,-
CH194,"A series RLC circuit has constant component values. At an angular frequency ω0, the inductive reactance (XL) is 55 Ω, and the capacitive reactance (XC) is 110 Ω. By what factor of ω0 should ω be changed to bring the circuit into resonance?","Step 1: Identify the given inductive and capacitive reactances at angular frequency ω0.
Step 2: Express the reactances in terms of ω0, inductance (L), and capacitance (C): XL = ω0L = 55 Ω and XC = 1/(ω0C) = 110 Ω.
Step 3: Multiply XL and XC to find a relationship involving L, C, and ω0: (ω0L) × (1/(ω0C)) = 55 × 110.
Step 4: Simplify the product: L/C = 6050. Then, angular frequency must be multiplied by 1.414.",1.414,-
CH195,"Consider a series RLC circuit. At the initial angular frequency ω0, X_L = 80 Ω and X_C = 20 Ω. A new angular frequency must be set to k×ω0. What is the value of k for the circuit to resonate?","Step 1: Note the given initial reactances at angular frequency ω0: X_L = 80 Ω and X_C = 20 Ω.
Step 2: Recall the formulas for inductive and capacitive reactances: X_L = ωL and X_C = 1/(ωC).
Step 3: From the initial conditions, we can write: ω0 × L = 80 (Equation 1) and 1/(ω0 × C) = 20 (Equation 2).
Step 4: For the circuit to resonate, the inductive reactance must equal the capacitive reactance at the new angular frequency ω_res = k×ω0. Then, angular frequency must be multiplied by 0.5",0.5,-
CH196,"Consider a series RLC circuit with fixed components. When the angular frequency is ω0, the inductive reactance X_L = 90 Ω and the capacitive reactance X_C = 30 Ω. By what factor must the angular frequency be adjusted (relative to ω0) for the circuit to resonate?","Step 1: The inductive reactance at angular frequency ω0 is given by X_L = ω0 × L = 90 Ω.
Step 2: The capacitive reactance at angular frequency ω0 is given by X_C = 1 / (ω0 × C) = 30 Ω.
Step 3: For the circuit to resonate, the inductive reactance must equal the capacitive reactance (X_L_res = X_C_res) at the resonant angular frequency ω_res.
Step 4: From Step 1, L = 90 / ω0. From Step 2, C = 1 / (30 × ω0). Then, angular frequency must be multiplied by 0.577.",0.577,-
CH197,"In a series RLC circuit, at an angular frequency ω0, the inductor has an inductive reactance of 100 Ω, and the capacitor has a capacitive reactance of 25 Ω. By what factor must the angular frequency be changed relative to ω0 to achieve resonance?","Step 1: Identify the given inductive reactance at angular frequency ω₀, X_L₀ = 100 Ω.
Step 2: Identify the given capacitive reactance at angular frequency ω₀, X_C₀ = 25 Ω.
Step 3: Recall the formulas for reactance: X_L = ωL and X_C = 1/(ωC).
Step 4: Express the given reactances in terms of ω₀, L, and C: ω₀L = 100 Ω and 1/(ω₀C) = 25 Ω. Then, angular frequency must be multiplied by 0.5.",0.5,-
CH198,"For a series RLC circuit with fixed components, when the angular frequency is ω0, XL = 40 Ω and XC = 40 Ω. By what factor must ω0 be multiplied to achieve resonance?","Step 1: The given inductive reactance at angular frequency ω0 is XL = 40 Ω.
Step 2: The given capacitive reactance at angular frequency ω0 is XC = 40 Ω.
Step 3: For a series RLC circuit to be at resonance, the inductive reactance must equal the capacitive reactance (XL = XC).
Step 4: At the given angular frequency ω0, XL = 40 Ω and XC = 40 Ω, which satisfies the condition XL = XC. Then, angular frequency must be multiplied by 1.",1.0,-
CH199,"A series RLC circuit has unchanging component values. At ω0, the inductive reactance of the inductor is 12 Ω, and the capacitive reactance of the capacitor is 108 Ω. By what factor must ω be changed relative to ω0 for the circuit to resonate?","Step 1: In a series RLC circuit, the inductive reactance (XL) and capacitive reactance (XC) are given at angular frequency ω0.
Step 2: At ω0, XL = 12 Ω and XC = 108 Ω. The goal is to find the factor by which ω must change to reach resonance (ω_res).
Step 3: The formulas for reactances are XL = ωL and XC = 1/(ωC).
Step 4: At resonance, the inductive reactance equals the capacitive reactance, so XL_res = XC_res. Then, angular frequency must be multiplied by 3.",3.0,-
CH200,"Consider a series RLC circuit. At an initial angular frequency ω₀, the inductive reactance X_L is 16 Ω, and the capacitive reactance X_C is 32 Ω. What is the value of k for the circuit to be in resonance when the angular frequency is set to k×ω₀?","Step 1: Identify the given initial conditions for the series RLC circuit at angular frequency ω₀.
Step 2: At ω₀, the inductive reactance X_L = ω₀L = 16 Ω.
Step 3: At ω₀, the capacitive reactance X_C = 1/(ω₀C) = 32 Ω.
Step 4: The condition for resonance is when the inductive reactance equals the capacitive reactance, X_L' = X_C', at the new angular frequency ω' = k×ω₀. Then, angular frequency must be multiplied by 1.414.",1.414,-
CH201,"Given an RLC series circuit with fixed components. When the angular frequency is ω0, the inductive reactance X_L = 22 Ω and the capacitive reactance X_C = 198 Ω. To what multiple of ω0 must the angular frequency be adjusted for the circuit to resonate?","Step 1: At the initial angular frequency ω0, the inductive reactance X_L is 22 Ω and the capacitive reactance X_C is 198 Ω.
Step 2: The formulas for inductive and capacitive reactance are X_L = ωL and X_C = 1/(ωC).
Step 3: Using these formulas at ω0, we have ω0×L = 22 Ω and 1/(ω0×C) = 198 Ω.
Step 4: From these equations, L = 22/ω0 and C = 1/(198*ω0). Then, angular frequency must be multiplied by 3.",3.0,-
CH202,"In a series RLC circuit, at ω0, the inductor has an inductive reactance of 28 Ω and the capacitor has a capacitive reactance of 112 Ω. What multiple of ω0 should the angular frequency be changed to in order to achieve resonance?","Step 1: Recall the formulas for inductive reactance (XL) and capacitive reactance (XC) at a given angular frequency (ω).
Step 2: Use the given values at ω0 to express inductance (L) and capacitance (C). XL_0 = ω0 × L, so L = XL_0 / ω0 = 28 / ω0.
Step 3: XC_0 = 1 / (ω0 × C), so C = 1 / (ω0 × XC_0) = 1 / (112 × ω0).
Step 4: For resonance, the inductive reactance must equal the capacitive reactance (XL = XC). This occurs at the resonance angular frequency (ω_res), where ω_res² = 1 / (L × C). Then, angular frequency must be multiplied by 2.",2.0,-
CH203,"For a series RLC circuit with constant components, when the angular frequency is ω0, X_L = 36 Ω and X_C = 144 Ω. By what factor must the angular frequency be multiplied (relative to ω0) for resonance to occur?","Step 1: Identify the given inductive and capacitive reactances at the initial angular frequency ω0.
Step 2: Express the inductance L and capacitance C in terms of ω0 and the given reactances.
Step 3: State the condition for resonance in a series RLC circuit.
Step 4: Substitute the expressions for L and C into the resonance condition to find ω_res in terms of ω0. Then, angular frequency must be multiplied by 2.",2.0,-
CH204,"An RLC series circuit has constant component values. At ω0, the inductive reactance of the inductor is 42 Ω, and the capacitive reactance of the capacitor is 84 Ω. By what factor must ω be changed relative to ω0 for the circuit to be in resonance?","Step 1: Identify the given inductive and capacitive reactances at angular frequency ω0.
Step 2: At ω0, the inductive reactance X_L0 is 42 Ω, and the capacitive reactance X_C0 is 84 Ω.
Step 3: Recall that X_L = ωL and X_C = 1/(ωC).
Step 4: From the given information, ω0 × L = 42 Ω and 1/(ω0 × C) = 84 Ω. Then, angular frequency must be multiplied by 1.414.",1.414,-
CH205,"Consider an RLC series circuit. At the initial angular frequency ω0, X_L = 48 Ω and X_C = 192 Ω. The new angular frequency must be set to k×ω0. What is the value of k for the circuit to resonate?","Step 1: The initial inductive reactance is X_L = ω₀L = 48 Ω.
Step 2: The initial capacitive reactance is X_C = 1/(ω₀C) = 192 Ω.
Step 3: For the circuit to resonate, the inductive reactance must equal the capacitive reactance (X_L_res = X_C_res) at the new angular frequency ω_res.
Step 4: So, at resonance, ω_res L = 1/(ω_res C), which implies ω_res² = 1/(LC). Then, angular frequency must be multiplied by 2.",2.0,-
CH206,"Consider an RLC series circuit with fixed components. When the angular frequency is ω0, the inductive reactance X_L = 63 Ω and the capacitive reactance X_C = 252 Ω. By what factor must the angular frequency be adjusted relative to ω0 for the circuit to resonate?","Step 1: Identify the given inductive and capacitive reactances at the initial angular frequency ω0.
Step 2: Recall the formulas for inductive and capacitive reactance.
Step 3: Express X_L and X_C in terms of ω0, L, and C.
Step 4: Recall the condition for resonance in an RLC series circuit. Then, angular frequency must be multiplied by 2.",2.0,-
CH207,"In a series RLC circuit, at ω0, the inductor has an inductive reactance of 70 Ω and the capacitor has a capacitive reactance of 490 Ω. What multiple of ω0 must the angular frequency be to achieve resonance?","Step 1: Identify the given inductive and capacitive reactances at angular frequency ω0.
Step 2: At ω0, the inductive reactance XL0 = ω0L = 70 Ω and the capacitive reactance XC0 = 1/(ω0C) = 490 Ω.
Step 3: Express L and C in terms of ω0 using the given reactances: L = 70/ω0 and C = 1/(490ω0).
Step 4: For resonance to occur, the inductive reactance must equal the capacitive reactance (XL = XC) at the resonance angular frequency ωr. Then, angular frequency must be multiplied by 2.646.",2.646,-
CH208,"For an RLC series circuit with constant components, at an angular frequency ω0, X_L = 75 Ω and X_C = 300 Ω. By what factor must the angular frequency be multiplied (relative to ω0) for resonance to occur?","Step 1: The inductive reactance at angular frequency ω0 is given as X_L0 = 75 Ω.
Step 2: The capacitive reactance at angular frequency ω0 is given as X_C0 = 300 Ω.
Step 3: Inductive reactance is defined as X_L = ωL and capacitive reactance as X_C = 1/(ωC).
Step 4: For resonance in a series RLC circuit, the inductive reactance must equal the capacitive reactance (X_L = X_C). Then, angular frequency must be multiplied by 2.",2.0,-
CH209,"A series RLC circuit has constant component values. At angular frequency ω0, the inductive reactance of the inductor is 85 Ω, and the capacitive reactance of the capacitor is 425 Ω. By what factor must ω be changed from ω0 for the circuit to be in resonance?","Step 1: At angular frequency ω₀, the inductive reactance X_L0 = 85 Ω and the capacitive reactance X_C0 = 425 Ω.
Step 2: The condition for resonance in a series RLC circuit is when the inductive reactance equals the capacitive reactance, i.e., X_L = X_C.
Step 3: We know X_L = ω L and X_C = 1 / (ω C). At resonance, let the angular frequency be ω_res. So:
ω_res L = 1 / (ω_res C)
Step 4: We are looking for a factor k such that ω_res = k ω₀. Substitute this into the resonance condition: (k ω₀) L = 1 / (k ω₀ C). Then, angular frequency must be multiplied by 2.236.",2.236,-
CH210,"Consider a series RLC circuit. At an initial angular frequency ω0, X_L = 95 Ω and X_C = 380 Ω. The new angular frequency must be set to k×ω0. What is the value of k for the circuit to resonate?","Step 1: At the initial angular frequency ω0, the inductive reactance X_L is given by X_L = ω0 × L = 95 Ω, and the capacitive reactance X_C is given by X_C = 1 / (ω0 × C) = 380 Ω.
Step 2: From these initial conditions, we can express L and C as L = 95 / ω0 and C = 1 / (380 × ω0).
Step 3: For a series RLC circuit to resonate, the inductive reactance must equal the capacitive reactance (X_L = X_C) at the resonant frequency.
Step 4: Let the new angular frequency be ω_new = k×ω0. At resonance, (k×ω0) × L = 1 / ((k×ω0) × C). Then, angular frequency must be multiplied by 2.",2.0,-
CH211,"Consider a series RLC circuit with fixed components. At an angular frequency ω0, the inductive reactance X_L = 15 Ω and the capacitive reactance X_C = 60 Ω. To what multiple of ω0 must the angular frequency be adjusted for the circuit to resonate?","Step 1: The initial inductive reactance X_L at angular frequency ω0 is 15 Ω, and the initial capacitive reactance X_C at ω0 is 60 Ω.
Step 2: The inductive reactance is given by X_L = ωL, and the capacitive reactance is given by X_C = 1/(ωC).
Step 3: From the given values at ω0, we have 15 Ω = ω0L and 60 Ω = 1/(ω0C).
Step 4: The condition for resonance in a series RLC circuit is when the inductive reactance equals the capacitive reactance, X_L = X_C. Let the resonant angular frequency be ω_res. Then, angular frequency must be multiplied by 2.",2.0,-
CH212,"In an RLC series circuit, at an angular frequency of ω0, the inductor has an inductive reactance of 66 Ω and the capacitor has a capacitive reactance of 33 Ω. To what multiple of ω0 must the angular frequency be changed to achieve resonance?","Step 1: The inductive reactance at angular frequency ω0 is XL(ω0) = 66 Ω.
Step 2: The capacitive reactance at angular frequency ω0 is XC(ω0) = 33 Ω.
Step 3: Inductive reactance (XL) is directly proportional to the angular frequency (ω), so XL = ωL.
Step 4: Capacitive reactance (XC) is inversely proportional to the angular frequency (ω), so XC = 1/(ωC). Then, angular frequency must be multiplied by 0.707",707,-
CH213,"For an RLC series circuit with constant components, when the angular frequency is ω0, X_L = 54 Ω and X_C = 216 Ω. By what factor must the angular frequency be multiplied (from ω0) for resonance to occur?","Step 1: The given inductive reactance at angular frequency ω0 is X_L = 54 Ω.
Step 2: The given capacitive reactance at angular frequency ω0 is X_C = 216 Ω.
Step 3: For an RLC series circuit, resonance occurs when the inductive reactance equals the capacitive reactance (X_L_res = X_C_res).
Step 4: Inductive reactance is directly proportional to angular frequency (X_L = ωL), so X_L_res = (ω_res/ω0) × X_L. Then, angular frequency must be multiplied by 2.",2.0,-
CH214,"An RLC series circuit has fixed component values. At ω0, the inductive reactance of the inductor is 32 Ω, and the capacitive reactance of the capacitor is 128 Ω. By what factor must ω be changed relative to ω0 for the circuit to be in resonance?","Step 1: Identify the given inductive and capacitive reactances at angular frequency ω0.
Step 2: Recall that inductive reactance is XL = ωL and capacitive reactance is XC = 1/(ωC).
Step 3: State the condition for resonance: the inductive reactance must equal the capacitive reactance (XL_res = XC_res) at the resonance angular frequency ω_res.
Step 4: From the given information, we have XL0 = ω0L = 32 Ω and XC0 = 1/(ω0C) = 128 Ω. Then, angular frequency must be multiplied by 2.",2.0,-
CH215,"Consider a series RLC circuit. At the initial angular frequency ω₀, X_L = 20 Ω and X_C = 180 Ω. The new angular frequency is set to k×ω₀. What is the value of k for the circuit to resonate?","Step 1: At the initial angular frequency ω₀, the inductive reactance is X_L = ω₀L = 20 Ω.
Step 2: At the initial angular frequency ω₀, the capacitive reactance is X_C = 1/(ω₀C) = 180 Ω.
Step 3: For the circuit to resonate at the new angular frequency ω = k×ω₀, the new inductive reactance must equal the new capacitive reactance: (k×ω₀)L = 1/((k×ω₀)C).
Step 4: From the resonance condition, we can write k²(ω₀²LC) = 1. At ω₀: X_L = ω₀ L, X_C = 1 / (ω₀ C)
Therefore: ω₀² L C = X_L / X_C
Substitute into the equation: k = √(X_C / X_L) = √(180 / 20) = √9 = 3",3.0,-
CH216,Circuit AB consists of segment AM (R1 = 20 Ω in series with capacitor C) and segment MB (R2 = 50 Ω in series with inductor L). Given that LCω² = 1 and uAM is 90° out of phase with uMB. An RMS voltage U = 120 V is applied across AB. What is the total power consumed by circuit AB?,"Step 1: Identify the given resistances for segment AM (R1) and segment MB (R2). R1 = 20 Ω, R2 = 50 Ω.
Step 2: Note the given relationship for reactances: LCω² = 1. This implies ωL = 1/(ωC), meaning the inductive reactance (X_L) equals the capacitive reactance (X_C). Let X_L = X_C = X.
Step 3: Define the impedance for segment AM (Z_AM) as R1 - jX and for segment MB (Z_MB) as R2 + jX.
Step 4: Use the condition that uAM is 90° out of phase with uMB. For the voltages U_AM = I × Z_AM and U_MB = I × Z_MB to be 90° out of phase, their impedance phase angles must differ by 90°. Total power of the circuit: P = I²(R₁ + R₂) = U² / (R₁ + R₂). Substitute the values: P = 120² / (20 + 50) = 14400 / 70 = 205.71 W",205.71,W
CH217,Circuit AB consists of section AM (with R1 = 30 Ω in series with a capacitor C) and section MB (with R2 = 40 Ω in series with an inductor L). Given that LCω² = 1 and the voltage uAM is 90° out of phase with uMB. An RMS voltage U = 100 V is applied across AB. What is the total power consumed by circuit AB?,"Step 1: Identify the given values for the resistors and the applied RMS voltage.
Step 2: Identify the composition of the circuit sections. Section AM consists of R1 and C in series. Section MB consists of R2 and L in series. The total circuit AB is the series combination of sections AM and MB.
Step 3: Use the condition LCω² = 1. This implies ω² = 1/(LC).
Step 4: Relate the condition from Step 3 to the inductive reactance (Xl) and capacitive reactance (Xc). Total power consumed by the circuit: P = I² (R₁ + R₂) = U² / (R₁ + R₂). Substitute the values: P = 100² / (30 + 40) = 142.86 W",142.86,W
CH218,Circuit AB consists of segment AM (with a resistor R1 = 25 Ω in series with a capacitor C) and segment MB (with a resistor R2 = 60 Ω in series with an inductor L). Given that LCω² = 1 and uAM is 90° out of phase with uMB. An RMS voltage U = 110 V is applied across AB. What is the power consumed by the entire circuit AB?,"Step 1: Identify the impedance of each segment. Segment AM has impedance Z_AM = R1 - jX_C, and segment MB has impedance Z_MB = R2 + jX_L. The total circuit impedance is Z_AB = Z_AM + Z_MB.
Step 2: Interpret the condition LCω² = 1. Since X_L = ωL and X_C = 1/(ωC), this condition directly implies ω²LC = 1, which means ωL = 1/(ωC). Therefore, X_L = X_C.
Step 3: Interpret the condition that uAM is 90° out of phase with uMB. This means the phase angle between the voltage across AM and the voltage across MB is 90°. Since the current is common for both series segments, the phase difference is due to their individual impedance angles. If two complex numbers Z_1 and Z_2 have phases φ_1 and φ_2 such that |φ_1 - φ_2| = 90°, then tan(φ_1) × tan(φ_2) = -1. For our segments, φ_AM = arctan(-X_C/R1) and φ_MB = arctan(X_L/R2). So, (-X_C/R1) × (X_L/R2) = -1, which simplifies to X_C × X_L = R1 × R2.
Step 4: Combine the conditions from Step 2 and Step 3. From Step 2, X_L = X_C. Substitute this into the equation from Step 3: X_L × X_L = R1 × R2, or X_L² = R1 × R2. This confirms consistency between the given conditions. P = I² (R₁ + R₂) = U² / (R₁ + R₂). Substitute the values: P = 110² / (25 + 60) = 142.35 W",142.35,W
CH219,Circuit AB comprises two segments connected in series: AM and MB. Segment AM consists of resistor R1 = 40 Ω in series with capacitor C. Segment MB consists of resistor R2 = 80 Ω in series with inductor L. Given LCω² = 1 and that the voltage across AM (u_AM) is 90° out of phase with the voltage across MB (u_MB). An RMS voltage U = 90 V is applied across the terminals AB. Calculate the total power consumed by circuit AB.,"Step 1: Identify the components and configuration of the circuit. Segment AM has R1 and C in series. Segment MB has R2 and L in series. These two segments are connected in series.
Step 2: Utilize the condition LCω² = 1. This implies ω = 1/√(LC). For this angular frequency, the inductive reactance XL = ωL = L/√(LC) = √(L/C) and the capacitive reactance XC = 1/(ωC) = 1/(C × 1/√(LC)) = √(L/C). Therefore, XL = XC. Let X = XL = XC.
Step 3: Express the impedances of segments AM and MB. Z_AM = R1 - jXC = R1 - jX. Z_MB = R2 + jXL = R2 + jX.
Step 4: Use the phase relationship between u_AM and u_MB. The voltage u_AM across Z_AM and u_MB across Z_MB are 90° out of phase. Let I be the current phasor. The phase of V_AM is φ_AM = arctan(-X/R1) and the phase of V_MB is φ_MB = arctan(X/R2). P = I² (R₁ + R₂) = U² / (R₁ + R₂). Substitute the values: P = 90² / (40 + 80) = 67.5 W",67.5,W
CH220,"Circuit AB consists of segment AM, which has resistor R1 = 10 Ω in series with capacitor C, and segment MB, which has resistor R2 = 90 Ω in series with inductor L. Given that LCω² = 1 and uAM is 90° out of phase with uMB. An RMS voltage U = 100 V is applied across AB. What is the total power consumed by circuit AB?","Step 1: Identify the components and their impedances for segments AM and MB.
Step 2: From the condition LCω² = 1, deduce that the inductive reactance (X_L = ωL) is equal to the capacitive reactance (X_C = 1/(ωC)), so X_L = X_C.
Step 3: Use the condition that uAM is 90° out of phase with uMB, which implies that the product of the tangents of their phase angles is -1: (-X_C/R1) × (X_L/R2) = -1. This simplifies to X_C × X_L = R1 × R2.
Step 4: Substitute X_L = X_C into the equation from Step 3: X_L² = R1 × R2. P = I² (R₁ + R₂) = U² / (R₁ + R₂). Substitute the values: P = 100² / (10 + 90) = 100 W",100.0,W
CH221,"Circuit AB has R1 = 20 Ω and R2 = 30 Ω. It satisfies the condition LCω² = 1, and the voltage uAM is 90 degrees out of phase with uMB (uAM and uMB are in quadrature). An RMS voltage U = 80 V is applied across AB. What is the RMS current in the circuit?","Step 1: From the image, the circuit AB consists of R1, L, R2, and C connected in series in the order A-R1-M-L-N-R2-P-C-B.
Step 2: The voltage uAM is across the resistor R1, and the voltage uMB is across the series combination of the inductor L, resistor R2, and capacitor C.
Step 3: Given values are R1 = 20 Ω, R2 = 30 Ω, and the total RMS voltage U_AB = 80 V.
Step 4: The problem states two conditions: 1) LCω² = 1, and 2) uAM is 90 degrees out of phase with uMB. Therefore: I = U / (R₁ + R₂). Substitute the values: I = 80 / (20 + 30) = 1.6 A",1.6,A
CH222,"Circuit AB has R1 = 15 Ω, R2 = 45 Ω and satisfies the condition LCω² = 1 (uAM and uMB are in phase quadrature). An RMS voltage U = 90 V is applied across AB. What is the RMS current in the circuit?","Step 1: Identify the given values from the question: R1 = 15 Ω, R2 = 45 Ω, U = 90 V.
Step 2: The condition ""LCω² = 1"" indicates that the inductive reactance (XL = Lω) is equal to the capacitive reactance (XC = 1/(Cω)), so XL = XC.
Step 3: For a series RLC circuit, the condition XL = XC means the circuit is in resonance.
Step 4: In resonance, the total impedance (Z) of a series RLC circuit is purely resistive, so Z = R_total. Therefore: I = U / (R₁ + R₂). Substitute the values: I = 90 / (15 + 45) =1.5 A",1.5,A
CH223,"A circuit AB has R1 = 35 Ω, R2 = 70 Ω and satisfies LCω² = 1 (uAM is in quadrature with uMB). An RMS voltage U = 100 V is applied across AB. What is the RMS current in the circuit?","Step 1: Identify the given resistances: R1 = 35 Ω and R2 = 70 Ω.
Step 2: Identify the total RMS voltage applied across AB: U_RMS = 100 V.
Step 3: Note the given condition LCω² = 1, which implies that the inductive reactance (X_L = ωL) equals the capacitive reactance (X_C = 1/(ωC)).
Step 4: Note the given condition that uAM is in quadrature with uMB, meaning the phase difference between the voltages across segments AM and MB is 90 degrees. Therefore: I = U / (R₁ + R₂). Substitute the values: I = 100 / (35 + 70) = 0.95 A",0.95,A
CH224,"Circuit AB has R1 = 50 Ω, R2 = 25 Ω and satisfies LCω² = 1 (uAM is in quadrature with uMB). An RMS voltage U = 75 V is applied across AB. What is the RMS current in the circuit?","Step 1: Identify the given RMS voltage and resistance values.
Step 2: The condition LCω² = 1 implies that the inductive reactance (X_L = ωL) and capacitive reactance (X_C = 1/(ωC)) are equal, meaning X_L = X_C. Let this common reactance be X.
Step 3: The condition that uAM and uMB are 90 degrees out of phase (uAM ⊥ uMB) means the phase angle difference between the impedance Z_AM and Z_MB is 90 degrees.
Step 4: For a series AC circuit with resistors R1, R2 and reactive components L, C satisfying X_L = X_C = X and having sections A-M and M-B with voltages uAM and uMB 90 degrees out of phase, the impedances must be of the form Z_AM = R1 + jX and Z_MB = R2 - jX (or vice-versa). Therefore: I = U / (R₁ + R₂). Substitute the values: I = 75 / (50 + 25) = 1 A",1.0,A
CH225,"In circuit AB, R1 = 60 Ω, R2 = 40 Ω and the condition LCω² = 1 is satisfied (uAM is 90 degrees out of phase with uMB). An effective voltage U = 120 V is applied across AB. What is the effective current in the circuit?","Step 1: Identify the given values from the question: R1 = 60 Ω, R2 = 40 Ω, and the effective voltage U across AB is 120 V.
Step 2: Interpret the condition LCω² = 1. This condition in an RLC circuit signifies that the inductive reactance (Z_L = ωL) is equal to the capacitive reactance (Z_C = 1/(ωC)). Let this common reactance be X, so Z_L = Z_C = X.
Step 3: Analyze the condition that uAM is 90 degrees out of phase with uMB. In a series RLC circuit where Z_L = Z_C, this implies that the overall reactive components in the circuit cancel each other out, leading to a purely resistive total impedance. This also implies that X² = R1 × R2, a relationship consistent with the conditions but not directly needed for the total current calculation.
Step 4: Based on the cancellation of reactive components (Z_L = Z_C), the total impedance of the series circuit (Z_AB) is purely resistive and is equal to the sum of the resistances. Therefore: I = U / (R₁ + R₂). Substitute the values: I = 120 / (60 + 40) = 1.2 A",1.2,A
CH226,"Circuit AB consists of a resistor R1 = 20 Ω and a section MB. Section MB contains a resistor R2 and an inductor L, satisfying the condition LCω² = 1. The voltage across AM (uAM) is 90 degrees out of phase with the voltage across MB (uMB). When an RMS voltage U = 100 V is applied to AB, the total power consumed is 142.86 W. What is the value of R2?","Step 1: Analyze phase and resonance conditions
From LCω² = 1 we have XL = XC; since u_AM ⊥ u_MB and tan φ_AM × tan φ_MB = -1, substituting XL = XC gives XL² = XC² = R₁ × R₂
Step 2: Identify total circuit impedance
Because XL = XC the circuit reaches total resonance, the reactive parts cancel, and the total impedance is purely resistive: Z_AB = R₁ + R₂
Step 3: Set up the power equation
Using P = U² / (R₁ + R₂) and substituting P = 142.86 W, U = 100 V, R₁ = 20 Ω we get 142.86 = 100² / (20 + R₂)
Step 4: Calculate the final result
Solve for R₂: 20 + R₂ = 10000 / 142.86 ≈ 70 → R₂ = 70 - 20 = 50 Ω",50.0,Ω
CH227,"A series circuit AB consists of two segments: AM and MB. Segment AM contains a resistor R1 = 35 Ω and a capacitor C. Segment MB contains a resistor R2 and an inductor L. The circuit components satisfy the condition LCω² = 1 (where ω is the angular frequency). The voltage across segment AM (uAM) is 90 degrees out of phase with the voltage across segment MB (uMB). When an RMS voltage U = 90 V is applied across AB, the total power consumed by the circuit is 117.65 W. What is the value of R2?","Step 1: Analyze resonance and phase conditions
From LCω² = 1 we have Z_L = Z_C; since u_AM ⊥ u_MB and tan φ_AM × tan φ_MB = -1, substituting Z_L = Z_C gives the relationship: Z_L² = Z_C² = R₁ × R₂
Step 2: Determine total circuit impedance
Because Z_L = Z_C the circuit reaches full resonance, the reactive components cancel each other out, and the total impedance of AB is purely resistive: Z_AB = R₁ + R₂
Step 3: Set up the power equation
Using the formula P = U² / (R₁ + R₂) and substituting the values P = 117.65 W, U = 90 V, R₁ = 35 Ω we get: 117.65 = 90² / (35 + R₂)
Step 4: Calculate the final result
Solve the equation for R₂: 35 + R₂ = 8100 / 117.65 ≈ 68.85 → R₂ = 68.85 - 35 = 34 Ω",34.0,Ω
CH228,"The circuit AB consists of R1 = 50 Ω and a segment MB (containing R2 and an inductor L), satisfying the condition LCω² = 1. The voltage uAM and uMB are in quadrature (90 degrees out of phase). When an RMS voltage U = 100 V is applied across AB, the total power consumed is 100.0 W. Find the value of R2.","Step 1: Analyze resonance and phase conditions
From LCω² = 1 we have Z_L = Z_C; since u_AM ⊥ u_MB (90° phase difference), we obtain the relationship: Z_L × Z_C = R₁ × R₂ → Z_L² = Z_C² = R₁ × R₂
Step 2: Determine total circuit impedance
Because Z_L = Z_C the circuit reaches full resonance, the reactive components cancel completely, and the total impedance of AB is purely resistive: Z_AB = R₁ + R₂
Step 3: Set up the power equation
Using the formula P = U² / (R₁ + R₂) and substituting the values P = 100.0 W, U = 100 V, R₁ = 50 Ω we get: 100.0 = 100² / (50 + R₂)
Step 4: Calculate the final result
Solve the equation for R₂: 50 + R₂ = 10000 / 100 = 100 → R₂ = 100 - 50 = 50 Ω",50.0,Ω
CH229,"An AC circuit AB consists of a resistor R1 = 60 Ω and a segment MB (containing a resistor R2 and an inductor L). The circuit satisfies the condition LCω² = 1, and the voltage across AM (uAM) is in quadrature (90 degrees out of phase) with the voltage across MB (uMB). An RMS voltage U = 80 V is applied across AB, and the total power consumed is 72.73 W. What is the value of R2?","Step 1: Analyze resonance and phase conditions
From LCω² = 1 we obtain Z_L = Z_C. Since u_AM is perpendicular to u_MB (90° phase difference), we have the relationship Z_L × Z_C = R₁ × R₂ and therefore Z_L² = Z_C² = R₁ × R₂.
Step 2: Determine total circuit impedance
Because Z_L = Z_C the circuit experiences full electrical resonance. The reactive components completely cancel each other, so the total impedance of AB is purely resistive and equals Z_AB = R₁ + R₂.
Step 3: Set up the power equation
Using the power formula at resonance P = U² / (R₁ + R₂) and substituting the given values P = 72.73 W, U = 80 V, R₁ = 60 Ω we get 72.73 = 80² / (60 + R₂).
Step 4: Calculate the final result
Solve the equation for R₂: 60 + R₂ = 6400 / 72.73 ≈ 88 and therefore R₂ = 88 − 60 = 28 Ω.",28.0,Ω
CH230,"Circuit AB consists of a resistor R1 = 25 Ω connected in series with a segment MB. Segment MB contains a resistor R2 and an inductor L. The circuit satisfies the condition LCω² = 1, and the voltage across segment AM (uAM) is 90 degrees out of phase with the voltage across segment MB (uMB). When an RMS voltage U = 100 V is applied across AB, the total power consumed by the circuit is 125.0 W. What is the value of R2?","Step 1: Analyze resonance and phase conditions
From LCω² = 1 we obtain Z_L = Z_C. Since u_AM is perpendicular to u_MB (90° phase difference), we have the relationship between the components through the tangent of the phase angles: Z_L × Z_C = R₁ × R₂ and therefore Z_L² = Z_C² = R₁ × R₂.
Step 2: Determine total circuit impedance
Because Z_L = Z_C the circuit experiences full electrical resonance. The reactive components completely cancel, so the total impedance of the entire AB circuit at this point is purely resistive and equals Z_AB = R₁ + R₂.
Step 3: Set up the power equation
Using the power formula under resonance conditions P = U² / (R₁ + R₂) and substituting the given values P = 125.0 W, U = 100 V, and R₁ = 25 Ω we get 125.0 = 100² / (25 + R₂).
Step 4: Calculate the final result
Solve the equation for R₂: 25 + R₂ = 10000 / 125 = 80 and therefore R₂ = 80 − 25 = 55 Ω.",55.0,Ω
CH231,"The circuit AB consists of segment MB, which contains a resistor R2 = 50 Ω in series with an inductor L.
Given the condition LCω² = 1, and the voltage across AM (uAM) is in quadrature (90 degrees out of phase) with the voltage across MB (uMB).
When a voltage U = 100 V is applied across terminals AB, the total power dissipated is 100.0 W.
Determine R1.","Step 1: Analyze resonance and phase conditions
From LCω² = 1 we obtain Z_L = Z_C. Since u_AM is perpendicular to u_MB (90° phase difference), we have the relationship between the components Z_L × Z_C = R₁ × R₂ and therefore Z_L² = Z_C² = R₁ × R₂.
Step 2: Determine total circuit impedance
Because Z_L = Z_C the circuit experiences full electrical resonance (Z_LC = 0). The reactive components completely cancel each other, so the total impedance of the entire AB circuit at this point is purely resistive and equals Z_AB = R₁ + R₂.
Step 3: Set up the power equation
Using the power formula under resonance conditions P = U² / (R₁ + R₂) and substituting the given values P = 100.0 W, U = 100 V, and R₂ = 50 Ω we get 100.0 = 100² / (R₁ + 50).
Step 4: Calculate the final result
Solve the equation for R₁: R₁ + 50 = 10000 / 100 = 100 and therefore R₁ = 100 − 50 = 50 Ω.",50.0,Ω
CH232,"The circuit AB consists of segment MB with R2 = 30 Ω in series with an inductor L.
The condition LCω² = 1 is given, and uAM is 90 degrees out of phase (in quadrature) with uMB.
When a voltage U = 90 V is applied across AB, the power consumed is 150.0 W.
Determine R1.","Step 1: Analyze resonance and phase conditions
From LCω² = 1 we obtain Z_L = Z_C. Since u_AM is perpendicular to u_MB (90° phase difference), we have the linking relationship between the resistive and reactive components: Z_L × Z_C = R₁ × R₂ and therefore Z_L² = Z_C² = R₁ × R₂.
Step 2: Determine total circuit impedance
Because Z_L = Z_C the circuit experiences full electrical resonance. The reactive components completely cancel each other out, so the total impedance of the entire AB circuit is purely resistive and equals Z_AB = R₁ + R₂.
Step 3: Set up the power equation
Using the formula for power consumption under resonance conditions P = U² / (R₁ + R₂) and substituting the given values P = 150.0 W, U = 90 V, and R₂ = 30 Ω we get 150.0 = 90² / (R₁ + 30).
Step 4: Calculate the final result
Solve the equation for R₁: R₁ + 30 = 8100 / 150 = 54 and therefore R₁ = 54 − 30 = 24 Ω.",24.0,Ω
CH233,"The circuit AB consists of segment MB, where R2 = 90 Ω is connected in series with an inductor L. We are given LCω² = 1, and the voltage U_AM is 90 degrees out of phase with U_MB. When a voltage U = 120 V is applied across AB, the total power dissipated is 96.0 W. Determine R1.","Step 1: Analyze resonance and phase conditions
From LCω² = 1 we obtain Z_L = Z_C. Since u_AM is perpendicular to u_MB (90° phase difference), we have the relationship linking resistance and reactance: Z_L × Z_C = R₁ × R₂ and therefore Z_L² = Z_C² = R₁ × R₂.
Step 2: Determine total circuit impedance
Because Z_L = Z_C the circuit experiences full electrical resonance. The reactive components completely cancel each other, so the total impedance of the entire AB circuit is purely resistive and equals Z_AB = R₁ + R₂.
Step 3: Set up the power equation
Using the formula for power consumption under resonance conditions P = U² / (R₁ + R₂) and substituting the given values P = 96.0 W, U = 120 V, and R₂ = 90 Ω we get 96.0 = 120² / (R₁ + 90).
Step 4: Calculate the final result
Solve the equation for R₁: R₁ + 90 = 14400 / 96 = 150 and therefore R₁ = 150 − 90 = 60 Ω.",60.0,Ω
CH234,"Circuit AB consists of segment MB, with R2 = 15 Ω in series with an inductor L. Given LCω² = 1, and voltage u_AM is 90 degrees out of phase with voltage u_MB. When a voltage U = 50 V is applied across AB, the total power consumed is 100.0 W. Determine R1.","Step 1: Analyze resonance and phase conditions
From LCω² = 1 we obtain Z_L = Z_C. Since u_AM is perpendicular to u_MB (90° phase difference), we have the relationship linking resistance and reactance: Z_L × Z_C = R₁ × R₂ and therefore Z_L² = Z_C² = R₁ × R₂.
Step 2: Determine total circuit impedance
Because Z_L = Z_C the circuit experiences full electrical resonance. The reactive components completely cancel each other, so the total impedance of the entire AB circuit is purely resistive and equals Z_AB = R₁ + R₂.
Step 3: Set up the power equation
Using the formula for power consumption under resonance conditions P = U² / (R₁ + R₂) and substituting the given values P = 100.0 W, U = 50 V, and R₂ = 15 Ω we get 100.0 = 50² / (R₁ + 15).
Step 4: Calculate the final result
Solve the equation for R₁: R₁ + 15 = 2500 / 100 = 25 and therefore R₁ = 25 − 15 = 10 Ω.",10.0,Ω
CH235,"A circuit AB consists of segment MB with R2 = 40 Ω in series with an inductor L. The condition LCω² = 1 holds, and uAM is 90 degrees out of phase with uMB. When a voltage U = 100 V is applied across AB, the power consumed is 76.92 W. Determine R1.","Step 1: Analyze resonance and phase conditions
From LCω² = 1 we obtain Z_L = Z_C. Since u_AM is perpendicular to u_MB (90° phase difference), we have the relationship linking resistance and reactance: Z_L × Z_C = R₁ × R₂ and therefore Z_L² = Z_C² = R₁ × R₂.
Step 2: Determine total circuit impedance
Because Z_L = Z_C the circuit experiences full electrical resonance. The reactive components completely cancel each other, so the total impedance of the entire AB circuit is purely resistive and equals Z_AB = R₁ + R₂.
Step 3: Set up the power equation
Using the formula for power consumption under resonance conditions P = U² / (R₁ + R₂) and substituting the given values P = 76.92 W, U = 100 V, and R₂ = 40 Ω we get 76.92 = 100² / (R₁ + 40).
Step 4: Calculate the final result
Solve the equation for R₁: R₁ + 40 = 10000 / 76.92 ≈ 130 and therefore R₁ = 130 − 40 = 90 Ω.",90.0,Ω
CH236,"Consider a circuit segment AB. It consists of two parts in series: segment AM contains R1 = 25 Ω in series with C, and segment MB contains R2 = 40 Ω in series with L. The condition LCω² = 1 is given. An RMS voltage U_AB = 80 V is applied across AB. Given that the voltage across AM (uAM) is 90 degrees out of phase with the voltage across MB (uMB). Calculate the RMS voltage across MB (U_MB).","Step 1: Analyze resonance and phase conditions
From LCω² = 1 we obtain Z_L = Z_C. Since u_AM is perpendicular to u_MB (90° phase difference), we have the linking relationship Z_L × Z_C = R₁ × R₂ and therefore Z_L² = Z_C² = R₁ × R₂. Substituting the values Z_L² = 25 × 40 = 1000 so Z_L = √1000 ≈ 31.62 Ω.
Step 2: Determine total circuit impedance and current
Because Z_L = Z_C the circuit experiences full resonance. The total impedance of AB is Z_AB = R₁ + R₂ = 25 + 40 = 65 Ω. The RMS current is I = U_AB / Z_AB = 80 / 65 ≈ 1.23 A.
Step 3: Set up the formula to calculate U_MB
The impedance of segment MB (containing R₂ and L) is calculated as Z_MB = √(R₂² + Z_L²). Substituting R₂ = 40 Ω and Z_L² = 1000 we get Z_MB = √(40² + 1000) = √(1600 + 1000) = √2600 ≈ 50.99 Ω.
Step 4: Calculate the final result
The RMS voltage across segment MB is U_MB = I × Z_MB = (80 / 65) × √2600 ≈ 1.23 × 50.99 ≈ 62.76 V.",62.76,V
CH237,"A circuit AB is formed by two series segments. Segment AM consists of a resistor R1 = 40 Ω in series with a capacitor C. Segment MB consists of a resistor R2 = 20 Ω in series with an inductor L. The entire circuit AB has the condition LCω² = 1. An RMS voltage U = 90 V is applied across AB. Given that the voltage u_AM is 90 degrees out of phase with the voltage u_MB, what is the RMS voltage across segment MB?","Step 1: Analyze resonance and phase conditions
From LCω² = 1 we obtain Z_L = Z_C. Since u_AM is perpendicular to u_MB (90° phase difference), we have the relationship Z_L × Z_C = R₁ × R₂ and therefore Z_L² = Z_C² = 40 × 20 = 800. Thus the inductive reactance Z_L = √800 = 20√2 ≈ 28.28 Ω.
Step 2: Determine the total circuit current
Because Z_L = Z_C the circuit experiences full resonance. The total impedance of AB is Z_AB = R₁ + R₂ = 40 + 20 = 60 Ω. The RMS current in the circuit is I = U / (R₁ + R₂) = 90 / 60 = 1.5 A.
Step 3: Calculate the impedance of segment MB
Segment MB consists of R₂ and L in series, so its impedance Z_MB is calculated as Z_MB = √(R₂² + Z_L²) = √(20² + 800) = √(400 + 800) = √1200 = 20√3 ≈ 34.64 Ω.
Step 4: Calculate the RMS voltage U_MB
Substitute the obtained values into the formula U_MB = I × Z_MB: U_MB = 1.5 × 20√3 = 30√3 ≈ 51.96 V.",51.96,V
CH238,"A circuit AB consists of segment AM (R1 = 60 Ω in series with C) and segment MB (R2 = 30 Ω in series with L). The condition LCω² = 1 is given. An RMS voltage U = 120 V is applied across AB. Given that uAM and uMB are 90 degrees out of phase, what is the RMS voltage across segment MB?","Step 1: Analyze resonance and phase conditions
From LCω² = 1 we obtain Z_L = Z_C. Since u_AM is perpendicular to u_MB (90° phase difference), we have the linking relationship Z_L × Z_C = R₁ × R₂ and therefore Z_L² = Z_C² = 60 × 30 = 1800.
Step 2: Determine the total circuit current
Because Z_L = Z_C the circuit experiences full resonance. The total impedance of AB is Z_AB = R₁ + R₂ = 60 + 30 = 90 Ω. The RMS current in the circuit is I = U / (R₁ + R₂) = 120 / 90 = 4/3 ≈ 1.33 A.
Step 3: Calculate the impedance of segment MB
Segment MB consists of R₂ and L in series, so its impedance Z_MB is calculated as Z_MB = √(R₂² + Z_L²) = √(30² + 1800) = √(900 + 1800) = √2700 = 30√3 ≈ 51.96 Ω.
Step 4: Calculate the RMS voltage U_MB
Substitute the values into the formula U_MB = I × Z_MB: U_MB = (4/3) × 30√3 = 40√3 ≈ 69.28 V.",69.28,V
CH239,A circuit segment AB is composed of two series parts. The first part (AM) consists of R1 = 30 Ω in series with a capacitor C. The second part (MB) consists of R2 = 70 Ω in series with an inductor L. The circuit satisfies the condition LCω² = 1. An RMS voltage U = 100 V is applied across AB. Given that the voltage uAM is 90 degrees out of phase with the voltage uMB. What is the RMS voltage across segment MB?,"Step 1: Analyze resonance and phase conditions
From LCω² = 1 we obtain Z_L = Z_C. Since u_AM is perpendicular to u_MB (90° phase difference), we have the linking relationship Z_L × Z_C = R₁ × R₂ and therefore Z_L² = Z_C² = 30 × 70 = 2100.
Step 2: Determine the total circuit current
Because Z_L = Z_C the circuit experiences full resonance. The total impedance of AB is Z_AB = R₁ + R₂ = 30 + 70 = 100 Ω. The RMS current in the circuit is I = U / Z_AB = 100 / 100 = 1 A.
Step 3: Calculate the impedance of segment MB
Segment MB consists of R₂ and L in series, so its impedance Z_MB is calculated as Z_MB = √(R₂² + Z_L²) = √(70² + 2100) = √(4900 + 2100) = √7000 ≈ 83.67 Ω.
Step 4: Calculate the RMS voltage U_MB
Substitute the values into the formula U_MB = I × Z_MB: U_MB = 1 × √7000 = 10√70 ≈ 83.67 V.",83.67,V
CH240,"Circuit AB consists of R1 = 50 Ω in series with C, and R2 = 10 Ω in series with L. (LCω² = 1). An effective voltage U = 75 V is applied across AB. Given that uAM is 90 degrees out of phase with uMB. What is the effective voltage across segment MB?","Step 1: Analyze resonance and phase conditions
From LCω² = 1 we obtain Z_L = Z_C. Since u_AM is perpendicular to u_MB (90° phase difference), we have the linking relationship Z_L² = Z_C² = R₁ × R₂ = 50 × 10 = 500.
Step 2: Determine the total circuit current
Because Z_L = Z_C the circuit experiences full resonance. The total impedance of AB is Z_AB = R₁ + R₂ = 50 + 10 = 60 Ω. The RMS current in the circuit is I = U / Z_AB = 75 / 60 = 1.25 A.
Step 3: Calculate the impedance of segment MB
Segment MB consists of R₂ and L in series, so its impedance Z_MB is calculated as Z_MB = √(R₂² + Z_L²) = √(10² + 500) = √(100 + 500) = √600 = 10√6 ≈ 24.49 Ω.
Step 4: Calculate the RMS voltage U_MB
Substitute the values into the formula U_MB = I × Z_MB: U_MB = 1.25 × 10√6 = 12.5√6 ≈ 30.62 V.",30.62,V
CH241,"Given a circuit AB with R1 = 20 Ω and R2 = 50 Ω, satisfying the conditions LCω² = 1 (meaning inductive reactance equals capacitive reactance) and the voltage across segment AM (u_AM) is 90 degrees out of phase with the voltage across segment MB (u_MB).","Step 1: Identify the given values and conditions for the circuit AB.
Step 2: Recognize that ""LCω² = 1"" implies the inductive reactance (XL) equals the capacitive reactance (XC). Let this common reactance be X.
Step 3: Interpret ""u_AM is 90 degrees out of phase with u_MB"" for a series circuit of AM and MB. This condition, combined with the presence of R1, R2, L, C, implies that segment AM contains R1 and C in series (Z_AM = R1 - jX), and segment MB contains R2 and L in series (Z_MB = R2 + jX). For their voltages to be 90 degrees out of phase, the product of their resistances must equal the product of their reactances: R1 × R2 = XC × XL.
Step 4: Using the conditions from Step 2 and Step 3, calculate the common reactance X. Since XL = XC = X and R1 × R2 = XC × XL, it follows that X² = R1 × R2.",172.73,W
CH242,"Consider an AB circuit with R1 = 30 Ω, R2 = 40 Ω, satisfying LCω² = 1 and where u_AM is in quadrature with u_MB. The total power consumed by the entire circuit when a voltage U = 100 V is applied across AB is 142.86 W. If the same voltage is applied across the MB segment (R2 + L), what is the power consumed by MB?","Step 1: Analyze resonance and phase conditions
From LCω² = 1 we obtain Z_L = Z_C. Since u_AM is perpendicular to u_MB (90° phase difference), we have the linking relationship between the components Z_L² = Z_C² = R₁ × R₂ = 30 × 40 = 1200.
Step 2: Determine the impedance of segment MB
Segment MB consists of resistor R₂ and inductor L connected in series. The impedance Z_MB is calculated using the formula Z_MB = √(R₂² + Z_L²) = √(40² + 1200) = √(1600 + 1200) = √2800 ≈ 52.92 Ω.
Step 3: Set up the power formula when voltage is applied directly to MB
When the same voltage U = 100 V is applied directly across segment MB, the power consumed by this segment (P_MB) is P_MB = I_MB² × R₂ = (U / Z_MB)² × R₂ = (U² / Z_MB²) × R₂.
Step 4: Calculate the final result
Substitute the values U = 100 V, Z_MB² = 2800, and R₂ = 40 Ω: P_MB = (100² / 2800) × 40 = (10000 / 2800) × 40 = 400000 / 2800 ≈ 142.86 W.",142.86,W
CH243,"Consider a circuit AB with R1 = 15 Ω and R2 = 60 Ω. The circuit satisfies LCω² = 1, and the voltage u_AM is in quadrature (π/2 out of phase) with u_MB. When a voltage U = 120 V is applied across AB, the total power consumed by the circuit is 171.43 W. If this same voltage is applied to the segment MB (consisting of R2 and L), what is the power consumed by MB?","Step 1: Analyze resonance and phase conditions
From LCω² = 1 we obtain Z_L = Z_C. Since u_AM is perpendicular to u_MB (90° phase difference), we have the relationship linking resistance and reactance Z_L² = Z_C² = R₁ × R₂ = 15 × 60 = 900.
Step 2: Determine the impedance of segment MB
Segment MB consists of resistor R₂ and inductor L connected in series. The square of the impedance Z_MB is calculated as Z_MB² = R₂² + Z_L² = 60² + 900 = 3600 + 900 = 4500 Ω².
Step 3: Set up the power formula when voltage is applied directly to MB
When the same voltage U = 120 V is applied directly across the terminals of segment MB, the power consumed by this segment (P_MB) is calculated using the formula P_MB = I_MB² × R₂ = (U² / Z_MB²) × R₂.
Step 4: Calculate the final result
Substitute the values U = 120 V, Z_MB² = 4500, and R₂ = 60 Ω: P_MB = (120² / 4500) × 60 = (14400 / 4500) × 60 = 3.2 × 60 = 192 W.",171.43,W
CH244,"Given a circuit AB with R1 = 40 Ω and R2 = 25 Ω, satisfying the condition LCω² = 1, and the voltage u_AM is 90 degrees out of phase with the voltage u_MB. The total power consumed by the entire circuit when a voltage U = 90 V is applied across AB is 108.0 W. If the same voltage is applied across the MB segment (containing R2 and L), what is the power consumed by the MB segment?","Step 1: Analyze resonance and 90° phase conditions
From LCω² = 1 we obtain Z_L = Z_C. Since u_AM is perpendicular to u_MB (90° phase difference), we have the characteristic linking relationship Z_L × Z_C = R₁ × R₂, and because Z_L = Z_C this leads to Z_L² = R₁ × R₂ = 40 × 25 = 1000.
Step 2: Set up the formula for total circuit power P_AB
When the circuit is at resonance (Z_L = Z_C), the total impedance becomes purely resistive and equals R₁ + R₂. The power consumed by the entire circuit is therefore P_AB = U² / (R₁ + R₂) = 108.0 W.
Step 3: Set up the formula for power consumed by segment MB (P_MB)
When the same voltage U is applied directly across segment MB (consisting of R₂ and L), the power consumed by this segment is P_MB = (U² × R₂) / Z_MB² = (U² × R₂) / (R₂² + Z_L²). Substituting Z_L² = R₁ × R₂ from Step 1 into the denominator gives P_MB = (U² × R₂) / (R₂² + R₁ × R₂) = (U² × R₂) / [R₂(R₂ + R₁)] = U² / (R₁ + R₂).
Step 4: Conclusion
Comparing Step 2 and Step 3, we see that the expression for P_MB is exactly the same as that for P_AB. Therefore P_MB = P_AB = 108.0 W.",108.0,W
CH245,"Consider a circuit AB with R1 = 60 Ω, R2 = 30 Ω, satisfying LCω² = 1, and uAM is in quadrature (90° out of phase) with uMB. The total power consumed by the circuit when U = 80 V is applied across AB is 64.0 W. If this same voltage is applied to the MB segment (containing R2 and L), what is the power consumed by MB?","Step 1: Analyze resonance and 90° phase conditions
From LCω² = 1 we obtain Z_L = Z_C. Since u_AM is perpendicular to u_MB (90° phase difference), we have the characteristic relationship Z_L² = Z_C² = R₁ × R₂.
Step 2: Set up the total circuit power P_AB
When the circuit is at resonance, the total impedance becomes purely resistive and equals R₁ + R₂. The power consumed by the entire circuit is therefore P_AB = U² / (R₁ + R₂) = 64.0 W.
Step 3: Transform the power of segment MB (P_MB)
When the voltage U is applied directly across segment MB (consisting of R₂ and L), the power consumed by this segment is P_MB = (U² × R₂) / (R₂² + Z_L²). Substituting Z_L² = R₁ × R₂ into the denominator gives P_MB = (U² × R₂) / (R₂² + R₁ × R₂) = (U² × R₂) / [R₂(R₂ + R₁)] = U² / (R₁ + R₂).
Step 4: Conclusion
From the expressions above, we see that P_MB is always equal to P_AB under these conditions. Therefore P_MB = P_AB = 64.0 W.",64.0,W
CH246,The AB circuit satisfies LCω² = 1. The voltages uAM and uMB are 90° out of phase. Given R1 = 30 Ω and R2 = 40 Ω. Calculate the power factor of the entire circuit.,"Step 1: Analyze circuit conditions
From LCω² = 1 we obtain Z_L = Z_C. This is the condition for full electrical resonance to occur in a series RLC circuit.
Step 2: Determine the phase difference of the entire circuit
When the circuit is at resonance, the total voltage u_AB and the current i are always in phase with each other. Therefore φ = 0.
Step 3: Calculate the power factor
The power factor of the entire circuit is given by cos φ. Since φ = 0 we have cos φ = cos(0) = 1.
Step 4: Conclusion
For any values of R₁ and R₂, as long as the circuit is at resonance, the power factor always reaches its maximum value. Therefore cos φ = 1.",1,-
CH247,"For circuit AB, LCω² = 1, and uAM and uMB are 90° out of phase. Given R1 = 70 Ω and R2 = 40 Ω. Calculate the power factor of the entire circuit.","Step 1: Analyze circuit conditions
From the condition LCω² = 1 we obtain Z_L = Z_C. This is the phenomenon of full electrical resonance in a series RLC circuit.
Step 2: Determine the phase difference of the entire circuit
When the circuit is at resonance, the total voltage u_AB and the current i are always in phase with each other. Therefore φ = 0.
Step 3: Calculate the power factor
The power factor of the entire circuit is calculated using cos φ. Since φ = 0 we have cos φ = cos(0) = 1.
Step 4: Conclusion
Regardless of the specific values of R₁ and R₂, as long as the resonance condition (Z_L = Z_C) is satisfied, the power factor of the entire circuit always reaches its maximum value. Therefore cos φ = 1.",1,-
CH248,"Circuit AB satisfies the condition LCω² = 1, and the voltages uAM and uMB are 90 degrees out of phase. Given R1 = 25 Ω and R2 = 30 Ω, calculate the power factor of the entire circuit.","Step 1: Analyze circuit conditions
From the condition LCω² = 1 we obtain Z_L = Z_C. This is the phenomenon of full electrical resonance in a series RLC circuit.
Step 2: Determine the phase difference of the entire circuit
When the circuit is at resonance, the total voltage u_AB and the current i are always in phase with each other. Therefore φ = 0.
Step 3: Calculate the power factor
The power factor of the entire circuit is calculated using cos φ. Since φ = 0 we have cos φ = cos(0) = 1.
Step 4: Conclusion
Regardless of the specific values of R₁ and R₂, as long as the resonance condition (Z_L = Z_C) is satisfied, the power factor of the entire circuit always reaches its maximum value. Therefore cos φ = 1.",1,-
CH249,"The circuit AB satisfies the condition LCω² = 1, and the voltages u_AM and u_MB are 90° out of phase. Given R1 = 60 Ω and R2 = 15 Ω. Calculate the power factor of the entire circuit.","Step 1: Analyze circuit conditions
From the condition LCω² = 1 we obtain Z_L = Z_C. This is the phenomenon of full electrical resonance in a series RLC circuit.
Step 2: Determine the phase difference of the entire circuit
When the circuit is at resonance, the total voltage u_AB and the current i are always in phase with each other. Therefore φ = 0.
Step 3: Calculate the power factor
The power factor of the entire circuit is calculated using cos φ. Since φ = 0 we have cos φ = cos(0) = 1.
Step 4: Conclusion
Regardless of the specific values of R₁ and R₂, as long as the resonance condition (Z_L = Z_C) is satisfied, the power factor of the entire circuit always reaches its maximum value. Therefore cos φ = 1.",1,-
CH250,Circuit AB satisfies LCω² = 1. Voltages uAM and uMB are 90° out of phase. Given R1 = 80 Ω and R2 = 90 Ω. Calculate the power factor of the entire circuit.,"Step 1: Analyze circuit conditions
From the condition LCω² = 1 we obtain Z_L = Z_C. This is the phenomenon of full electrical resonance in a series RLC circuit.
Step 2: Determine the phase difference of the entire circuit
When the circuit is at resonance, the total voltage u_AB and the current i are always in phase with each other. Therefore φ = 0.
Step 3: Calculate the power factor
The power factor of the entire circuit is calculated using cos φ. Since φ = 0 we have cos φ = cos(0) = 1.
Step 4: Conclusion
Regardless of the specific values of R₁ and R₂, as long as the resonance condition (Z_L = Z_C) is satisfied, the power factor of the entire circuit always reaches its maximum value. Therefore cos φ = 1.",1,-
CH251,"A series circuit consists of a pure inductor (XL = 25 Ω), a capacitor (XC = 100 Ω), and a resistor R. An RMS voltage of 120 V is applied to the circuit. If only the frequency is doubled, what will be the RMS voltage across the resistor R?","Step 1: Change in parameters when frequency is doubled (f' = 2f)
Inductive reactance Z_L is directly proportional to frequency so Z_L' = 2 × 25 = 50 Ω. Capacitive reactance Z_C is inversely proportional to frequency so Z_C' = 100 / 2 = 50 Ω.
Step 2: Determine the circuit state
Because Z_L' = Z_C' = 50 Ω the circuit reaches electrical resonance.
Step 3: Calculate the voltage across the resistor R
At resonance, the RMS voltage across the resistor (U_R) reaches its maximum value and equals the source voltage U exactly. Therefore U_R = U = 120 V.
Step 4: Conclusion
Regardless of the value of R, in the resonance state the entire source voltage is concentrated across the resistor. Therefore U_R = 120 V.",120,V
CH252,"A series circuit has XL = 20 Ω, XC = 80 Ω, and U = 150 V. When the frequency is doubled, what is the RMS voltage across the resistor R?","Step 1: Change in parameters when frequency is doubled (f' = 2f)
Inductive reactance Z_L is directly proportional to frequency so Z_L' = 2 × 20 = 40 Ω. Capacitive reactance Z_C is inversely proportional to frequency so Z_C' = 80 / 2 = 40 Ω.
Step 2: Determine the circuit state
Because Z_L' = Z_C' = 40 Ω the circuit reaches electrical resonance.
Step 3: Calculate the voltage across the resistor R
At the resonance state, the RMS voltage across the resistor (U_R) is always exactly equal to the source voltage U because the voltages across the inductor and capacitor cancel each other out completely. Therefore U_R = U = 150 V.
Step 4: Conclusion
Regardless of the value of the resistor R, when the circuit is at resonance the entire source voltage appears across the resistor. Therefore U_R = 150 V.",150,V
CH253,"An RLC series circuit has XL = 30 Ω and XC = 270 Ω, and is supplied with a voltage of U = 220 V. If the frequency is tripled, what will be the RMS voltage across the resistor R?","Step 1: Change in parameters when frequency is tripled (f' = 3f)
Inductive reactance Z_L is directly proportional to frequency so Z_L' = 3 × 30 = 90 Ω. Capacitive reactance Z_C is inversely proportional to frequency so Z_C' = 270 / 3 = 90 Ω.
Step 2: Determine the circuit state
Because Z_L' = Z_C' = 90 Ω the circuit reaches electrical resonance.
Step 3: Calculate the voltage across the resistor R
At the resonance state, the voltages across the inductor and capacitor cancel each other out completely (U_L = U_C), so the RMS voltage across the resistor (U_R) is exactly equal to the source voltage U. Therefore U_R = U = 220 V.
Step 4: Conclusion
Regardless of the value of the resistor R, when the circuit is at resonance the entire RMS source voltage is concentrated across the resistor. Therefore U_R = 220 V.",220,V
CH254,"Given a series circuit with XL = 40 Ω, XC = 160 Ω, and U = 100 V. If the frequency is doubled, what is the RMS voltage across R?","Step 1: Change in parameters when frequency is doubled (f' = 2f)
Inductive reactance Z_L is directly proportional to frequency so Z_L' = 2 × 40 = 80 Ω. Capacitive reactance Z_C is inversely proportional to frequency so Z_C' = 160 / 2 = 80 Ω.
Step 2: Determine the circuit state
Because Z_L' = Z_C' = 80 Ω the circuit reaches electrical resonance.
Step 3: Calculate the voltage across the resistor R
At the resonance state, the RMS voltages across the inductor and capacitor cancel each other out completely (U_L = U_C), which means the RMS voltage across the resistor (U_R) is exactly equal to the source voltage U. Therefore U_R = U = 100 V.
Step 4: Conclusion
When the frequency changes and causes the circuit to resonate, the entire source voltage appears across the resistor R. Therefore U_R = 100 V.",100,V
CH255,"A circuit has XL = 15 Ω, XC = 135 Ω, and a source voltage U = 90 V. If the frequency is tripled, what is the RMS voltage across the resistor R?","Step 1: Change in parameters when frequency is tripled (f' = 3f)
Inductive reactance Z_L is directly proportional to frequency so Z_L' = 3 × 15 = 45 Ω. Capacitive reactance Z_C is inversely proportional to frequency so Z_C' = 135 / 3 = 45 Ω.
Step 2: Determine the circuit state
Because Z_L' = Z_C' = 45 Ω the circuit reaches electrical resonance.
Step 3: Calculate the voltage across the resistor R
At the resonance state, the voltages across the inductor and capacitor cancel each other out completely (U_L = U_C), so the RMS voltage across the resistor (U_R) is exactly equal to the source voltage U. Therefore U_R = U = 90 V.
Step 4: Conclusion
Regardless of the value of the resistor R, when the frequency changes and causes the circuit to resonate, the entire source voltage is concentrated across the resistor. Therefore U_R = 90 V.",90,V
CH256,"An RLC circuit has an inductive reactance XL = 18 Ω, a capacitive reactance XC = 72 Ω, and the total voltage U = 200 V. When the frequency is doubled, what is the RMS voltage across the resistor R?","Step 1: Change in parameters when frequency is doubled (f' = 2f)
Inductive reactance Z_L is directly proportional to frequency so Z_L' = 2 × 18 = 36 Ω. Capacitive reactance Z_C is inversely proportional to frequency so Z_C' = 72 / 2 = 36 Ω.
Step 2: Determine the circuit state
Because Z_L' = Z_C' = 36 Ω the circuit reaches electrical resonance.
Step 3: Calculate the voltage across the resistor R
At the resonance state, the voltages across the inductor and capacitor cancel each other out completely (U_L = U_C). According to Ohm’s law for a series circuit, the RMS voltage across the resistor (U_R) is exactly equal to the source voltage U. Therefore U_R = U = 200 V.
Step 4: Conclusion
Regardless of the value of the resistor R, when the frequency changes and causes the circuit to resonate, the entire source voltage is concentrated across the resistor. Therefore U_R = 200 V.",200,V
CH257,"n a series circuit, XL = 22 Ω, XC = 198 Ω, U = 110 V. If the frequency is increased by 3 times, what is the RMS voltage across R?","Step 1: Change in parameters when frequency is increased threefold (f' = 3f)
Inductive reactance Z_L is directly proportional to frequency so Z_L' = 3 × 22 = 66 Ω. Capacitive reactance Z_C is inversely proportional to frequency so Z_C' = 198 / 3 = 66 Ω.
Step 2: Determine the circuit state
Because Z_L' = Z_C' = 66 Ω the circuit reaches electrical resonance.
Step 3: Calculate the voltage across the resistor R
At resonance, the voltages across the inductor and capacitor cancel each other out completely (U_L = U_C). According to Ohm’s law, the RMS voltage across the resistor (U_R) is exactly equal to the source voltage U. Therefore U_R = U = 110 V.
Step 4: Conclusion
Regardless of the value of the resistor R, in the resonance state the entire source voltage is concentrated across the resistor. Therefore U_R = 110 V.",110,V
CH258,"An RLC circuit has XL = 12 Ω, XC = 108 Ω, and a total (RMS) voltage U = 75 V. When the frequency is tripled (increased by a factor of three), what is the RMS voltage across the resistor?","Step 1: Change in parameters when frequency is increased threefold (f' = 3f)
Inductive reactance Z_L is directly proportional to frequency so Z_L' = 3 × 12 = 36 Ω. Capacitive reactance Z_C is inversely proportional to frequency so Z_C' = 108 / 3 = 36 Ω.
Step 2: Determine the circuit state
Because Z_L' = Z_C' = 36 Ω the circuit reaches electrical resonance.
Step 3: Calculate the voltage across the resistor R
At resonance, the voltages across the inductor and capacitor cancel each other out completely (U_L = U_C). Therefore the RMS voltage across the resistor (U_R) is exactly equal to the source voltage U. Therefore U_R = U = 75 V.
Step 4: Conclusion
Regardless of the value of the resistor R, in the resonance state the entire source voltage is concentrated across the resistor. Therefore U_R = 75 V.",75,V
CH259,"A circuit has XL = 35 Ω, XC = 140 Ω, and a source voltage U = 180 V. If the frequency is doubled, what is the voltage across R?","Step 1: Change in parameters when frequency is doubled (f' = 2f)
Inductive reactance Z_L is directly proportional to frequency so Z_L' = 2 × 35 = 70 Ω. Capacitive reactance Z_C is inversely proportional to frequency so Z_C' = 140 / 2 = 70 Ω.
Step 2: Determine the circuit state
Because Z_L' = Z_C' = 70 Ω the circuit reaches electrical resonance.
Step 3: Calculate the voltage across the resistor R
At the resonance state, the RMS voltages across the inductor and capacitor cancel each other out completely (U_L = U_C). Therefore the RMS voltage across the resistor (U_R) is exactly equal to the source voltage U. Therefore U_R = U = 180 V.
Step 4: Conclusion
When the frequency changes and causes the circuit to resonate, the entire source voltage is concentrated across the resistor R. Therefore U_R = 180 V.",180,V
CH260,"In a series circuit, XL = 50 Ω, XC = 450 Ω, and the total voltage U = 240 V. When the frequency is tripled, what is the RMS voltage across R?","Step 1: Change in parameters when frequency is increased threefold (f' = 3f)
Inductive reactance Z_L is directly proportional to frequency so Z_L' = 3 × 50 = 150 Ω. Capacitive reactance Z_C is inversely proportional to frequency so Z_C' = 450 / 3 = 150 Ω.
Step 2: Determine the circuit state
Because Z_L' = Z_C' = 150 Ω the circuit reaches electrical resonance.
Step 3: Calculate the voltage across the resistor R
At the resonance state, the RMS voltages across the inductor and capacitor cancel each other out completely (U_L = U_C). Therefore the RMS voltage across the resistor (U_R) reaches its maximum value and is exactly equal to the source voltage U. Therefore U_R = U = 240 V.
Step 4: Conclusion
When the frequency changes and causes the circuit to resonate, the entire RMS source voltage is concentrated across the resistor R. Therefore U_R = 240 V.",240,V
CH261,"Given XL = 28 Ω, XC = 112 Ω, and the total supply voltage U = 130 V. If the frequency is doubled, what is the RMS voltage across the resistor?","Step 1: Change in parameters when frequency is doubled (f' = 2f)
Inductive reactance Z_L is directly proportional to frequency so Z_L' = 2 × 28 = 56 Ω. Capacitive reactance Z_C is inversely proportional to frequency so Z_C' = 112 / 2 = 56 Ω.
Step 2: Determine the circuit state
Because Z_L' = Z_C' = 56 Ω the circuit reaches electrical resonance.
Step 3: Calculate the voltage across the resistor R
At the resonance state, the RMS voltages across the inductor and capacitor cancel each other out completely (U_L = U_C). Therefore the entire source voltage is concentrated across the resistor so U_R = U = 130 V.",130,V
CH262,"In an RLC circuit, XL = 10 Ω, XC = 160 Ω, and the source voltage U = 120 V. If the frequency is increased by 4 times, what is the RMS voltage across the resistor R?","Step 1: Change in parameters when frequency is increased fourfold (f' = 4f)
Inductive reactance Z_L is directly proportional to frequency so Z_L' = 4 × 10 = 40 Ω. Capacitive reactance Z_C is inversely proportional to frequency so Z_C' = 160 / 4 = 40 Ω.
Step 2: Determine the circuit state
Because Z_L' = Z_C' = 40 Ω the circuit reaches electrical resonance.
Step 3: Calculate the voltage across the resistor R
At the resonance state, the voltages across the inductor and capacitor cancel each other out completely (U_L = U_C). Therefore the RMS voltage across the resistor (U_R) is exactly equal to the source voltage U. Therefore U_R = U = 120 V.",120,V
CH263,"A circuit has XL = 7 Ω, XC = 112 Ω, and a total voltage U = 80 V. When the frequency is quadrupled (increased by a factor of 4), what is the RMS voltage across the resistor?","Step 1: Change in parameters when frequency is increased fourfold (f' = 4f)
Inductive reactance Z_L is directly proportional to frequency so Z_L' = 4 × 7 = 28 Ω. Capacitive reactance Z_C is inversely proportional to frequency so Z_C' = 112 / 4 = 28 Ω.
Step 2: Determine the circuit state
Because Z_L' = Z_C' = 28 Ω the circuit reaches electrical resonance.
Step 3: Calculate the voltage across the resistor R
At the resonance state, the RMS voltages across the inductor and capacitor are equal in magnitude but opposite in phase, so they cancel each other out completely. Therefore the RMS voltage across the resistor (U_R) is exactly equal to the source voltage U. Therefore U_R = U = 80 V.
Step 4: Conclusion
When the frequency changes and causes the circuit to resonate, the entire RMS source voltage is concentrated across the resistor R. Therefore U_R = 80 V.",80,V
CH264,"A series circuit has an inductive reactance XL = 5 Ω and a capacitive reactance XC = 180 Ω, with an applied RMS voltage of U = 100 V. If the frequency is increased by 6 times, what is the RMS voltage across R?","Step 1: Change in parameters when frequency is increased sixfold (f' = 6f)
Inductive reactance Z_L is directly proportional to frequency so Z_L' = 6 × 5 = 30 Ω. Capacitive reactance Z_C is inversely proportional to frequency so Z_C' = 180 / 6 = 30 Ω.
Step 2: Determine the circuit state
Because Z_L' = Z_C' = 30 Ω the circuit reaches electrical resonance.
Step 3: Calculate the voltage across the resistor R
At the resonance state, the voltages across the inductor and capacitor cancel each other out completely (U_L = U_C). Therefore the RMS voltage across the resistor (U_R) is exactly equal to the source voltage U. Therefore U_R = U = 100 V.
Step 4: Conclusion
When the circuit is at resonance, the entire source voltage is concentrated across the resistor R, independent of the value of R. Therefore U_R = 100 V.",100,V
CH265,"A circuit consists of XL = 25 Ω, XC = 100 Ω, R = 40 Ω, U = 120 V. If the frequency is increased by 2 times, what is the effective current in the circuit?","Step 1: Identify the initial given values: Inductive reactance XL = 25 Ω, Capacitive reactance XC = 100 Ω, Resistance R = 40 Ω, and RMS voltage U = 120 V.
Step 2: When the frequency is doubled, inductive reactance (XL) doubles because XL is directly proportional to frequency (XL = 2πfL).
Step 3: Calculate the new inductive reactance: XL' = 2 × XL = 2 × 25 Ω = 50 Ω.
Step 4: When the frequency is doubled, capacitive reactance (XC) halves because XC is inversely proportional to frequency (XC = 1/(2πfC)). Then, I = U / R = 3 A.",3,A
CH266,"A circuit has XL = 20 Ω, XC = 80 Ω, R = 30 Ω, U = 150 V. When the frequency is doubled, what is the RMS current?","Step 1: Recall how inductive reactance (XL) and capacitive reactance (XC) depend on frequency (f).
Step 2: Determine the new reactances when the frequency is doubled (f' = 2f). XL' = 2 × XL and XC' = XC / 2.
Step 3: Calculate the new values for XL' and XC'. XL' = 2 × 20 Ω = 40 Ω. XC' = 80 Ω / 2 = 40 Ω.
Step 4: Calculate the total impedance (Z) of the circuit. Assuming a series RLC circuit, Z = √(R² + (XL' - XC')²). Then, I = U / R = 5 A.",5,A
CH267,"A circuit has XL = 30 Ω, XC = 270 Ω, R = 50 Ω, U = 200 V. If the frequency is increased by a factor of 3, what will be the RMS current in the circuit?","Step 1: Identify the initial given values for resistance, inductive reactance, capacitive reactance, and RMS voltage.
Step 2: Note the change in frequency: it is increased by a factor of 3.
Step 3: Calculate the new inductive reactance (XL') since XL is directly proportional to frequency.
Step 4: Calculate the new capacitive reactance (XC') since XC is inversely proportional to frequency. Then, I = U / R = 4 A.",4,A
CH268,"An AC circuit has XL = 40 Ω, XC = 160 Ω, R = 60 Ω, U = 180 V. If the frequency is doubled, what is the RMS (effective) current?","Step 1: Identify the initial given values for the AC circuit components and voltage.
Step 2: Understand the effect of doubling the frequency on inductive reactance (XL) and capacitive reactance (XC).
Step 3: Calculate the new inductive reactance (XL') after the frequency is doubled. Since XL = 2πfL, doubling f doubles XL. XL' = 2 × 40 Ω = 80 Ω.
Step 4: Calculate the new capacitive reactance (XC') after the frequency is doubled. Since XC = 1/(2πfC), doubling f halves XC. XC' = 160 Ω / 2 = 80 Ω. Then, I = U / R = 3 A.",3,A
CH269,"In a series circuit, XL = 15 Ω, XC = 135 Ω, R = 25 Ω, and the applied voltage U = 100 V. If the frequency is tripled, what will be the RMS current?","Step 1: Identify the initial values for resistance and reactances.
Step 2: Recognize how inductive reactance (XL) and capacitive reactance (XC) change when frequency (f) is tripled. XL is directly proportional to f, and XC is inversely proportional to f.
Step 3: Calculate the new inductive reactance (XL_new) and new capacitive reactance (XC_new).
Step 4: Calculate the new total impedance (Z_new) using the formula Z_new = √(R² + (XL_new - XC_new)²). Then, I = U / R = 4 A.",4,A
CH270,"A circuit has XL = 25 Ω, XC = 225 Ω, R = 75 Ω, U = 225 V. If the frequency (f) is tripled, what will be the RMS current in the circuit?","Step 1: Identify the initial values for inductive reactance (XL), capacitive reactance (XC), resistance (R), and RMS voltage (U).
Step 2: Note that inductive reactance (XL) is directly proportional to frequency (f), and capacitive reactance (XC) is inversely proportional to frequency (f).
Step 3: Calculate the new inductive reactance (XL') after the frequency is tripled: XL' = 3 × XL_initial = 3 × 25 Ω = 75 Ω.
Step 4: Calculate the new capacitive reactance (XC') after the frequency is tripled: XC' = XC_initial / 3 = 225 Ω / 3 = 75 Ω. Then, I = U / R = 3 A.",3,A
CH271,"Given XL = 35 Ω, XC = 140 Ω, R = 35 Ω, U = 140 V. If the frequency is doubled, what will be the effective (or RMS) current?","Step 1: Identify the initial given values: R = 35 Ω, XL = 35 Ω, XC = 140 Ω, U = 140 V.
Step 2: Understand how reactance changes with frequency. Inductive reactance (XL) is directly proportional to frequency, and capacitive reactance (XC) is inversely proportional to frequency. Resistance (R) is independent of frequency.
Step 3: Calculate the new inductive reactance (XL') after the frequency is doubled. XL' = 2 × XL = 2 × 35 Ω = 70 Ω.
Step 4: Calculate the new capacitive reactance (XC') after the frequency is doubled. XC' = XC / 2 = 140 Ω / 2 = 70 Ω. Then, I = U / R = 4 A.",4,A
CH272,"In a circuit, given XL = 5 Ω, XC = 20 Ω, R = 20 Ω, and U = 80 V. If the frequency is doubled, what is the RMS current (effective current)?","Step 1: Calculate the new inductive reactance (XL') when the frequency is doubled.
Step 2: Calculate the new capacitive reactance (XC') when the frequency is doubled.
Step 3: Calculate the total impedance (Z') of the circuit with the new reactances and resistance.
Step 4: Calculate the RMS current (effective current) using the total voltage and the new impedance. Then, I = U / R = 4 A.",4,A
CH273,"In a circuit, XL = 50 Ω, XC = 200 Ω, R = 100 Ω, U = 200 V. If the frequency is doubled, what is the effective (RMS) current?","Step 1: Identify the initial given values: R = 100 Ω, XL = 50 Ω, XC = 200 Ω, U = 200 V.
Step 2: Understand that inductive reactance (XL) is directly proportional to frequency (f), so if frequency doubles, XL doubles.
Step 3: Understand that capacitive reactance (XC) is inversely proportional to frequency (f), so if frequency doubles, XC halves.
Step 4: Calculate the new inductive reactance (XL_new) after the frequency is doubled: XL_new = 2 × 50 Ω = 100 Ω. Then, I = U / R = 2 A.",2,A
CH274,"Given an AC circuit with inductive reactance XL = 30 Ω, capacitive reactance XC = 270 Ω, resistance R = 90 Ω, and an applied RMS voltage U = 270 V. If the frequency f is increased by 3 times, what will be the RMS current in the circuit?","Step 1: Identify the initial given values: Resistance R = 90 Ω, inductive reactance XL = 30 Ω, capacitive reactance XC = 270 Ω, and RMS voltage U = 270 V.
Step 2: When the frequency is increased by 3 times, the new inductive reactance XL' will be 3 times the initial XL.
Step 3: Calculate the new inductive reactance: XL' = 3 × 30 Ω = 90 Ω.
Step 4: When the frequency is increased by 3 times, the new capacitive reactance XC' will be 1/3 of the initial XC. Then, I = U / R = 3 A.",3,A
CH275,"An AC circuit has XL = 25 Ω, XC = 100 Ω, R = 40 Ω, and U = 120 V. If the frequency is doubled, what is the power consumed by resistor R?","Step 1: Identify the initial resistance (R), inductive reactance (XL), capacitive reactance (XC), and voltage (U).
Step 2: Determine how doubling the frequency affects the inductive reactance (XL') and capacitive reactance (XC').
Step 3: Calculate the new inductive reactance (XL') after the frequency is doubled.
Step 4: Calculate the new capacitive reactance (XC') after the frequency is doubled. Then, P = I²R = 360 W.",360,W
CH276,"In a circuit, XL = 40 Ω, XC = 160 Ω, R = 60 Ω, U = 180 V. If the frequency f is doubled, what is the power dissipated across R?","Step 1: Identify the initial given values: R = 60 Ω, XL (initial) = 40 Ω, XC (initial) = 160 Ω, and RMS voltage U = 180 V.
Step 2: Recall that inductive reactance XL is directly proportional to frequency (XL = 2πfL) and capacitive reactance XC is inversely proportional to frequency (XC = 1/(2πfC)).
Step 3: If the frequency f is doubled, the new inductive reactance XL_new will be 2 × XL (initial) = 2 × 40 Ω = 80 Ω.
Step 4: If the frequency f is doubled, the new capacitive reactance XC_new will be 1/2 × XC (initial) = 1/2 × 160 Ω = 80 Ω. Then, P = I²R = 540 W.",540,W
CH277,"In an AC circuit, XL = 20 Ω, XC = 80 Ω, R = 30 Ω, and the applied voltage U = 150 V. If the frequency is doubled, what is the power dissipated by R?","Step 1: Identify the initial given values for inductive reactance (XL), capacitive reactance (XC), resistance (R), and applied voltage (U).
Step 2: Understand that if the frequency (f) is doubled, the inductive reactance (XL) will double (XL' = 2 × XL).
Step 3: Calculate the new inductive reactance: XL' = 2 × 20 Ω = 40 Ω.
Step 4: Understand that if the frequency (f) is doubled, the capacitive reactance (XC) will halve (XC' = XC / 2). Then, P = I²R = 750 W.",750,W
CH278,"A circuit has XL = 15 Ω, XC = 135 Ω, R = 25 Ω, and U = 100 V. If the frequency is increased by 3 times, what is the power consumed by R?","Step 1: The initial inductive reactance is XL = 15 Ω.
Step 2: The initial capacitive reactance is XC = 135 Ω.
Step 3: The resistance is R = 25 Ω.
Step 4: The RMS voltage is U = 100 V. Then, P = I²R = 400 W.",400,W
CH279,"In an RLC circuit, XL = 30 Ω, XC = 270 Ω, R = 50 Ω, and the source voltage U = 200 V. If the frequency (f) is tripled, what is the power consumed by the resistor?","Step 1: Understand how inductive and capacitive reactances change with frequency. Inductive reactance (XL) is directly proportional to frequency, while capacitive reactance (XC) is inversely proportional to frequency.
Step 2: Calculate the new inductive reactance (XL_new) when the frequency is tripled. Since XL is proportional to frequency, XL_new = 3 × XL_initial = 3 × 30 Ω = 90 Ω.
Step 3: Calculate the new capacitive reactance (XC_new) when the frequency is tripled. Since XC is inversely proportional to frequency, XC_new = XC_initial / 3 = 270 Ω / 3 = 90 Ω.
Step 4: Calculate the total impedance (Z_new) of the circuit using R = 50 Ω, XL_new = 90 Ω, and XC_new = 90 Ω. The formula for impedance is Z = √(R² + (XL - XC)²), so Z_new = √((50 Ω)² + (90 Ω - 90 Ω)²) = √((50 Ω)² + (0 Ω)²) = 50 Ω. Then, P = I²R = 800 W.",800,W
CH280,"In an AC circuit, the inductive reactance XL = 40 Ω, the capacitive reactance XC = 160 Ω, the resistance R = 80 Ω, and the applied voltage U = 160 V. If the frequency is doubled, what will be the power dissipated by the resistor R?","Step 1: Identify the initial given values: resistance R = 80 Ω, initial inductive reactance XL1 = 40 Ω, initial capacitive reactance XC1 = 160 Ω, and applied voltage U = 160 V.
Step 2: Understand that inductive reactance XL is directly proportional to frequency (XL = 2πfL).
Step 3: If the frequency is doubled, the new inductive reactance XL2 will be twice the initial value: XL2 = 2 × XL1.
Step 4: Calculate the new inductive reactance: XL2 = 2 × 40 Ω = 80 Ω. Then, P = I²R = 320 W.",320,W
CH341,An inductor L = 0.10 H and a capacitor C = 50 µF are connected in series. Calculate the resonant frequency f0 of the circuit.,"Step 1: Identify the given values for inductance (L) and capacitance (C).
Step 2: The inductance L = 0.10 H.
Step 3: The capacitance C = 50 µF.
Step 4: Convert the capacitance to Farads: C = 50 × 10⁻⁶ F. Then, f0 = 71.18 Hz",71.18,Hz
CH342,"Given L = 0.20 H, C = 80 µF. Determine the resonant frequency f0.","Step 1: Identify the given inductance L = 0.20 H and capacitance C = 80 µF.
Step 2: Convert the capacitance from microfarads to farads: C = 80 × 10⁻⁶ F.
Step 3: Recall the formula for the resonant frequency f0 of an LC circuit: f0 = 1 / (2π√(LC)).
Step 4: Substitute the given values into the formula: f0 = 1 / (2π√(0.20 H × 80 × 10⁻⁶ F)) = 39.79 Hz.",39.79,Hz
CH343,L = 0.05 H and C = 40 µF. Calculate the resonant frequency (f0) of the circuit.,"Step 1: Identify the given inductance L = 0.05 H.
Step 2: Identify the given capacitance C = 40 µF.
Step 3: Convert capacitance from microfarads (µF) to Farads (F): C = 40 × 10⁻⁶ F.
Step 4: Recall the formula for resonant frequency (f0) of an LC circuit: f0 = 1 / (2π√LC) = 112.54 Hz.",112.54,Hz
CH344,A circuit has L = 0.08 H and C = 100 µF. Calculate f0.,"Step 1: Identify the given values for inductance (L) and capacitance (C).
Step 2: Convert the capacitance from microfarads (µF) to farads (F).
Step 3: Recall the formula for the resonant frequency (f0) of an LC circuit.
Step 4: Substitute the values of L and C into the formula. Then, f0 = 56.27 Hz.",56.27,Hz
CH345,"L = 0.15 H, C = 60 µF. Calculate the resonant frequency.","Step 1: Identify the given values from the question: Inductance L = 0.15 H and Capacitance C = 60 µF.
Step 2: Convert the capacitance from microfarads to farads: C = 60 × 10⁻⁶ F.
Step 3: State the formula for the resonant frequency (f) of an LC circuit: f = 1 / (2π√(LC)).
Step 4: Substitute the values of L and C into the formula: f = 1 / (2π√(0.15 H × 60 × 10⁻⁶ F)) = 53.05 Hz.",51.05,Hz
CH346,An inductor of 0.12 H is connected in series with a capacitor of 30 µF. Calculate f0.,"Step 1: Identify the given values for inductance (L) and capacitance (C) from the question.
Step 2: Convert the capacitance from microfarads (µF) to farads (F).
Step 3: Recall the formula for the resonant frequency (f0) of a series LC circuit: f0 = 1 / (2π√(LC)).
Step 4: Substitute the values of L and C (in Farads) into the formula. Then, f0 = 83.88 Hz",83.89,Hz
CH347,"L = 0.25 H, C = 10 µF. Determine f0.","Step 1: Identify the given inductance L and capacitance C from the question.
Step 2: The given values are L = 0.25 H and C = 10 µF.
Step 3: Convert the capacitance to Farads: C = 10 µF = 10 × 10⁻⁶ F = 1 × 10⁻⁵ F.
Step 4: Recall the formula for the resonant frequency f₀ in an LC circuit: f₀ = 1 / (2π√(LC)) = 100.66 Hz.",100.66,Hz
CH348,What is the resonant frequency of a circuit with L = 0.02 H and C = 150 µF?,"Step 1: Identify the given inductance (L) and capacitance (C) values from the question.
Step 2: Note the formula for the resonant frequency (f) of an LC circuit: f = 1 / (2π√(LC)).
Step 3: Convert the capacitance from microfarads (µF) to farads (F): C = 150 µF = 150 × 10⁻⁶ F.
Step 4: Substitute the given values L = 0.02 H and C = 150 × 10⁻⁶ F into the formula. Then, f = 91.89 Hz.",91.89,Hz
CH349,What capacitance should be chosen for the capacitor so that a circuit with L = 0.10 H resonates at f = 60 Hz?,"Step 1: Identify the given values from the question: Inductance (L) = 0.10 H and Resonant frequency (f) = 60 Hz.
Step 2: Recall the formula for resonant frequency in an LC circuit: f = 1 / (2π√(LC)).
Step 3: Rearrange the formula to solve for capacitance (C): C = 1 / ( (2πf)² × L ).
Step 4: Substitute the given values into the rearranged formula: C = 1 / ( (2 × π × 60 Hz)² × 0.10 H ) = 70.36 µF.",70.36,µF
CH350,Calculate C for a 0.20 H inductor to resonate at 50 Hz.,"Step 1: Identify the given values: inductance (L) = 0.20 H and resonant frequency (f) = 50 Hz. The quantity to find is capacitance (C).
Step 2: Recall the formula for the resonant frequency of an LC circuit: f = 1 / (2π√(LC)).
Step 3: Rearrange the formula to solve for C: C = 1 / (L × (2πf)²).
Step 4: Substitute the given values into the rearranged formula: C = 1 / (0.20 H × (2 × π × 50 Hz)²) = 50.66 µF.",50.66,µF
CH351,What capacitance C is needed for a 0.05 H inductor to resonate at 100 Hz?,"Step 1: Identify the given values from the question: Inductance (L) = 0.05 H and Resonance frequency (f) = 100 Hz.
Step 2: Recall the formula for the resonance frequency (f) in an LC circuit: f = 1 / (2 × π × √(L × C)).
Step 3: Rearrange the formula to solve for the capacitance (C): C = 1 / ( (2 × π × f)² × L ).
Step 4: Substitute the given values into the rearranged formula: C = 1 / ( (2 × π × 100 Hz)² × 0.05 H ) = 50.66 µF.",50.66,µF
CH352,L = 0.08 H. Determine C for f0 = 75 Hz.,"Step 1: Identify the given inductance (L) and resonance frequency (f0) from the question.
Step 2: Recall the formula for the resonance frequency (f0) of an LC circuit: f0 = 1 / (2π√(LC)).
Step 3: Rearrange the formula to solve for the capacitance (C): C = 1 / (L × (2πf0)²).
Step 4: Substitute the given values L = 0.08 H and f0 = 75 Hz into the rearranged formula. Then, C = 56.29 µF.",56.28,µF
CH353,Calculate C for L = 0.15 H resonating at 40 Hz.,"Step 1: Identify the given values: inductance (L) = 0.15 H and resonant frequency (f) = 40 Hz. The quantity to be calculated is capacitance (C).
Step 2: Recall the formula for the resonant frequency of an LC circuit, which is f = 1 / (2π√(LC)).
Step 3: Rearrange the formula to solve for capacitance (C): C = 1 / ((2πf)²L).
Step 4: Substitute the given values into the rearranged formula: C = 1 / ((2 × π × 40 Hz)² × 0.15 H) = 105.54 µF.",105.54,µF
CH354,What capacitance C is needed for a 0.12 H inductor to resonate at 90 Hz?,"Step 1: Identify the given values from the question.
Step 2: State the formula for the resonant frequency (f) of an LC circuit, which is f = 1 / (2π√(LC)).
Step 3: Rearrange the formula to solve for the capacitance C: C = 1 / (4π² f² L).
Step 4: Substitute the given values: L = 0.12 H and f = 90 Hz into the rearranged formula. Then, C = 26.06 µF.",26.06,µF
CH355,"L = 0.25 H. If it resonates at 25 Hz, what is C?","Step 1: Identify the given values: Inductance (L) = 0.25 H and resonance frequency (f) = 25 Hz.
Step 2: Recall the formula for the resonance frequency in an LC circuit: f = 1 / (2π√(LC)).
Step 3: Rearrange the formula to solve for capacitance (C): C = 1 / (L × (2πf)²).
Step 4: Substitute the given values into the rearranged formula: C = 1 / (0.25 H × (2 × π × 25 Hz)²) = 162.11 µF.",162.11,µF
CH356,What capacitor is needed for a 0.02 H inductor to resonate at 120 Hz?,"Step 1: Identify the given values from the question: Inductance (L) = 0.02 H, Resonant frequency (f) = 120 Hz.
Step 2: The formula for resonant frequency (f) in an LC circuit is f = 1 / (2π√(LC)).
Step 3: Rearrange the formula to solve for capacitance (C): C = 1 / (4π²Lf²).
Step 4: Substitute the given values into the formula: C = 1 / (4π² × 0.02 H × (120 Hz)²) = 87.95 µF.",87.94,µF
CH357,"At resonance, U = 120 V, R = 40 Ω. What is the effective current I?","Step 1: Identify the given voltage U and resistance R from the question.
Step 2: At resonance, the total impedance (Z) of the circuit is equal to the resistance (R).
Step 3: Apply Ohm's Law, which states that effective current I = U / Z.
Step 4: Substitute Z = R into Ohm's Law, so I = U / R = 3 A.",3.00,A
CH358,"Given U = 150 V, R = 50 Ω at resonance. Calculate I.","Step 1: Identify the given voltage (U) and resistance (R).
Step 2: At resonance, the total impedance (Z) of the circuit is equal to the resistance (R).
Step 3: Use Ohm's Law for the circuit, I = U / Z.
Step 4: Substitute the values: I = 150 V / 50 Ω = 3 A.",3.00,A
CH359,"At resonance, U = 200 V, R = 60 Ω. What is the value of I?","Step 1: Identify the given values from the question. The voltage (U) is 200 V, and the resistance (R) is 60 Ω.
Step 2: Recall Ohm's Law, which states that current (I) is equal to voltage (U) divided by resistance (R): I = U / R. At resonance, the circuit behaves purely resistively, so this formula is directly applicable.
Step 3: Substitute the given values into the formula: I = 200 V / 60 Ω.
Step 4: Calculate the current: I = 3.33 A (approximately).",3.33,A
CH360,"At resonance with U = 100 V, R = 25 Ω, what is I?","Step 1: Identify the given values: Voltage U = 100 V and Resistance R = 25 Ω.
Step 2: At resonance, the impedance (Z) of the circuit is equal to the resistance (R). So, Z = R = 25 Ω.
Step 3: Apply Ohm's Law for AC circuits, which states that Current I = Voltage U / Impedance Z.
Step 4: Substitute the values: I = 100 V / 25 Ω = 4 A.",4.00,A
CH361,"Given U = 180 V, R = 30 Ω, and the circuit is at resonance. Calculate I.","Step 1: Identify the given values: Voltage (U) = 180 V and Resistance (R) = 30 Ω.
Step 2: Note that the problem states the circuit is at resonance.
Step 3: At resonance, for a simple AC circuit with resistance, the total impedance (Z) of the circuit is equal to its resistance (R).
Step 4: Therefore, Z = 30 Ω. Then, I = 6 A.",6.00,A
CH362,"At resonance, a 90 V source is connected to R = 15 Ω. Calculate the current I.","Step 1: Identify the given voltage of the source, V = 90 V.
Step 2: Identify the given resistance, R = 15 Ω.
Step 3: Since the circuit is at resonance, the total impedance is equal to the resistance, so Z = R = 15 Ω.
Step 4: Use Ohm's Law, I = V / Z, to calculate the current. Then, I = 6 A.",6.00,A
CH363,"U = 220 V, R = 44 Ω, resonant circuit. What is I?","Step 1: Identify the given voltage (U) and resistance (R).
Step 2: In a resonant circuit, the total impedance (Z) is equal to the resistance (R).
Step 3: Apply Ohm's Law, I = U / Z, which simplifies to I = U / R at resonance.
Step 4: Calculate the current: I = 220 V / 44 Ω = 5 A.",5.00,A
CH364,"At resonance, with U = 75 V and R = 25 Ω, what is the RMS current (I)?","Step 1: The problem provides the RMS voltage U = 75 V and the resistance R = 25 Ω.
Step 2: The circuit is operating at resonance.
Step 3: At resonance in a series RLC circuit, the total impedance (Z) of the circuit is equal to the resistance (R). So, Z = R = 25 Ω.
Step 4: The RMS current (I) in an AC circuit is given by Ohm's Law: I = U / Z = 3 A.",3.00,A
CH365,"Given U = 120 V, R = 40 Ω, L = 0.10 H, C = 50 µF at resonance. Calculate UL (voltage across L).","Step 1: Identify the resonance state
When the circuit reaches resonance (Z_L = Z_C), the current in the circuit reaches its maximum value and is calculated as I_max = U / R = 120 / 40 = 3 A.
Step 2: Calculate the resonance angular frequency (ω₀)
The angular frequency at resonance is determined by the formula ω₀ = 1 / √(LC) = 1 / √(0.10 × 50 × 10⁻⁶) = 1 / √(5 × 10⁻⁶) ≈ 447.21 rad/s.
Step 3: Calculate the inductive reactance (Z_L)
At this frequency, the inductive reactance of the coil is Z_L = ω₀ × L = 447.21 × 0.10 = 44.72 Ω.
Step 4: Calculate the voltage across the inductor (U_L)
The RMS voltage across the inductor terminals is calculated as U_L = I_max × Z_L = 3 × 44.72 = 134.16 V.",134.16,V
CH366,"Given: U = 150 V, R = 50 Ω, L = 0.20 H, C = 80 µF (at resonance). What is the value of U_L?","Step 1: Calculate the maximum current
When the circuit reaches resonance (Z_L = Z_C), the total impedance equals the resistance R. The RMS current in the circuit is I = U / R = 150 / 50 = 3 A.
Step 2: Calculate the resonance angular frequency (ω₀)
The angular frequency at resonance is determined by the formula ω₀ = 1 / √(LC) = 1 / √(0.20 × 80 × 10⁻⁶) = 1 / √(16 × 10⁻⁶) = 250 rad/s.
Step 3: Calculate the inductive reactance (Z_L)
At this frequency, the inductive reactance of the coil is Z_L = ω₀ × L = 250 × 0.20 = 50 Ω.
Step 4: Calculate the voltage across the inductor (U_L)
The RMS voltage across the inductor terminals is calculated using Ohm’s law: U_L = I × Z_L = 3 × 50 = 150 V.",150,V
CH367,"At resonance: U = 200 V, R = 60 Ω, L = 0.05 H, C = 40 µF. What is UL?","Step 1: Calculate the maximum current
In the resonance state (Z_L = Z_C), the total impedance of the circuit reaches its minimum value and equals exactly the resistance R. The RMS current is I = U / R = 200 / 60 = 10/3 ≈ 3.33 A.
Step 2: Calculate the resonance angular frequency (ω₀)
The angular frequency at resonance is determined by the formula ω₀ = 1 / √(LC) = 1 / √(0.05 × 40 × 10⁻⁶) = 1 / √(2 × 10⁻⁶) rad/s.
Step 3: Calculate the inductive reactance (Z_L)
At this frequency, the inductive reactance of the coil is Z_L = ω₀ × L.
Step 4: Calculate the voltage across the inductor (U_L)
The RMS voltage across the inductor terminals is calculated using Ohm’s law: U_L = I × Z_L  ≈ 117.85 V.",117.85,V
CH368,"A series RLC circuit is in resonance with a source voltage U = 100 V, resistance R = 25 Ω, inductance L = 0.08 H, and capacitance C = 100 µF. Calculate the voltage across the inductor (UL).","Step 1: Calculate the RMS current (I)
When the circuit is at resonance, the total impedance Z = R. The current in the circuit is I = U / R = 100 / 25 = 4 A.
Step 2: Calculate the resonance angular frequency (ω₀)
The angular frequency is calculated using the formula ω₀ = 1 / √(LC) = 1 / √(0.08 × 100 × 10⁻⁶) = 1 / √(8 × 10⁻⁶) = 1 / (√8 × 10⁻³) = 1000 / √8 rad/s.
Step 3: Calculate the inductive reactance (Z_L)
At resonance, the inductive reactance of the coil is Z_L = ω₀ × L = (1000 / √8) × 0.08 = 80 / √8 = 80 / (2√2) = 40 / √2 = 20√2 Ω.
Step 4: Calculate the voltage across the inductor (U_L)
The RMS voltage across the inductor terminals is calculated using Ohm’s law: U_L = I × Z_L = 4 × 20√2 = 113.14 V.",113.14,V
CH369,"U = 180 V, R = 30 Ω, L = 0.12 H, C = 30 µF, resonance. UL?","Step 1: Calculate the RMS current (I)
When the circuit reaches resonance (Z_L = Z_C), the total impedance reaches its minimum value and equals exactly the resistance R. The RMS current is I = U / R = 180 / 30 = 6 A.
Step 2: Calculate the resonance angular frequency (ω₀)
The angular frequency at resonance is determined by the formula ω₀ = 1 / √(LC) = 1 / √(0.12 × 30 × 10⁻⁶) = 1 / √(3.6 × 10⁻⁶) = 1 / √(36 × 10⁻⁷) rad/s.
For easier calculation: ω₀ = 10³ / √3.6 = 1000 / (6 / √10) = (1000√10) / 6 = (500√10) / 3 rad/s.
Step 3: Calculate the inductive reactance (Z_L)
At this frequency, the inductive reactance of the coil is Z_L = ω₀ × L = (500√10 / 3) × 0.12 = 500√10 × 0.04 = 20√10 Ω.
Step 4: Calculate the voltage across the inductor (U_L)
The RMS voltage across the inductor terminals is calculated using Ohm’s law: U_L = I × Z_L = 6 × 20√10 = 379.47 V.",379.47,V
CH370,"At resonance, U = 90 V, R = 15 Ω, L = 0.25 H, C = 10 µF. Calculate UL.","Step 1: Calculate the RMS current (I)
When the circuit reaches resonance (Z_L = Z_C), the total impedance reaches its minimum value and equals exactly the resistance R. The RMS current in the circuit is I = U / R = 90 / 15 = 6 A.
Step 2: Calculate the resonance angular frequency (ω₀)
The angular frequency at resonance is determined by the formula ω₀ = 1 / √(LC) = 1 / √(0.25 × 10 × 10⁻⁶) = 1 / √(2.5 × 10⁻⁶) = 10³ / √2.5 rad/s.
To simplify the expression: ω₀ = 1000 / √(10/4) = 1000 × 2 / √10 = 2000 / √10 = 200√10 rad/s.
Step 3: Calculate the inductive reactance (Z_L)
At this frequency, the inductive reactance of the coil is Z_L = ω₀ × L = 200√10 × 0.25 = 948.68 Ω.",948.68,V
CH371,"Given L = 0.10 H, C = 50 µF, R = 40 Ω. Calculate the quality factor Q.","Step 1: Identify the given values: Inductance L = 0.10 H, Capacitance C = 50 µF, and Resistance R = 40 Ω.
Step 2: Convert capacitance to Farads: C = 50 × 10⁻⁶ F.
Step 3: State the formula for the quality factor (Q) of a series RLC circuit: Q = (1/R) × √(L/C).
Step 4: Substitute the given values into the formula: Q = (1/40) × √(0.10 / (50 × 10⁻⁶)) = 1.12.",1.12,
CH372,"Given L = 0.20 H, C = 80 µF, R = 50 Ω, determine Q.","Step 1: Identify the given values for inductance (L), capacitance (C), and resistance (R).
Step 2: Recognize that ""Q"" in the context of an RLC circuit typically refers to the Quality Factor.
Step 3: Recall the formula for the Quality Factor (Q) of a series RLC circuit: Q = (1/R) × √(L/C).
Step 4: Convert the capacitance to farads: C = 80 µF = 80 × 10⁻⁶ F. Substitute the given values into the formula: Q = 1.",1.00,
CH373,"L = 0.05 H, C = 40 µF, R = 20 Ω. What is the value of Q?","Step 1: Identify the given values from the question.
Step 2: Recall the formula for the Quality Factor (Q) of an RLC circuit, which is Q = (1/R) × √(L/C).
Step 3: Convert the capacitance to Farads: C = 40 µF = 40 × 10^-6 F.
Step 4: Substitute the given values into the formula: Q = (1/20 Ω) × √(0.05 H / (40 × 10^-6 F)) = 1.77.",1.77,
CH374,"For a circuit with L = 0.12 H, C = 30 µF, and R = 30 Ω, calculate the quality factor (Q).","Step 1: Identify the given values for inductance (L), capacitance (C), and resistance (R).
Step 2: Convert the capacitance from microfarads (µF) to farads (F).
Step 3: State the formula for the quality factor (Q) of an RLC circuit: Q = (1/R) × √(L/C).
Step 4: Substitute the given values into the formula. Then, Q = 2.11",2.11,
CH375,"At resonance, U = 120 V and R = 40 Ω. What is the power P consumed by the circuit?","Step 1: Identify the given values: Voltage U = 120 V and Resistance R = 40 Ω.
Step 2: Recall the formula for power P in a resistive circuit: P = U² / R.
Step 3: Substitute the given values into the formula: P = (120 V)² / 40 Ω.
Step 4: Calculate the square of the voltage: P = 360 W.",360,W
CH376,"U = 150 V, R = 50 Ω at resonance. Calculate P.","Step 1: At resonance, for an RLC circuit, the impedance (Z) is equal to the resistance (R).
Step 2: The power (P) dissipated in a purely resistive circuit can be calculated using the formula P = U² / R.
Step 3: Substitute the given values U = 150 V and R = 50 Ω into the formula: P = (150 V)² / 50 Ω = 22500 V² / 50 Ω.
Step 4: The power P = 450 W.",450,W
CH377,"At resonance, with U = 200 V and R = 25 Ω, calculate the power P.","Step 1: Identify the given values from the question: U = 200 V and R = 25 Ω.
Step 2: At resonance in an AC circuit, the total impedance Z is equal to the resistance R.
Step 3: The formula for average power P in an AC circuit, especially at resonance where the power factor is 1, is P = U² / R.
Step 4: Substitute the given values into the power formula: P = (200 V)² / 25 Ω = 1600 W.",1600,W
CH378,A voltage U = 100 V is applied across a resistor R = 20 Ω at resonance. What is the power consumed (P)?,"Step 1: Identify the given values from the question: Voltage U = 100 V and Resistance R = 20 Ω.
Step 2: Identify the quantity to be calculated: Power consumed (P).
Step 3: The power consumed by a resistor can be calculated using the formula P = U² / R. The condition ""at resonance"" implies that the circuit behaves purely resistively, and the given voltage is applied across the resistor.
Step 4: Substitute the given values into the formula: P = (100 V)² / 20 Ω = 500 W.",500,W
CH379,"A circuit has R = 50 Ω, XL = 60 Ω, XC = 30 Ω (not in resonance). Calculate the total impedance Z.","Step 1: Identify the given resistance R and reactances XL and XC from the question.
Step 2: Recall the formula for the total impedance Z of a series RLC circuit: Z = √[R² + (XL - XC)²].
Step 3: Calculate the difference between the inductive reactance XL and the capacitive reactance XC.
Step 4: Substitute the values of R and (XL - XC) into the impedance formula. Then, Z = 58.31 Ω.",58.31,Ω
CH380,"A circuit has R = 30 Ω, XL = 40 Ω, XC = 70 Ω. What is the total impedance Z?","Step 1: Identify the given values: resistance R = 30 Ω, inductive reactance XL = 40 Ω, and capacitive reactance XC = 70 Ω.
Step 2: Recall the formula for the total impedance Z in a series RLC circuit: Z = √(R² + (XL - XC)²).
Step 3: Calculate the net reactance (XL - XC): 40 Ω - 70 Ω = -30 Ω.
Step 4: Substitute the values into the impedance formula: Z = √((30 Ω)² + (-30 Ω)²) = 42.43 Ω .",42.43,Ω
